#VRML V2.0 utf8
# 3D model generated by easyeda2kicad.py (https://github.com/uPesy/easyeda2kicad.py)

Shape{
    appearance Appearance {
        material  Material 	{
            diffuseColor 0.0 0.0 0.0
            specularColor 0.0 0.0 0.0
            ambientIntensity 0.0
            transparency 0.0
            shininess 0.5
        }
    }
    geometry IndexedFaceSet {
        ccw TRUE
        solid FALSE
        coord DEF co Coordinate {
            point [
                0.4587 -0.4409 0.2264, -0.4587 -0.4409 0.2264, 0.4587 -0.4409 0.2165, -0.4587 -0.4409 0.2165, 0.4587 0.4409 0.2264, 0.4587 0.4409 0.2165, -0.4587 0.4409 0.2264, -0.4587 0.4409 0.2165, 0.3636 -0.2828 0.2264, 0.3675 -0.2923 0.2264, 0.3675 -0.3127 0.2264, 0.3636 -0.3222 0.2264, 0.3295 -0.2631 0.2264, 0.3397 -0.2645 0.2264, 0.3689 -0.3025 0.2264, 0.3573 -0.3303 0.2264, 0.3492 -0.3366 0.2264, 0.3397 -0.3405 0.2264, 0.3017 -0.3303 0.2264, 0.2954 -0.3222 0.2264, 0.2915 -0.3127 0.2264, 0.3492 -0.2684 0.2264, 0.3573 -0.2747 0.2264, 0.3295 -0.3419 0.2264, 0.3193 -0.3405 0.2264, 0.3098 -0.3366 0.2264, 0.2954 -0.2828 0.2264, 0.2915 -0.2923 0.2264, 0.2901 -0.3025 0.2264, 0.3017 -0.2747 0.2264, 0.3098 -0.2684 0.2264, 0.3193 -0.2645 0.2264
            ]
        }
        coordIndex [
            0,1,2,-1,2,1,3,-1,4,0,5,-1,5,0,2,-1,6,4,7,-1,7,4,5,-1,1,6,3,-1,3,6,7,-1,8,9,4,-1,10,11,0,-1,12,13,4,-1,4,9,0,-1,0,9,14,-1,0,14,10,-1,11,15,0,-1,0,15,16,-1,0,16,17,-1,18,19,1,-1,1,19,20,-1,13,21,4,-1,4,21,22,-1,4,22,8,-1,17,23,0,-1,0,23,24,-1,0,24,1,-1,1,24,25,-1,1,25,18,-1,26,6,27,-1,27,6,1,-1,27,1,28,-1,28,1,20,-1,26,29,6,-1,6,29,30,-1,6,30,4,-1,4,30,31,-1,4,31,12,-1,7,5,3,-1,3,5,2,-1,
        ]
    }
}
Shape{
    appearance Appearance {
        material  Material 	{
            diffuseColor 1.0 1.0 1.0
            specularColor 0.5019607843137255 0.5019607843137255 0.5019607843137255
            ambientIntensity 1.0
            transparency 0.0
            shininess 0.5
        }
    }
    geometry IndexedFaceSet {
        ccw TRUE
        solid FALSE
        coord DEF co Coordinate {
            point [
                0.3689 -0.3025 0.2224, 0.3689 -0.3025 0.2264, 0.3675 -0.2923 0.2224, 0.3675 -0.2923 0.2264, 0.3636 -0.2828 0.2224, 0.3636 -0.2828 0.2264, 0.3573 -0.2747 0.2224, 0.3573 -0.2747 0.2264, 0.3492 -0.2684 0.2224, 0.3492 -0.2684 0.2264, 0.3397 -0.2645 0.2224, 0.3397 -0.2645 0.2264, 0.3295 -0.2631 0.2224, 0.3295 -0.2631 0.2264, 0.3193 -0.2645 0.2224, 0.3193 -0.2645 0.2264, 0.3098 -0.2684 0.2224, 0.3098 -0.2684 0.2264, 0.3017 -0.2747 0.2224, 0.3017 -0.2747 0.2264, 0.2954 -0.2828 0.2224, 0.2954 -0.2828 0.2264, 0.2915 -0.2923 0.2224, 0.2915 -0.2923 0.2264, 0.2901 -0.3025 0.2224, 0.2901 -0.3025 0.2264, 0.2915 -0.3127 0.2224, 0.2915 -0.3127 0.2264, 0.2954 -0.3222 0.2224, 0.2954 -0.3222 0.2264, 0.3017 -0.3303 0.2224, 0.3017 -0.3303 0.2264, 0.3098 -0.3366 0.2224, 0.3098 -0.3366 0.2264, 0.3193 -0.3405 0.2224, 0.3193 -0.3405 0.2264, 0.3295 -0.3419 0.2224, 0.3295 -0.3419 0.2264, 0.3397 -0.3405 0.2224, 0.3397 -0.3405 0.2264, 0.3492 -0.3366 0.2224, 0.3492 -0.3366 0.2264, 0.3573 -0.3303 0.2224, 0.3573 -0.3303 0.2264, 0.3636 -0.3222 0.2224, 0.3636 -0.3222 0.2264, 0.3675 -0.3127 0.2224, 0.3675 -0.3127 0.2264, 0.3295 -0.3025 0.2224
            ]
        }
        coordIndex [
            0,1,2,-1,2,1,3,-1,2,3,4,-1,4,3,5,-1,4,5,6,-1,6,5,7,-1,6,7,8,-1,8,7,9,-1,8,9,10,-1,10,9,11,-1,10,11,12,-1,12,11,13,-1,12,13,14,-1,14,13,15,-1,14,15,16,-1,16,15,17,-1,16,17,18,-1,18,17,19,-1,18,19,20,-1,20,19,21,-1,20,21,22,-1,22,21,23,-1,22,23,24,-1,24,23,25,-1,24,25,26,-1,26,25,27,-1,26,27,28,-1,28,27,29,-1,28,29,30,-1,30,29,31,-1,30,31,32,-1,32,31,33,-1,32,33,34,-1,34,33,35,-1,34,35,36,-1,36,35,37,-1,36,37,38,-1,38,37,39,-1,38,39,40,-1,40,39,41,-1,40,41,42,-1,42,41,43,-1,42,43,44,-1,44,43,45,-1,44,45,46,-1,46,45,47,-1,46,47,0,-1,0,47,1,-1,44,46,48,-1,48,46,0,-1,48,0,2,-1,38,40,48,-1,48,40,42,-1,48,42,44,-1,32,34,48,-1,48,34,36,-1,48,36,38,-1,26,28,48,-1,48,28,30,-1,48,30,32,-1,20,22,48,-1,48,22,24,-1,48,24,26,-1,14,16,48,-1,48,16,18,-1,48,18,20,-1,8,10,48,-1,48,10,12,-1,48,12,14,-1,2,4,48,-1,48,4,6,-1,48,6,8,-1,
        ]
    }
}
Shape{
    appearance Appearance {
        material  Material 	{
            diffuseColor 0.25098039215686274 0.25098039215686274 0.25098039215686274
            specularColor 0.12549019607843137 0.12549019607843137 0.12549019607843137
            ambientIntensity 0.251
            transparency 0.0
            shininess 0.5
        }
    }
    geometry IndexedFaceSet {
        ccw TRUE
        solid FALSE
        coord DEF co Coordinate {
            point [
                0.4587 0.2362 0.0669, 0.4587 0.4409 0.0669, 0.4587 0.4409 0.2165, 0.4587 -0.4409 0.2165, 0.4587 -0.4409 0.0669, 0.4587 -0.4023 0.0669, 0.4587 -0.2362 0.0669, 0.4587 -0.0787 0.0669, 0.4587 0.0787 0.0669, 0.2362 0.4409 0.0669, 0.0787 0.4409 0.0669, -0.4587 0.4409 0.2165, -0.0787 0.4409 0.0669, -0.2362 0.4409 0.0669, -0.4112 0.4409 0.0669, -0.4587 0.4409 0.0669, -0.4587 0.2362 0.0669, -0.4587 0.0787 0.0669, -0.4587 -0.4409 0.2165, -0.4587 -0.0787 0.0669, -0.4587 -0.2362 0.0669, -0.4587 -0.4023 0.0669, -0.4587 -0.4409 0.0669, 0.2362 -0.4409 0.0669, -0.4112 -0.4409 0.0669, -0.2362 -0.4409 0.0669, -0.0787 -0.4409 0.0669, 0.0787 -0.4409 0.0669, -0.203 0.1747 0.0669, -0.2058 0.1634 0.0669, -0.2362 0.2362 0.0669, -0.4112 -0.4023 0.0669, 0.2362 -0.4023 0.0669, 0.0787 -0.4023 0.0669, -0.0787 -0.4023 0.0669, -0.2362 -0.4023 0.0669, 0.3633 -0.3091 0.0669, 0.3605 -0.2977 0.0669, 0.2923 -0.2718 0.0669, 0.2827 -0.2785 0.0669, 0.2362 -0.2362 0.0669, 0.2749 -0.2873 0.0669, 0.2694 -0.3322 0.0669, 0.2749 -0.3426 0.0669, 0.2827 -0.3514 0.0669, 0.2923 -0.3581 0.0669, 0.355 -0.2873 0.0669, 0.3473 -0.2785 0.0669, 0.3376 -0.2718 0.0669, 0.3266 -0.2677 0.0669, 0.315 -0.2663 0.0669, 0.3033 -0.2677 0.0669, 0.2694 -0.2977 0.0669, 0.2666 -0.3091 0.0669, 0.2666 -0.3208 0.0669, 0.3266 -0.3622 0.0669, 0.315 -0.3637 0.0669, 0.3033 -0.3622 0.0669, 0.3376 -0.3581 0.0669, 0.3473 -0.3514 0.0669, 0.355 -0.3426 0.0669, 0.3605 -0.3322 0.0669, 0.3633 -0.3208 0.0669, 0.3637 -0.315 0.0669, 0.1691 -0.2677 0.0669, 0.1575 -0.2663 0.0669, 0.1348 -0.2718 0.0669, 0.1252 -0.2785 0.0669, 0.0787 -0.2362 0.0669, 0.1091 -0.3091 0.0669, 0.1091 -0.3208 0.0669, 0.1119 -0.3322 0.0669, 0.1174 -0.3426 0.0669, 0.1252 -0.3514 0.0669, 0.1348 -0.3581 0.0669, 0.203 -0.2977 0.0669, 0.1976 -0.2873 0.0669, 0.1458 -0.2677 0.0669, 0.1174 -0.2873 0.0669, 0.1119 -0.2977 0.0669, 0.1801 -0.3581 0.0669, 0.1898 -0.3514 0.0669, 0.1976 -0.3426 0.0669, 0.203 -0.3322 0.0669, 0.1458 -0.3622 0.0669, 0.1575 -0.3637 0.0669, 0.1691 -0.3622 0.0669, 0.1898 -0.2785 0.0669, 0.1801 -0.2718 0.0669, 0.2058 -0.3208 0.0669, 0.2062 -0.315 0.0669, 0.2058 -0.3091 0.0669, 0.0117 -0.2677 0.0669, 0.0 -0.2663 0.0669, -0.0226 -0.2718 0.0669, -0.0323 -0.2785 0.0669, -0.0787 -0.2362 0.0669, -0.0483 -0.3091 0.0669, -0.0483 -0.3208 0.0669, -0.0455 -0.3322 0.0669, -0.0401 -0.3426 0.0669, -0.0323 -0.3514 0.0669, -0.0226 -0.3581 0.0669, 0.0455 -0.2977 0.0669, 0.0401 -0.2873 0.0669, -0.0117 -0.2677 0.0669, -0.0401 -0.2873 0.0669, -0.0455 -0.2977 0.0669, -0.0117 -0.3622 0.0669, 0.0 -0.3637 0.0669, 0.0117 -0.3622 0.0669, 0.0226 -0.3581 0.0669, 0.0323 -0.3514 0.0669, 0.0401 -0.3426 0.0669, 0.0455 -0.3322 0.0669, 0.0323 -0.2785 0.0669, 0.0226 -0.2718 0.0669, 0.0483 -0.3208 0.0669, 0.0487 -0.315 0.0669, 0.0483 -0.3091 0.0669, -0.1119 -0.2977 0.0669, -0.1174 -0.2873 0.0669, -0.1691 -0.2677 0.0669, -0.2362 -0.2362 0.0669, -0.1575 -0.2663 0.0669, -0.1458 -0.2677 0.0669, -0.203 -0.3322 0.0669, -0.1976 -0.3426 0.0669, -0.1898 -0.3514 0.0669, -0.1801 -0.3581 0.0669, -0.1801 -0.2718 0.0669, -0.1898 -0.2785 0.0669, -0.1976 -0.2873 0.0669, -0.203 -0.2977 0.0669, -0.2058 -0.3091 0.0669, -0.2058 -0.3208 0.0669, -0.1691 -0.3622 0.0669, -0.1575 -0.3637 0.0669, -0.1458 -0.3622 0.0669, -0.1348 -0.3581 0.0669, -0.1252 -0.2785 0.0669, -0.1348 -0.2718 0.0669, -0.1252 -0.3514 0.0669, -0.1174 -0.3426 0.0669, -0.1119 -0.3322 0.0669, -0.1091 -0.3208 0.0669, -0.1088 -0.315 0.0669, -0.1091 -0.3091 0.0669, -0.3376 -0.2718 0.0669, -0.3473 -0.2785 0.0669, -0.4112 -0.2362 0.0669, -0.355 -0.2873 0.0669, -0.3605 -0.3322 0.0669, -0.355 -0.3426 0.0669, -0.3473 -0.3514 0.0669, -0.3376 -0.3581 0.0669, -0.3266 -0.3622 0.0669, -0.2694 -0.2977 0.0669, -0.2749 -0.2873 0.0669, -0.2827 -0.2785 0.0669, -0.2923 -0.2718 0.0669, -0.3033 -0.2677 0.0669, -0.315 -0.2663 0.0669, -0.3266 -0.2677 0.0669, -0.3605 -0.2977 0.0669, -0.3633 -0.3091 0.0669, -0.3633 -0.3208 0.0669, -0.315 -0.3637 0.0669, -0.3033 -0.3622 0.0669, -0.2923 -0.3581 0.0669, -0.2827 -0.3514 0.0669, -0.2749 -0.3426 0.0669, -0.2694 -0.3322 0.0669, -0.2666 -0.3208 0.0669, -0.2663 -0.315 0.0669, -0.2666 -0.3091 0.0669, 0.2749 -0.1298 0.0669, 0.2694 -0.1402 0.0669, 0.2362 -0.0787 0.0669, 0.2666 -0.1516 0.0669, 0.2666 -0.1634 0.0669, 0.2694 -0.1747 0.0669, 0.2749 -0.1851 0.0669, 0.2827 -0.1939 0.0669, 0.2923 -0.2006 0.0669, 0.315 -0.1088 0.0669, 0.3033 -0.1102 0.0669, 0.3033 -0.2048 0.0669, 0.315 -0.2062 0.0669, 0.3266 -0.2048 0.0669, 0.3376 -0.2006 0.0669, 0.3473 -0.1939 0.0669, 0.355 -0.1851 0.0669, 0.3605 -0.1747 0.0669, 0.2923 -0.1144 0.0669, 0.2827 -0.121 0.0669, 0.3376 -0.1144 0.0669, 0.3266 -0.1102 0.0669, 0.3633 -0.1634 0.0669, 0.3637 -0.1575 0.0669, 0.3633 -0.1516 0.0669, 0.3605 -0.1402 0.0669, 0.355 -0.1298 0.0669, 0.3473 -0.121 0.0669, 0.1252 -0.121 0.0669, 0.1174 -0.1298 0.0669, 0.0787 -0.0787 0.0669, 0.1348 -0.1144 0.0669, 0.1119 -0.1402 0.0669, 0.1091 -0.1516 0.0669, 0.1091 -0.1634 0.0669, 0.1119 -0.1747 0.0669, 0.1174 -0.1851 0.0669, 0.1252 -0.1939 0.0669, 0.1348 -0.2006 0.0669, 0.1458 -0.2048 0.0669, 0.1575 -0.2062 0.0669, 0.1691 -0.2048 0.0669, 0.1801 -0.2006 0.0669, 0.1898 -0.1939 0.0669, 0.1976 -0.1851 0.0669, 0.203 -0.1747 0.0669, 0.203 -0.1402 0.0669, 0.1976 -0.1298 0.0669, 0.1898 -0.121 0.0669, 0.1801 -0.1144 0.0669, 0.1691 -0.1102 0.0669, 0.1575 -0.1088 0.0669, 0.1458 -0.1102 0.0669, 0.2058 -0.1634 0.0669, 0.2062 -0.1575 0.0669, 0.2058 -0.1516 0.0669, -0.0323 -0.121 0.0669, -0.0401 -0.1298 0.0669, -0.0787 -0.0787 0.0669, -0.0455 -0.1747 0.0669, -0.0401 -0.1851 0.0669, -0.0323 -0.1939 0.0669, -0.0226 -0.2006 0.0669, -0.0226 -0.1144 0.0669, -0.0455 -0.1402 0.0669, -0.0483 -0.1516 0.0669, -0.0483 -0.1634 0.0669, -0.0117 -0.2048 0.0669, 0.0 -0.2062 0.0669, 0.0117 -0.2048 0.0669, 0.0226 -0.2006 0.0669, 0.0323 -0.1939 0.0669, 0.0401 -0.1851 0.0669, 0.0455 -0.1747 0.0669, 0.0455 -0.1402 0.0669, 0.0401 -0.1298 0.0669, 0.0323 -0.121 0.0669, 0.0226 -0.1144 0.0669, 0.0117 -0.1102 0.0669, 0.0 -0.1088 0.0669, -0.0117 -0.1102 0.0669, 0.0483 -0.1634 0.0669, 0.0487 -0.1575 0.0669, 0.0483 -0.1516 0.0669, -0.203 -0.1747 0.0669, -0.1976 -0.1851 0.0669, -0.1898 -0.1939 0.0669, -0.1801 -0.2006 0.0669, -0.1691 -0.2048 0.0669, -0.1575 -0.2062 0.0669, -0.1458 -0.2048 0.0669, -0.1348 -0.2006 0.0669, -0.1252 -0.1939 0.0669, -0.1174 -0.1851 0.0669, -0.1119 -0.1747 0.0669, -0.1801 -0.1144 0.0669, -0.1898 -0.121 0.0669, -0.2362 -0.0787 0.0669, -0.1976 -0.1298 0.0669, -0.1119 -0.1402 0.0669, -0.1174 -0.1298 0.0669, -0.1252 -0.121 0.0669, -0.1348 -0.1144 0.0669, -0.1458 -0.1102 0.0669, -0.1575 -0.1088 0.0669, -0.1691 -0.1102 0.0669, -0.203 -0.1402 0.0669, -0.2058 -0.1516 0.0669, -0.2058 -0.1634 0.0669, -0.1091 -0.1634 0.0669, -0.1088 -0.1575 0.0669, -0.1091 -0.1516 0.0669, -0.355 -0.1298 0.0669, -0.3605 -0.1402 0.0669, -0.4112 -0.0787 0.0669, -0.3633 -0.1516 0.0669, -0.3633 -0.1634 0.0669, -0.3605 -0.1747 0.0669, -0.355 -0.1851 0.0669, -0.3473 -0.1939 0.0669, -0.3376 -0.2006 0.0669, -0.315 -0.1088 0.0669, -0.3266 -0.1102 0.0669, -0.3266 -0.2048 0.0669, -0.315 -0.2062 0.0669, -0.3033 -0.2048 0.0669, -0.2923 -0.2006 0.0669, -0.2827 -0.1939 0.0669, -0.2749 -0.1851 0.0669, -0.2694 -0.1747 0.0669, -0.3376 -0.1144 0.0669, -0.3473 -0.121 0.0669, -0.2923 -0.1144 0.0669, -0.3033 -0.1102 0.0669, -0.2666 -0.1634 0.0669, -0.2663 -0.1575 0.0669, -0.2666 -0.1516 0.0669, -0.2694 -0.1402 0.0669, -0.2749 -0.1298 0.0669, -0.2827 -0.121 0.0669, 0.2923 0.0431 0.0669, 0.2827 0.0365 0.0669, 0.2362 0.0787 0.0669, 0.2749 0.0277 0.0669, 0.2694 0.0173 0.0669, 0.2666 0.0059 0.0669, 0.2666 -0.0059 0.0669, 0.3266 -0.0473 0.0669, 0.3376 -0.0431 0.0669, 0.3473 -0.0365 0.0669, 0.355 -0.0277 0.0669, 0.3605 -0.0173 0.0669, 0.2694 -0.0173 0.0669, 0.2749 -0.0277 0.0669, 0.2827 -0.0365 0.0669, 0.315 -0.0487 0.0669, 0.3605 0.0173 0.0669, 0.355 0.0277 0.0669, 0.3473 0.0365 0.0669, 0.3376 0.0431 0.0669, 0.2923 -0.0431 0.0669, 0.3033 -0.0473 0.0669, 0.3266 0.0473 0.0669, 0.315 0.0487 0.0669, 0.3033 0.0473 0.0669, 0.3633 -0.0059 0.0669, 0.3637 -0.0 0.0669, 0.3633 0.0059 0.0669, 0.1458 0.0473 0.0669, 0.1348 0.0431 0.0669, 0.0787 0.0787 0.0669, 0.1252 0.0365 0.0669, 0.1575 0.0487 0.0669, 0.1691 0.0473 0.0669, 0.1091 0.0059 0.0669, 0.1091 -0.0059 0.0669, 0.1119 -0.0173 0.0669, 0.1801 -0.0431 0.0669, 0.1898 -0.0365 0.0669, 0.1976 -0.0277 0.0669, 0.203 -0.0173 0.0669, 0.1174 0.0277 0.0669, 0.1119 0.0173 0.0669, 0.1174 -0.0277 0.0669, 0.1252 -0.0365 0.0669, 0.1348 -0.0431 0.0669, 0.203 0.0173 0.0669, 0.1976 0.0277 0.0669, 0.1458 -0.0473 0.0669, 0.1575 -0.0487 0.0669, 0.1691 -0.0473 0.0669, 0.1898 0.0365 0.0669, 0.1801 0.0431 0.0669, 0.2058 -0.0059 0.0669, 0.2062 -0.0 0.0669, 0.2058 0.0059 0.0669, -0.0117 0.0473 0.0669, -0.0787 0.0787 0.0669, 0.0 0.0487 0.0669, 0.0117 0.0473 0.0669, -0.0226 0.0431 0.0669, -0.0323 0.0365 0.0669, -0.0401 0.0277 0.0669, -0.0455 0.0173 0.0669, -0.0483 0.0059 0.0669, -0.0483 -0.0059 0.0669, -0.0455 -0.0173 0.0669, -0.0401 -0.0277 0.0669, -0.0323 -0.0365 0.0669, -0.0226 -0.0431 0.0669, 0.0226 -0.0431 0.0669, 0.0323 -0.0365 0.0669, 0.0401 -0.0277 0.0669, 0.0455 -0.0173 0.0669, -0.0117 -0.0473 0.0669, 0.0 -0.0487 0.0669, 0.0117 -0.0473 0.0669, 0.0455 0.0173 0.0669, 0.0401 0.0277 0.0669, 0.0323 0.0365 0.0669, 0.0226 0.0431 0.0669, 0.0483 -0.0059 0.0669, 0.0487 -0.0 0.0669, 0.0483 0.0059 0.0669, -0.2362 0.0787 0.0669, -0.2058 0.0059 0.0669, -0.2058 -0.0059 0.0669, -0.203 -0.0173 0.0669, -0.1801 0.0431 0.0669, -0.1898 0.0365 0.0669, -0.1119 0.0173 0.0669, -0.1174 0.0277 0.0669, -0.1252 0.0365 0.0669, -0.1348 0.0431 0.0669, -0.1976 0.0277 0.0669, -0.203 0.0173 0.0669, -0.1976 -0.0277 0.0669, -0.1898 -0.0365 0.0669, -0.1801 -0.0431 0.0669, -0.1348 -0.0431 0.0669, -0.1252 -0.0365 0.0669, -0.1174 -0.0277 0.0669, -0.1119 -0.0173 0.0669, -0.1458 0.0473 0.0669, -0.1575 0.0487 0.0669, -0.1691 0.0473 0.0669, -0.1691 -0.0473 0.0669, -0.1575 -0.0487 0.0669, -0.1458 -0.0473 0.0669, -0.1091 -0.0059 0.0669, -0.1088 -0.0 0.0669, -0.1091 0.0059 0.0669, -0.3376 0.0431 0.0669, -0.3473 0.0365 0.0669, -0.4112 0.0787 0.0669, -0.355 0.0277 0.0669, -0.3605 0.0173 0.0669, -0.3633 0.0059 0.0669, -0.3633 -0.0059 0.0669, -0.3033 -0.0473 0.0669, -0.2923 -0.0431 0.0669, -0.315 -0.0487 0.0669, -0.2827 -0.0365 0.0669, -0.2749 -0.0277 0.0669, -0.2694 -0.0173 0.0669, -0.3605 -0.0173 0.0669, -0.355 -0.0277 0.0669, -0.3473 -0.0365 0.0669, -0.2694 0.0173 0.0669, -0.2749 0.0277 0.0669, -0.2827 0.0365 0.0669, -0.2923 0.0431 0.0669, -0.3376 -0.0431 0.0669, -0.3266 -0.0473 0.0669, -0.3033 0.0473 0.0669, -0.315 0.0487 0.0669, -0.3266 0.0473 0.0669, -0.2666 -0.0059 0.0669, -0.2663 -0.0 0.0669, -0.2666 0.0059 0.0669, 0.2362 0.2362 0.0669, 0.2923 0.2006 0.0669, 0.2827 0.1939 0.0669, 0.2666 0.1634 0.0669, 0.2666 0.1516 0.0669, 0.2694 0.1402 0.0669, 0.2749 0.1851 0.0669, 0.2694 0.1747 0.0669, 0.2749 0.1298 0.0669, 0.2827 0.121 0.0669, 0.2923 0.1144 0.0669, 0.3376 0.1144 0.0669, 0.3473 0.121 0.0669, 0.355 0.1298 0.0669, 0.3605 0.1402 0.0669, 0.3033 0.1102 0.0669, 0.315 0.1088 0.0669, 0.3266 0.1102 0.0669, 0.3605 0.1747 0.0669, 0.355 0.1851 0.0669, 0.3473 0.1939 0.0669, 0.3376 0.2006 0.0669, 0.3266 0.2048 0.0669, 0.315 0.2062 0.0669, 0.3033 0.2048 0.0669, 0.3633 0.1516 0.0669, 0.3637 0.1575 0.0669, 0.3633 0.1634 0.0669, 0.1458 0.2048 0.0669, 0.1348 0.2006 0.0669, 0.0787 0.2362 0.0669, 0.1252 0.1939 0.0669, 0.1174 0.1851 0.0669, 0.1575 0.2062 0.0669, 0.1691 0.2048 0.0669, 0.1119 0.1747 0.0669, 0.1091 0.1634 0.0669, 0.1091 0.1516 0.0669, 0.1119 0.1402 0.0669, 0.1174 0.1298 0.0669, 0.1252 0.121 0.0669, 0.1348 0.1144 0.0669, 0.1801 0.1144 0.0669, 0.1898 0.121 0.0669, 0.1976 0.1298 0.0669, 0.203 0.1402 0.0669, 0.203 0.1747 0.0669, 0.1976 0.1851 0.0669, 0.1458 0.1102 0.0669, 0.1575 0.1088 0.0669, 0.1691 0.1102 0.0669, 0.1898 0.1939 0.0669, 0.1801 0.2006 0.0669, 0.2058 0.1516 0.0669, 0.2062 0.1575 0.0669, 0.2058 0.1634 0.0669, -0.0117 0.2048 0.0669, -0.0226 0.2006 0.0669, -0.0787 0.2362 0.0669, -0.0323 0.1939 0.0669, -0.0401 0.1851 0.0669, 0.0 0.2062 0.0669, 0.0117 0.2048 0.0669, 0.0455 0.1747 0.0669, 0.0401 0.1851 0.0669, -0.0455 0.1747 0.0669, -0.0483 0.1634 0.0669, -0.0483 0.1516 0.0669, -0.0455 0.1402 0.0669, 0.0323 0.1939 0.0669, 0.0226 0.2006 0.0669, -0.0401 0.1298 0.0669, -0.0323 0.121 0.0669, -0.0226 0.1144 0.0669, 0.0226 0.1144 0.0669, 0.0323 0.121 0.0669, 0.0401 0.1298 0.0669, 0.0455 0.1402 0.0669, -0.0117 0.1102 0.0669, 0.0 0.1088 0.0669, 0.0117 0.1102 0.0669, 0.0483 0.1516 0.0669, 0.0487 0.1575 0.0669, 0.0483 0.1634 0.0669, -0.1691 0.2048 0.0669, -0.1801 0.2006 0.0669, -0.2058 0.1516 0.0669, -0.203 0.1402 0.0669, -0.1898 0.1939 0.0669, -0.1976 0.1851 0.0669, -0.1575 0.2062 0.0669, -0.1458 0.2048 0.0669, -0.1119 0.1747 0.0669, -0.1174 0.1851 0.0669, -0.1252 0.1939 0.0669, -0.1348 0.2006 0.0669, -0.1976 0.1298 0.0669, -0.1898 0.121 0.0669, -0.1801 0.1144 0.0669, -0.1691 0.1102 0.0669, -0.1575 0.1088 0.0669, -0.1458 0.1102 0.0669, -0.1348 0.1144 0.0669, -0.1252 0.121 0.0669, -0.1174 0.1298 0.0669, -0.1119 0.1402 0.0669, -0.1091 0.1516 0.0669, -0.1088 0.1575 0.0669, -0.1091 0.1634 0.0669, -0.4112 0.2362 0.0669, -0.3376 0.2006 0.0669, -0.3473 0.1939 0.0669, -0.3633 0.1634 0.0669, -0.3633 0.1516 0.0669, -0.3605 0.1402 0.0669, -0.355 0.1851 0.0669, -0.3605 0.1747 0.0669, -0.355 0.1298 0.0669, -0.3473 0.121 0.0669, -0.3376 0.1144 0.0669, -0.2923 0.1144 0.0669, -0.2827 0.121 0.0669, -0.2749 0.1298 0.0669, -0.2694 0.1402 0.0669, -0.3266 0.1102 0.0669, -0.315 0.1088 0.0669, -0.3033 0.1102 0.0669, -0.2923 0.2006 0.0669, -0.3033 0.2048 0.0669, -0.315 0.2062 0.0669, -0.3266 0.2048 0.0669, -0.2694 0.1747 0.0669, -0.2749 0.1851 0.0669, -0.2827 0.1939 0.0669, -0.2666 0.1516 0.0669, -0.2663 0.1575 0.0669, -0.2666 0.1634 0.0669, 0.3033 0.3622 0.0669, 0.2923 0.3581 0.0669, 0.2827 0.3514 0.0669, 0.2749 0.3426 0.0669, 0.2694 0.2977 0.0669, 0.2749 0.2873 0.0669, 0.2827 0.2785 0.0669, 0.2923 0.2718 0.0669, 0.3473 0.3514 0.0669, 0.355 0.3426 0.0669, 0.3605 0.3322 0.0669, 0.3376 0.3581 0.0669, 0.3266 0.3622 0.0669, 0.315 0.3637 0.0669, 0.2694 0.3322 0.0669, 0.2666 0.3208 0.0669, 0.2666 0.3091 0.0669, 0.3033 0.2677 0.0669, 0.315 0.2663 0.0669, 0.3266 0.2677 0.0669, 0.3376 0.2718 0.0669, 0.3473 0.2785 0.0669, 0.355 0.2873 0.0669, 0.3605 0.2977 0.0669, 0.3633 0.3091 0.0669, 0.3637 0.315 0.0669, 0.3633 0.3208 0.0669, 0.1691 0.3622 0.0669, 0.1575 0.3637 0.0669, 0.1348 0.3581 0.0669, 0.1252 0.3514 0.0669, 0.1091 0.3208 0.0669, 0.1091 0.3091 0.0669, 0.1119 0.2977 0.0669, 0.1174 0.2873 0.0669, 0.1252 0.2785 0.0669, 0.1348 0.2718 0.0669, 0.203 0.3322 0.0669, 0.1976 0.3426 0.0669, 0.1458 0.3622 0.0669, 0.1174 0.3426 0.0669, 0.1119 0.3322 0.0669, 0.1801 0.2718 0.0669, 0.1898 0.2785 0.0669, 0.1976 0.2873 0.0669, 0.203 0.2977 0.0669, 0.1458 0.2677 0.0669, 0.1575 0.2663 0.0669, 0.1691 0.2677 0.0669, 0.1898 0.3514 0.0669, 0.1801 0.3581 0.0669, 0.2058 0.3091 0.0669, 0.2062 0.315 0.0669, 0.2058 0.3208 0.0669, 0.0117 0.3622 0.0669, 0.0 0.3637 0.0669, -0.0226 0.3581 0.0669, -0.0323 0.3514 0.0669, -0.0483 0.3208 0.0669, -0.0483 0.3091 0.0669, -0.0455 0.2977 0.0669, -0.0401 0.2873 0.0669, -0.0323 0.2785 0.0669, -0.0226 0.2718 0.0669, 0.0455 0.3322 0.0669, 0.0401 0.3426 0.0669, -0.0117 0.3622 0.0669, -0.0401 0.3426 0.0669, -0.0455 0.3322 0.0669, -0.0117 0.2677 0.0669, 0.0 0.2663 0.0669, 0.0117 0.2677 0.0669, 0.0226 0.2718 0.0669, 0.0323 0.2785 0.0669, 0.0401 0.2873 0.0669, 0.0455 0.2977 0.0669, 0.0323 0.3514 0.0669, 0.0226 0.3581 0.0669, 0.0483 0.3091 0.0669, 0.0487 0.315 0.0669, 0.0483 0.3208 0.0669, -0.1119 0.3322 0.0669, -0.1174 0.3426 0.0669, -0.1691 0.3622 0.0669, -0.1575 0.3637 0.0669, -0.1458 0.3622 0.0669, -0.203 0.2977 0.0669, -0.1976 0.2873 0.0669, -0.1898 0.2785 0.0669, -0.1801 0.2718 0.0669, -0.1801 0.3581 0.0669, -0.1898 0.3514 0.0669, -0.1976 0.3426 0.0669, -0.203 0.3322 0.0669, -0.2058 0.3208 0.0669, -0.2058 0.3091 0.0669, -0.1691 0.2677 0.0669, -0.1575 0.2663 0.0669, -0.1458 0.2677 0.0669, -0.1348 0.2718 0.0669, -0.1252 0.3514 0.0669, -0.1348 0.3581 0.0669, -0.1252 0.2785 0.0669, -0.1174 0.2873 0.0669, -0.1119 0.2977 0.0669, -0.1091 0.3091 0.0669, -0.1088 0.315 0.0669, -0.1091 0.3208 0.0669, -0.3376 0.3581 0.0669, -0.3473 0.3514 0.0669, -0.355 0.3426 0.0669, -0.3605 0.2977 0.0669, -0.355 0.2873 0.0669, -0.3473 0.2785 0.0669, -0.3376 0.2718 0.0669, -0.2694 0.3322 0.0669, -0.2749 0.3426 0.0669, -0.2827 0.3514 0.0669, -0.2923 0.3581 0.0669, -0.3033 0.3622 0.0669, -0.315 0.3637 0.0669, -0.3266 0.3622 0.0669, -0.3605 0.3322 0.0669, -0.3633 0.3208 0.0669, -0.3633 0.3091 0.0669, -0.3266 0.2677 0.0669, -0.315 0.2663 0.0669, -0.3033 0.2677 0.0669, -0.2923 0.2718 0.0669, -0.2827 0.2785 0.0669, -0.2749 0.2873 0.0669, -0.2694 0.2977 0.0669, -0.2666 0.3091 0.0669, -0.2663 0.315 0.0669, -0.2666 0.3208 0.0669
            ]
        }
        coordIndex [
            0,1,2,-1,3,4,5,-1,5,6,3,-1,3,6,7,-1,3,7,2,-1,2,7,8,-1,2,8,0,-1,1,9,2,-1,2,9,10,-1,2,10,11,-1,11,10,12,-1,12,13,11,-1,11,13,14,-1,11,14,15,-1,15,16,11,-1,11,16,17,-1,11,17,18,-1,18,17,19,-1,19,20,18,-1,18,20,21,-1,18,21,22,-1,23,4,3,-1,18,22,24,-1,24,25,18,-1,18,25,26,-1,18,26,3,-1,3,26,27,-1,3,27,23,-1,11,18,2,-1,2,18,3,-1,28,29,30,-1,24,22,21,-1,25,24,31,-1,5,4,32,-1,32,4,23,-1,32,23,33,-1,33,23,27,-1,33,27,34,-1,34,27,26,-1,34,26,35,-1,36,37,6,-1,38,39,40,-1,40,39,41,-1,42,43,32,-1,32,43,44,-1,32,44,45,-1,37,46,6,-1,6,46,47,-1,6,47,48,-1,48,49,6,-1,6,49,50,-1,6,50,40,-1,40,50,51,-1,40,51,38,-1,41,52,40,-1,40,52,53,-1,40,53,32,-1,32,53,54,-1,32,54,42,-1,55,5,56,-1,56,5,32,-1,56,32,57,-1,57,32,45,-1,55,58,5,-1,5,58,59,-1,5,59,60,-1,60,61,5,-1,5,61,62,-1,5,62,6,-1,6,62,63,-1,6,63,36,-1,40,64,65,-1,66,67,68,-1,68,69,33,-1,33,69,70,-1,33,70,71,-1,71,72,33,-1,33,72,73,-1,33,73,74,-1,40,75,76,-1,40,65,68,-1,68,65,77,-1,68,77,66,-1,67,78,68,-1,68,78,79,-1,68,79,69,-1,80,81,32,-1,32,81,82,-1,32,82,83,-1,74,84,33,-1,33,84,85,-1,33,85,32,-1,32,85,86,-1,32,86,80,-1,76,87,40,-1,40,87,88,-1,40,88,64,-1,83,89,32,-1,32,89,90,-1,32,90,40,-1,40,90,91,-1,40,91,75,-1,68,92,93,-1,94,95,96,-1,96,97,34,-1,34,97,98,-1,34,98,99,-1,99,100,34,-1,34,100,101,-1,34,101,102,-1,68,103,104,-1,68,93,96,-1,96,93,105,-1,96,105,94,-1,95,106,96,-1,96,106,107,-1,96,107,97,-1,102,108,34,-1,34,108,109,-1,34,109,33,-1,33,109,110,-1,33,110,111,-1,111,112,33,-1,33,112,113,-1,33,113,114,-1,104,115,68,-1,68,115,116,-1,68,116,92,-1,114,117,33,-1,33,117,118,-1,33,118,68,-1,68,118,119,-1,68,119,103,-1,120,121,96,-1,122,123,124,-1,124,123,96,-1,124,96,125,-1,126,127,35,-1,35,127,128,-1,35,128,129,-1,122,130,123,-1,123,130,131,-1,123,131,132,-1,132,133,123,-1,123,133,134,-1,123,134,35,-1,35,134,135,-1,35,135,126,-1,129,136,35,-1,35,136,137,-1,35,137,34,-1,34,137,138,-1,34,138,139,-1,121,140,96,-1,96,140,141,-1,96,141,125,-1,139,142,34,-1,34,142,143,-1,34,143,144,-1,144,145,34,-1,34,145,146,-1,34,146,96,-1,96,146,147,-1,96,147,120,-1,148,149,150,-1,150,149,151,-1,152,153,31,-1,31,153,154,-1,31,154,155,-1,155,156,31,-1,31,156,35,-1,31,35,25,-1,25,35,26,-1,157,158,123,-1,123,158,159,-1,123,159,160,-1,160,161,123,-1,123,161,162,-1,123,162,150,-1,150,162,163,-1,150,163,148,-1,151,164,150,-1,150,164,165,-1,150,165,31,-1,31,165,166,-1,31,166,152,-1,156,167,35,-1,35,167,168,-1,35,168,169,-1,169,170,35,-1,35,170,171,-1,35,171,172,-1,172,173,35,-1,35,173,174,-1,35,174,123,-1,123,174,175,-1,123,175,157,-1,176,177,178,-1,178,177,179,-1,178,179,40,-1,40,179,180,-1,40,180,181,-1,181,182,40,-1,40,182,183,-1,40,183,184,-1,185,186,178,-1,184,187,40,-1,40,187,188,-1,40,188,6,-1,6,188,189,-1,6,189,190,-1,190,191,6,-1,6,191,192,-1,6,192,193,-1,186,194,178,-1,178,194,195,-1,178,195,176,-1,196,197,7,-1,7,197,185,-1,193,198,6,-1,6,198,199,-1,6,199,7,-1,7,199,200,-1,7,200,201,-1,201,202,7,-1,7,202,203,-1,7,203,196,-1,204,205,206,-1,204,206,207,-1,205,208,206,-1,206,208,209,-1,206,209,68,-1,68,209,210,-1,68,210,211,-1,211,212,68,-1,68,212,213,-1,68,213,214,-1,214,215,68,-1,68,215,216,-1,68,216,40,-1,40,216,217,-1,40,217,218,-1,218,219,40,-1,40,219,220,-1,40,220,221,-1,222,223,178,-1,178,223,224,-1,178,224,225,-1,225,226,178,-1,178,226,227,-1,178,227,206,-1,206,227,228,-1,206,228,207,-1,221,229,40,-1,40,229,230,-1,40,230,178,-1,178,230,231,-1,178,231,222,-1,232,233,234,-1,235,236,96,-1,96,236,237,-1,96,237,238,-1,232,234,239,-1,233,240,234,-1,234,240,241,-1,234,241,96,-1,96,241,242,-1,96,242,235,-1,238,243,96,-1,96,243,244,-1,96,244,68,-1,68,244,245,-1,68,245,246,-1,246,247,68,-1,68,247,248,-1,68,248,249,-1,250,251,206,-1,206,251,252,-1,206,252,253,-1,253,254,206,-1,206,254,255,-1,206,255,234,-1,234,255,256,-1,234,256,239,-1,249,257,68,-1,68,257,258,-1,68,258,206,-1,206,258,259,-1,206,259,250,-1,260,261,123,-1,123,261,262,-1,123,262,263,-1,263,264,123,-1,123,264,265,-1,123,265,96,-1,96,265,266,-1,96,266,267,-1,267,268,96,-1,96,268,269,-1,96,269,270,-1,271,272,273,-1,273,272,274,-1,275,276,234,-1,234,276,277,-1,234,277,278,-1,278,279,234,-1,234,279,280,-1,234,280,273,-1,273,280,281,-1,273,281,271,-1,274,282,273,-1,273,282,283,-1,273,283,123,-1,123,283,284,-1,123,284,260,-1,270,285,96,-1,96,285,286,-1,96,286,234,-1,234,286,287,-1,234,287,275,-1,288,289,290,-1,290,289,291,-1,290,291,150,-1,150,291,292,-1,150,292,293,-1,293,294,150,-1,150,294,295,-1,150,295,296,-1,297,298,290,-1,296,299,150,-1,150,299,300,-1,150,300,123,-1,123,300,301,-1,123,301,302,-1,302,303,123,-1,123,303,304,-1,123,304,305,-1,298,306,290,-1,290,306,307,-1,290,307,288,-1,308,309,273,-1,273,309,297,-1,305,310,123,-1,123,310,311,-1,123,311,273,-1,273,311,312,-1,273,312,313,-1,313,314,273,-1,273,314,315,-1,273,315,308,-1,316,317,318,-1,318,317,319,-1,319,320,318,-1,318,320,321,-1,318,321,178,-1,178,321,322,-1,7,323,324,-1,324,325,7,-1,7,325,326,-1,7,326,327,-1,322,328,178,-1,178,328,329,-1,178,329,330,-1,185,178,7,-1,7,178,331,-1,7,331,323,-1,332,333,8,-1,8,333,334,-1,8,334,335,-1,330,336,178,-1,178,336,337,-1,178,337,331,-1,335,338,8,-1,8,338,339,-1,8,339,318,-1,318,339,340,-1,318,340,316,-1,327,341,7,-1,7,341,342,-1,7,342,8,-1,8,342,343,-1,8,343,332,-1,344,345,346,-1,346,345,347,-1,344,346,348,-1,348,346,318,-1,348,318,349,-1,346,350,206,-1,206,350,351,-1,206,351,352,-1,353,354,178,-1,178,354,355,-1,178,355,356,-1,347,357,346,-1,346,357,358,-1,346,358,350,-1,352,359,206,-1,206,359,360,-1,206,360,361,-1,318,362,363,-1,361,364,206,-1,206,364,365,-1,206,365,178,-1,178,365,366,-1,178,366,353,-1,363,367,318,-1,318,367,368,-1,318,368,349,-1,356,369,178,-1,178,369,370,-1,178,370,318,-1,318,370,371,-1,318,371,362,-1,372,373,374,-1,374,373,346,-1,374,346,375,-1,372,376,373,-1,373,376,377,-1,373,377,378,-1,378,379,373,-1,373,379,380,-1,373,380,234,-1,234,380,381,-1,234,381,382,-1,382,383,234,-1,234,383,384,-1,234,384,385,-1,386,387,206,-1,206,387,388,-1,206,388,389,-1,385,390,234,-1,234,390,391,-1,234,391,206,-1,206,391,392,-1,206,392,386,-1,346,393,394,-1,394,395,346,-1,346,395,396,-1,346,396,375,-1,389,397,206,-1,206,397,398,-1,206,398,346,-1,346,398,399,-1,346,399,393,-1,400,401,273,-1,273,401,402,-1,273,402,403,-1,404,405,400,-1,406,407,373,-1,373,407,408,-1,373,408,409,-1,405,410,400,-1,400,410,411,-1,400,411,401,-1,403,412,273,-1,273,412,413,-1,273,413,414,-1,415,416,234,-1,234,416,417,-1,234,417,418,-1,409,419,373,-1,373,419,420,-1,373,420,400,-1,400,420,421,-1,400,421,404,-1,414,422,273,-1,273,422,423,-1,273,423,234,-1,234,423,424,-1,234,424,415,-1,418,425,234,-1,234,425,426,-1,234,426,373,-1,373,426,427,-1,373,427,406,-1,428,429,430,-1,430,429,431,-1,431,432,430,-1,430,432,433,-1,430,433,290,-1,290,433,434,-1,273,435,436,-1,297,290,273,-1,273,290,437,-1,273,437,435,-1,436,438,273,-1,273,438,439,-1,273,439,440,-1,434,441,290,-1,290,441,442,-1,290,442,443,-1,444,445,400,-1,400,445,446,-1,400,446,447,-1,443,448,290,-1,290,448,449,-1,290,449,437,-1,447,450,400,-1,400,450,451,-1,400,451,430,-1,430,451,452,-1,430,452,428,-1,440,453,273,-1,273,453,454,-1,273,454,400,-1,400,454,455,-1,400,455,444,-1,456,457,458,-1,456,459,318,-1,318,459,460,-1,318,460,461,-1,458,462,456,-1,456,462,463,-1,456,463,459,-1,461,464,318,-1,318,464,465,-1,318,465,466,-1,467,468,8,-1,8,468,469,-1,8,469,470,-1,466,471,318,-1,318,471,472,-1,318,472,8,-1,8,472,473,-1,8,473,467,-1,474,475,0,-1,0,475,476,-1,0,476,477,-1,477,478,0,-1,0,478,479,-1,0,479,456,-1,456,479,480,-1,456,480,457,-1,470,481,8,-1,8,481,482,-1,8,482,0,-1,0,482,483,-1,0,483,474,-1,484,485,486,-1,486,485,487,-1,486,487,488,-1,484,486,489,-1,489,486,456,-1,489,456,490,-1,488,491,486,-1,486,491,492,-1,486,492,346,-1,346,492,493,-1,346,493,494,-1,494,495,346,-1,346,495,496,-1,346,496,497,-1,498,499,318,-1,318,499,500,-1,318,500,501,-1,502,503,456,-1,497,504,346,-1,346,504,505,-1,346,505,318,-1,318,505,506,-1,318,506,498,-1,503,507,456,-1,456,507,508,-1,456,508,490,-1,501,509,318,-1,318,509,510,-1,318,510,456,-1,456,510,511,-1,456,511,502,-1,512,513,514,-1,514,513,515,-1,514,515,516,-1,512,514,517,-1,517,514,486,-1,517,486,518,-1,486,519,520,-1,516,521,514,-1,514,521,522,-1,514,522,373,-1,373,522,523,-1,373,523,524,-1,520,525,486,-1,486,525,526,-1,486,526,518,-1,524,527,373,-1,373,527,528,-1,373,528,529,-1,530,531,346,-1,346,531,532,-1,346,532,533,-1,529,534,373,-1,373,534,535,-1,373,535,346,-1,346,535,536,-1,346,536,530,-1,533,537,346,-1,346,537,538,-1,346,538,486,-1,486,538,539,-1,486,539,519,-1,540,541,30,-1,30,29,400,-1,400,29,542,-1,400,542,543,-1,541,544,30,-1,30,544,545,-1,30,545,28,-1,540,30,546,-1,546,30,514,-1,546,514,547,-1,548,549,514,-1,549,550,514,-1,514,550,551,-1,514,551,547,-1,543,552,400,-1,400,552,553,-1,400,553,554,-1,554,555,400,-1,400,555,556,-1,400,556,373,-1,373,556,557,-1,373,557,558,-1,558,559,373,-1,373,559,560,-1,373,560,561,-1,561,562,373,-1,373,562,563,-1,373,563,514,-1,514,563,564,-1,514,564,548,-1,565,566,567,-1,565,568,430,-1,430,568,569,-1,430,569,570,-1,567,571,565,-1,565,571,572,-1,565,572,568,-1,570,573,430,-1,430,573,574,-1,430,574,575,-1,576,577,400,-1,400,577,578,-1,400,578,579,-1,575,580,430,-1,430,580,581,-1,430,581,400,-1,400,581,582,-1,400,582,576,-1,583,584,30,-1,30,584,585,-1,30,585,565,-1,565,585,586,-1,565,586,566,-1,587,588,30,-1,30,588,589,-1,30,589,583,-1,579,590,400,-1,400,590,591,-1,400,591,30,-1,30,591,592,-1,30,592,587,-1,593,594,9,-1,9,594,595,-1,9,595,596,-1,597,598,456,-1,456,598,599,-1,456,599,600,-1,601,1,602,-1,602,1,603,-1,601,604,1,-1,1,604,605,-1,1,605,9,-1,9,605,606,-1,9,606,593,-1,596,607,9,-1,9,607,608,-1,9,608,456,-1,456,608,609,-1,456,609,597,-1,600,610,456,-1,456,610,611,-1,456,611,0,-1,0,611,612,-1,0,612,613,-1,613,614,0,-1,0,614,615,-1,0,615,616,-1,616,617,0,-1,0,617,618,-1,0,618,1,-1,1,618,619,-1,1,619,603,-1,9,620,621,-1,622,623,10,-1,10,624,486,-1,486,624,625,-1,486,625,626,-1,626,627,486,-1,486,627,628,-1,486,628,629,-1,9,630,631,-1,9,621,10,-1,10,621,632,-1,10,632,622,-1,623,633,10,-1,10,633,634,-1,10,634,624,-1,635,636,456,-1,456,636,637,-1,456,637,638,-1,629,639,486,-1,486,639,640,-1,486,640,456,-1,456,640,641,-1,456,641,635,-1,631,642,9,-1,9,642,643,-1,9,643,620,-1,638,644,456,-1,456,644,645,-1,456,645,9,-1,9,645,646,-1,9,646,630,-1,10,647,648,-1,649,650,12,-1,12,651,514,-1,514,651,652,-1,514,652,653,-1,653,654,514,-1,514,654,655,-1,514,655,656,-1,10,657,658,-1,10,648,12,-1,12,648,659,-1,12,659,649,-1,650,660,12,-1,12,660,661,-1,12,661,651,-1,656,662,514,-1,514,662,663,-1,514,663,486,-1,486,663,664,-1,486,664,665,-1,665,666,486,-1,486,666,667,-1,486,667,668,-1,658,669,10,-1,10,669,670,-1,10,670,647,-1,668,671,486,-1,486,671,672,-1,486,672,10,-1,10,672,673,-1,10,673,657,-1,674,675,12,-1,676,13,677,-1,677,13,12,-1,677,12,678,-1,679,680,30,-1,30,680,681,-1,30,681,682,-1,676,683,13,-1,13,683,684,-1,13,684,685,-1,685,686,13,-1,13,686,687,-1,13,687,30,-1,30,687,688,-1,30,688,679,-1,682,689,30,-1,30,689,690,-1,30,690,514,-1,514,690,691,-1,514,691,692,-1,675,693,12,-1,12,693,694,-1,12,694,678,-1,692,695,514,-1,514,695,696,-1,514,696,697,-1,697,698,514,-1,514,698,699,-1,514,699,12,-1,12,699,700,-1,12,700,674,-1,701,702,14,-1,14,702,703,-1,704,705,565,-1,565,705,706,-1,565,706,707,-1,708,709,13,-1,13,709,710,-1,13,710,711,-1,711,712,13,-1,13,712,713,-1,13,713,14,-1,14,713,714,-1,14,714,701,-1,703,715,14,-1,14,715,716,-1,14,716,565,-1,565,716,717,-1,565,717,704,-1,707,718,565,-1,565,718,719,-1,565,719,30,-1,30,719,720,-1,30,720,721,-1,721,722,30,-1,30,722,723,-1,30,723,724,-1,724,725,30,-1,30,725,726,-1,30,726,13,-1,13,726,727,-1,13,727,708,-1,24,21,31,-1,31,21,20,-1,31,20,150,-1,150,20,19,-1,150,19,290,-1,290,19,17,-1,290,17,430,-1,430,17,16,-1,430,16,565,-1,565,16,15,-1,565,15,14,-1,
        ]
    }
}
Shape{
    appearance Appearance {
        material  Material 	{
            diffuseColor 0.7529411764705882 0.7529411764705882 0.7529411764705882
            specularColor 0.3764705882352941 0.3764705882352941 0.3764705882352941
            ambientIntensity 0.7529
            transparency 0.0
            shininess 0.5
        }
    }
    geometry IndexedFaceSet {
        ccw TRUE
        solid FALSE
        coord DEF co Coordinate {
            point [
                0.3094 0.3255 0.0014, 0.3121 0.3266 0.0014, 0.315 0.315 0.0, 0.307 0.3239 0.0014, 0.3051 0.3217 0.0014, 0.3038 0.3192 0.0014, 0.3031 0.3164 0.0014, 0.3031 0.3135 0.0014, 0.3038 0.3107 0.0014, 0.3051 0.3082 0.0014, 0.307 0.306 0.0014, 0.3094 0.3044 0.0014, 0.3121 0.3034 0.0014, 0.315 0.303 0.0014, 0.3178 0.3034 0.0014, 0.3205 0.3044 0.0014, 0.3229 0.306 0.0014, 0.3248 0.3082 0.0014, 0.3261 0.3107 0.0014, 0.3268 0.3135 0.0014, 0.3268 0.3164 0.0014, 0.3261 0.3192 0.0014, 0.3248 0.3217 0.0014, 0.3229 0.3239 0.0014, 0.3205 0.3255 0.0014, 0.3178 0.3266 0.0014, 0.315 0.3269 0.0014, 0.3637 0.315 0.0669, 0.3633 0.3091 0.0669, 0.3656 0.3088 0.0551, 0.3605 0.2977 0.0669, 0.3627 0.2969 0.0551, 0.355 0.2873 0.0669, 0.357 0.286 0.0551, 0.3473 0.2785 0.0669, 0.3488 0.2768 0.0551, 0.3376 0.2718 0.0669, 0.3387 0.2698 0.0551, 0.3266 0.2677 0.0669, 0.3272 0.2654 0.0551, 0.315 0.2663 0.0669, 0.315 0.2639 0.0551, 0.3033 0.2677 0.0669, 0.3027 0.2654 0.0551, 0.2923 0.2718 0.0669, 0.2912 0.2698 0.0551, 0.2827 0.2785 0.0669, 0.2811 0.2768 0.0551, 0.2749 0.2873 0.0669, 0.273 0.286 0.0551, 0.2694 0.2977 0.0669, 0.2672 0.2969 0.0551, 0.2666 0.3091 0.0669, 0.2643 0.3088 0.0551, 0.2666 0.3208 0.0669, 0.2643 0.3211 0.0551, 0.2694 0.3322 0.0669, 0.2672 0.3331 0.0551, 0.2749 0.3426 0.0669, 0.273 0.3439 0.0551, 0.2827 0.3514 0.0669, 0.2811 0.3532 0.0551, 0.2923 0.3581 0.0669, 0.2912 0.3601 0.0551, 0.3033 0.3622 0.0669, 0.3027 0.3645 0.0551, 0.315 0.3637 0.0669, 0.315 0.366 0.0551, 0.3266 0.3622 0.0669, 0.3272 0.3645 0.0551, 0.3376 0.3581 0.0669, 0.3387 0.3601 0.0551, 0.3473 0.3514 0.0669, 0.3488 0.3532 0.0551, 0.355 0.3426 0.0669, 0.357 0.3439 0.0551, 0.3605 0.3322 0.0669, 0.3627 0.3331 0.0551, 0.3633 0.3208 0.0669, 0.3656 0.3211 0.0551, 0.3029 0.364 0.0431, 0.2915 0.3597 0.0431, 0.2814 0.3528 0.0431, 0.2734 0.3437 0.0431, 0.2677 0.3329 0.0431, 0.2648 0.3211 0.0431, 0.2648 0.3089 0.0431, 0.2677 0.297 0.0431, 0.2734 0.2862 0.0431, 0.2814 0.2771 0.0431, 0.2915 0.2702 0.0431, 0.3029 0.2659 0.0431, 0.315 0.2644 0.0431, 0.3271 0.2659 0.0431, 0.3384 0.2702 0.0431, 0.3485 0.2771 0.0431, 0.3566 0.2862 0.0431, 0.3622 0.297 0.0431, 0.3651 0.3089 0.0431, 0.3651 0.3211 0.0431, 0.3622 0.3329 0.0431, 0.3566 0.3437 0.0431, 0.3485 0.3528 0.0431, 0.3384 0.3597 0.0431, 0.3271 0.364 0.0431, 0.315 0.3655 0.0431, 0.3036 0.3609 0.0316, 0.293 0.3568 0.0316, 0.2836 0.3503 0.0316, 0.2761 0.3418 0.0316, 0.2708 0.3317 0.0316, 0.268 0.3207 0.0316, 0.268 0.3093 0.0316, 0.2708 0.2982 0.0316, 0.2761 0.2881 0.0316, 0.2836 0.2796 0.0316, 0.293 0.2731 0.0316, 0.3036 0.2691 0.0316, 0.315 0.2677 0.0316, 0.3263 0.2691 0.0316, 0.3369 0.2731 0.0316, 0.3463 0.2796 0.0316, 0.3539 0.2881 0.0316, 0.3592 0.2982 0.0316, 0.3619 0.3093 0.0316, 0.3619 0.3207 0.0316, 0.3592 0.3317 0.0316, 0.3539 0.3418 0.0316, 0.3463 0.3503 0.0316, 0.3369 0.3568 0.0316, 0.3263 0.3609 0.0316, 0.315 0.3622 0.0316, 0.3051 0.3551 0.0211, 0.2957 0.3516 0.0211, 0.2875 0.3459 0.0211, 0.2809 0.3385 0.0211, 0.2763 0.3296 0.0211, 0.2739 0.3199 0.0211, 0.2739 0.31 0.0211, 0.2763 0.3003 0.0211, 0.2809 0.2915 0.0211, 0.2875 0.284 0.0211, 0.2957 0.2783 0.0211, 0.3051 0.2748 0.0211, 0.315 0.2736 0.0211, 0.3249 0.2748 0.0211, 0.3342 0.2783 0.0211, 0.3424 0.284 0.0211, 0.349 0.2915 0.0211, 0.3537 0.3003 0.0211, 0.356 0.31 0.0211, 0.356 0.3199 0.0211, 0.3537 0.3296 0.0211, 0.349 0.3385 0.0211, 0.3424 0.3459 0.0211, 0.3342 0.3516 0.0211, 0.3249 0.3551 0.0211, 0.315 0.3563 0.0211, 0.307 0.3472 0.0122, 0.2995 0.3444 0.0122, 0.2929 0.3398 0.0122, 0.2876 0.3338 0.0122, 0.2839 0.3267 0.0122, 0.282 0.319 0.0122, 0.282 0.311 0.0122, 0.2839 0.3032 0.0122, 0.2876 0.2961 0.0122, 0.2929 0.2901 0.0122, 0.2995 0.2855 0.0122, 0.307 0.2827 0.0122, 0.315 0.2817 0.0122, 0.3229 0.2827 0.0122, 0.3304 0.2855 0.0122, 0.337 0.2901 0.0122, 0.3423 0.2961 0.0122, 0.346 0.3032 0.0122, 0.3479 0.311 0.0122, 0.3479 0.319 0.0122, 0.346 0.3267 0.0122, 0.3423 0.3338 0.0122, 0.337 0.3398 0.0122, 0.3304 0.3444 0.0122, 0.3229 0.3472 0.0122, 0.315 0.3482 0.0122, 0.3094 0.3375 0.0056, 0.3042 0.3355 0.0056, 0.2996 0.3323 0.0056, 0.2959 0.3282 0.0056, 0.2932 0.3232 0.0056, 0.2919 0.3178 0.0056, 0.2919 0.3122 0.0056, 0.2932 0.3067 0.0056, 0.2959 0.3018 0.0056, 0.2996 0.2976 0.0056, 0.3042 0.2944 0.0056, 0.3094 0.2924 0.0056, 0.315 0.2917 0.0056, 0.3205 0.2924 0.0056, 0.3258 0.2944 0.0056, 0.3304 0.2976 0.0056, 0.3341 0.3018 0.0056, 0.3367 0.3067 0.0056, 0.338 0.3122 0.0056, 0.338 0.3178 0.0056, 0.3367 0.3232 0.0056, 0.3341 0.3282 0.0056, 0.3304 0.3323 0.0056, 0.3258 0.3355 0.0056, 0.3205 0.3375 0.0056, 0.315 0.3382 0.0056, 0.3094 0.1681 0.0014, 0.3121 0.1691 0.0014, 0.315 0.1575 0.0, 0.307 0.1664 0.0014, 0.3051 0.1643 0.0014, 0.3038 0.1617 0.0014, 0.3031 0.1589 0.0014, 0.3031 0.156 0.0014, 0.3038 0.1532 0.0014, 0.3051 0.1507 0.0014, 0.307 0.1485 0.0014, 0.3094 0.1469 0.0014, 0.3121 0.1459 0.0014, 0.315 0.1455 0.0014, 0.3178 0.1459 0.0014, 0.3205 0.1469 0.0014, 0.3229 0.1485 0.0014, 0.3248 0.1507 0.0014, 0.3261 0.1532 0.0014, 0.3268 0.156 0.0014, 0.3268 0.1589 0.0014, 0.3261 0.1617 0.0014, 0.3248 0.1643 0.0014, 0.3229 0.1664 0.0014, 0.3205 0.1681 0.0014, 0.3178 0.1691 0.0014, 0.315 0.1694 0.0014, 0.3637 0.1575 0.0669, 0.3633 0.1516 0.0669, 0.3656 0.1513 0.0551, 0.3605 0.1402 0.0669, 0.3627 0.1394 0.0551, 0.355 0.1298 0.0669, 0.357 0.1285 0.0551, 0.3473 0.121 0.0669, 0.3488 0.1193 0.0551, 0.3376 0.1144 0.0669, 0.3387 0.1123 0.0551, 0.3266 0.1102 0.0669, 0.3272 0.1079 0.0551, 0.315 0.1088 0.0669, 0.315 0.1065 0.0551, 0.3033 0.1102 0.0669, 0.3027 0.1079 0.0551, 0.2923 0.1144 0.0669, 0.2912 0.1123 0.0551, 0.2827 0.121 0.0669, 0.2811 0.1193 0.0551, 0.2749 0.1298 0.0669, 0.273 0.1285 0.0551, 0.2694 0.1402 0.0669, 0.2672 0.1394 0.0551, 0.2666 0.1516 0.0669, 0.2643 0.1513 0.0551, 0.2666 0.1634 0.0669, 0.2643 0.1636 0.0551, 0.2694 0.1747 0.0669, 0.2672 0.1756 0.0551, 0.2749 0.1851 0.0669, 0.273 0.1865 0.0551, 0.2827 0.1939 0.0669, 0.2811 0.1957 0.0551, 0.2923 0.2006 0.0669, 0.2912 0.2027 0.0551, 0.3033 0.2048 0.0669, 0.3027 0.207 0.0551, 0.315 0.2062 0.0669, 0.315 0.2085 0.0551, 0.3266 0.2048 0.0669, 0.3272 0.207 0.0551, 0.3376 0.2006 0.0669, 0.3387 0.2027 0.0551, 0.3473 0.1939 0.0669, 0.3488 0.1957 0.0551, 0.355 0.1851 0.0669, 0.357 0.1865 0.0551, 0.3605 0.1747 0.0669, 0.3627 0.1756 0.0551, 0.3633 0.1634 0.0669, 0.3656 0.1636 0.0551, 0.3029 0.2066 0.0431, 0.2915 0.2022 0.0431, 0.2814 0.1953 0.0431, 0.2734 0.1862 0.0431, 0.2677 0.1754 0.0431, 0.2648 0.1636 0.0431, 0.2648 0.1514 0.0431, 0.2677 0.1396 0.0431, 0.2734 0.1288 0.0431, 0.2814 0.1196 0.0431, 0.2915 0.1127 0.0431, 0.3029 0.1084 0.0431, 0.315 0.1069 0.0431, 0.3271 0.1084 0.0431, 0.3384 0.1127 0.0431, 0.3485 0.1196 0.0431, 0.3566 0.1288 0.0431, 0.3622 0.1396 0.0431, 0.3651 0.1514 0.0431, 0.3651 0.1636 0.0431, 0.3622 0.1754 0.0431, 0.3566 0.1862 0.0431, 0.3485 0.1953 0.0431, 0.3384 0.2022 0.0431, 0.3271 0.2066 0.0431, 0.315 0.208 0.0431, 0.3036 0.2034 0.0316, 0.293 0.1993 0.0316, 0.2836 0.1929 0.0316, 0.2761 0.1843 0.0316, 0.2708 0.1742 0.0316, 0.268 0.1632 0.0316, 0.268 0.1518 0.0316, 0.2708 0.1407 0.0316, 0.2761 0.1306 0.0316, 0.2836 0.1221 0.0316, 0.293 0.1156 0.0316, 0.3036 0.1116 0.0316, 0.315 0.1102 0.0316, 0.3263 0.1116 0.0316, 0.3369 0.1156 0.0316, 0.3463 0.1221 0.0316, 0.3539 0.1306 0.0316, 0.3592 0.1407 0.0316, 0.3619 0.1518 0.0316, 0.3619 0.1632 0.0316, 0.3592 0.1742 0.0316, 0.3539 0.1843 0.0316, 0.3463 0.1929 0.0316, 0.3369 0.1993 0.0316, 0.3263 0.2034 0.0316, 0.315 0.2047 0.0316, 0.3051 0.1977 0.0211, 0.2957 0.1941 0.0211, 0.2875 0.1885 0.0211, 0.2809 0.181 0.0211, 0.2763 0.1722 0.0211, 0.2739 0.1625 0.0211, 0.2739 0.1525 0.0211, 0.2763 0.1428 0.0211, 0.2809 0.134 0.0211, 0.2875 0.1265 0.0211, 0.2957 0.1208 0.0211, 0.3051 0.1173 0.0211, 0.315 0.1161 0.0211, 0.3249 0.1173 0.0211, 0.3342 0.1208 0.0211, 0.3424 0.1265 0.0211, 0.349 0.134 0.0211, 0.3537 0.1428 0.0211, 0.356 0.1525 0.0211, 0.356 0.1625 0.0211, 0.3537 0.1722 0.0211, 0.349 0.181 0.0211, 0.3424 0.1885 0.0211, 0.3342 0.1941 0.0211, 0.3249 0.1977 0.0211, 0.315 0.1989 0.0211, 0.307 0.1897 0.0122, 0.2995 0.1869 0.0122, 0.2929 0.1823 0.0122, 0.2876 0.1764 0.0122, 0.2839 0.1693 0.0122, 0.282 0.1615 0.0122, 0.282 0.1535 0.0122, 0.2839 0.1457 0.0122, 0.2876 0.1386 0.0122, 0.2929 0.1326 0.0122, 0.2995 0.1281 0.0122, 0.307 0.1252 0.0122, 0.315 0.1243 0.0122, 0.3229 0.1252 0.0122, 0.3304 0.1281 0.0122, 0.337 0.1326 0.0122, 0.3423 0.1386 0.0122, 0.346 0.1457 0.0122, 0.3479 0.1535 0.0122, 0.3479 0.1615 0.0122, 0.346 0.1693 0.0122, 0.3423 0.1764 0.0122, 0.337 0.1823 0.0122, 0.3304 0.1869 0.0122, 0.3229 0.1897 0.0122, 0.315 0.1907 0.0122, 0.3094 0.18 0.0056, 0.3042 0.178 0.0056, 0.2996 0.1749 0.0056, 0.2959 0.1707 0.0056, 0.2932 0.1657 0.0056, 0.2919 0.1603 0.0056, 0.2919 0.1547 0.0056, 0.2932 0.1492 0.0056, 0.2959 0.1443 0.0056, 0.2996 0.1401 0.0056, 0.3042 0.1369 0.0056, 0.3094 0.1349 0.0056, 0.315 0.1343 0.0056, 0.3205 0.1349 0.0056, 0.3258 0.1369 0.0056, 0.3304 0.1401 0.0056, 0.3341 0.1443 0.0056, 0.3367 0.1492 0.0056, 0.338 0.1547 0.0056, 0.338 0.1603 0.0056, 0.3367 0.1657 0.0056, 0.3341 0.1707 0.0056, 0.3304 0.1749 0.0056, 0.3258 0.178 0.0056, 0.3205 0.18 0.0056, 0.315 0.1807 0.0056, 0.3094 0.0106 0.0014, 0.3121 0.0116 0.0014, 0.315 -0.0 0.0, 0.307 0.0089 0.0014, 0.3051 0.0068 0.0014, 0.3038 0.0042 0.0014, 0.3031 0.0014 0.0014, 0.3031 -0.0014 0.0014, 0.3038 -0.0042 0.0014, 0.3051 -0.0068 0.0014, 0.307 -0.0089 0.0014, 0.3094 -0.0106 0.0014, 0.3121 -0.0116 0.0014, 0.315 -0.0119 0.0014, 0.3178 -0.0116 0.0014, 0.3205 -0.0106 0.0014, 0.3229 -0.0089 0.0014, 0.3248 -0.0068 0.0014, 0.3261 -0.0042 0.0014, 0.3268 -0.0014 0.0014, 0.3268 0.0014 0.0014, 0.3261 0.0042 0.0014, 0.3248 0.0068 0.0014, 0.3229 0.0089 0.0014, 0.3205 0.0106 0.0014, 0.3178 0.0116 0.0014, 0.315 0.0119 0.0014, 0.3637 -0.0 0.0669, 0.3633 -0.0059 0.0669, 0.3656 -0.0062 0.0551, 0.3605 -0.0173 0.0669, 0.3627 -0.0181 0.0551, 0.355 -0.0277 0.0669, 0.357 -0.029 0.0551, 0.3473 -0.0365 0.0669, 0.3488 -0.0382 0.0551, 0.3376 -0.0431 0.0669, 0.3387 -0.0452 0.0551, 0.3266 -0.0473 0.0669, 0.3272 -0.0495 0.0551, 0.315 -0.0487 0.0669, 0.315 -0.051 0.0551, 0.3033 -0.0473 0.0669, 0.3027 -0.0495 0.0551, 0.2923 -0.0431 0.0669, 0.2912 -0.0452 0.0551, 0.2827 -0.0365 0.0669, 0.2811 -0.0382 0.0551, 0.2749 -0.0277 0.0669, 0.273 -0.029 0.0551, 0.2694 -0.0173 0.0669, 0.2672 -0.0181 0.0551, 0.2666 -0.0059 0.0669, 0.2643 -0.0062 0.0551, 0.2666 0.0059 0.0669, 0.2643 0.0062 0.0551, 0.2694 0.0173 0.0669, 0.2672 0.0181 0.0551, 0.2749 0.0277 0.0669, 0.273 0.029 0.0551, 0.2827 0.0365 0.0669, 0.2811 0.0382 0.0551, 0.2923 0.0431 0.0669, 0.2912 0.0452 0.0551, 0.3033 0.0473 0.0669, 0.3027 0.0495 0.0551, 0.315 0.0487 0.0669, 0.315 0.051 0.0551, 0.3266 0.0473 0.0669, 0.3272 0.0495 0.0551, 0.3376 0.0431 0.0669, 0.3387 0.0452 0.0551, 0.3473 0.0365 0.0669, 0.3488 0.0382 0.0551, 0.355 0.0277 0.0669, 0.357 0.029 0.0551, 0.3605 0.0173 0.0669, 0.3627 0.0181 0.0551, 0.3633 0.0059 0.0669, 0.3656 0.0062 0.0551, 0.3029 0.0491 0.0431, 0.2915 0.0448 0.0431, 0.2814 0.0378 0.0431, 0.2734 0.0287 0.0431, 0.2677 0.0179 0.0431, 0.2648 0.0061 0.0431, 0.2648 -0.0061 0.0431, 0.2677 -0.0179 0.0431, 0.2734 -0.0287 0.0431, 0.2814 -0.0378 0.0431, 0.2915 -0.0448 0.0431, 0.3029 -0.0491 0.0431, 0.315 -0.0505 0.0431, 0.3271 -0.0491 0.0431, 0.3384 -0.0448 0.0431, 0.3485 -0.0378 0.0431, 0.3566 -0.0287 0.0431, 0.3622 -0.0179 0.0431, 0.3651 -0.0061 0.0431, 0.3651 0.0061 0.0431, 0.3622 0.0179 0.0431, 0.3566 0.0287 0.0431, 0.3485 0.0378 0.0431, 0.3384 0.0448 0.0431, 0.3271 0.0491 0.0431, 0.315 0.0505 0.0431, 0.3036 0.0459 0.0316, 0.293 0.0419 0.0316, 0.2836 0.0354 0.0316, 0.2761 0.0269 0.0316, 0.2708 0.0168 0.0316, 0.268 0.0057 0.0316, 0.268 -0.0057 0.0316, 0.2708 -0.0168 0.0316, 0.2761 -0.0269 0.0316, 0.2836 -0.0354 0.0316, 0.293 -0.0419 0.0316, 0.3036 -0.0459 0.0316, 0.315 -0.0473 0.0316, 0.3263 -0.0459 0.0316, 0.3369 -0.0419 0.0316, 0.3463 -0.0354 0.0316, 0.3539 -0.0269 0.0316, 0.3592 -0.0168 0.0316, 0.3619 -0.0057 0.0316, 0.3619 0.0057 0.0316, 0.3592 0.0168 0.0316, 0.3539 0.0269 0.0316, 0.3463 0.0354 0.0316, 0.3369 0.0419 0.0316, 0.3263 0.0459 0.0316, 0.315 0.0473 0.0316, 0.3051 0.0402 0.0211, 0.2957 0.0366 0.0211, 0.2875 0.031 0.0211, 0.2809 0.0235 0.0211, 0.2763 0.0147 0.0211, 0.2739 0.005 0.0211, 0.2739 -0.005 0.0211, 0.2763 -0.0147 0.0211, 0.2809 -0.0235 0.0211, 0.2875 -0.031 0.0211, 0.2957 -0.0366 0.0211, 0.3051 -0.0402 0.0211, 0.315 -0.0414 0.0211, 0.3249 -0.0402 0.0211, 0.3342 -0.0366 0.0211, 0.3424 -0.031 0.0211, 0.349 -0.0235 0.0211, 0.3537 -0.0147 0.0211, 0.356 -0.005 0.0211, 0.356 0.005 0.0211, 0.3537 0.0147 0.0211, 0.349 0.0235 0.0211, 0.3424 0.031 0.0211, 0.3342 0.0366 0.0211, 0.3249 0.0402 0.0211, 0.315 0.0414 0.0211, 0.307 0.0323 0.0122, 0.2995 0.0294 0.0122, 0.2929 0.0249 0.0122, 0.2876 0.0189 0.0122, 0.2839 0.0118 0.0122, 0.282 0.004 0.0122, 0.282 -0.004 0.0122, 0.2839 -0.0118 0.0122, 0.2876 -0.0189 0.0122, 0.2929 -0.0249 0.0122, 0.2995 -0.0294 0.0122, 0.307 -0.0323 0.0122, 0.315 -0.0332 0.0122, 0.3229 -0.0323 0.0122, 0.3304 -0.0294 0.0122, 0.337 -0.0249 0.0122, 0.3423 -0.0189 0.0122, 0.346 -0.0118 0.0122, 0.3479 -0.004 0.0122, 0.3479 0.004 0.0122, 0.346 0.0118 0.0122, 0.3423 0.0189 0.0122, 0.337 0.0249 0.0122, 0.3304 0.0294 0.0122, 0.3229 0.0323 0.0122, 0.315 0.0332 0.0122, 0.3094 0.0225 0.0056, 0.3042 0.0206 0.0056, 0.2996 0.0174 0.0056, 0.2959 0.0132 0.0056, 0.2932 0.0082 0.0056, 0.2919 0.0028 0.0056, 0.2919 -0.0028 0.0056, 0.2932 -0.0082 0.0056, 0.2959 -0.0132 0.0056, 0.2996 -0.0174 0.0056, 0.3042 -0.0206 0.0056, 0.3094 -0.0225 0.0056, 0.315 -0.0232 0.0056, 0.3205 -0.0225 0.0056, 0.3258 -0.0206 0.0056, 0.3304 -0.0174 0.0056, 0.3341 -0.0132 0.0056, 0.3367 -0.0082 0.0056, 0.338 -0.0028 0.0056, 0.338 0.0028 0.0056, 0.3367 0.0082 0.0056, 0.3341 0.0132 0.0056, 0.3304 0.0174 0.0056, 0.3258 0.0206 0.0056, 0.3205 0.0225 0.0056, 0.315 0.0232 0.0056, 0.3094 -0.1469 0.0014, 0.3121 -0.1459 0.0014, 0.315 -0.1575 0.0, 0.307 -0.1485 0.0014, 0.3051 -0.1507 0.0014, 0.3038 -0.1532 0.0014, 0.3031 -0.156 0.0014, 0.3031 -0.1589 0.0014, 0.3038 -0.1617 0.0014, 0.3051 -0.1643 0.0014, 0.307 -0.1664 0.0014, 0.3094 -0.1681 0.0014, 0.3121 -0.1691 0.0014, 0.315 -0.1694 0.0014, 0.3178 -0.1691 0.0014, 0.3205 -0.1681 0.0014, 0.3229 -0.1664 0.0014, 0.3248 -0.1643 0.0014, 0.3261 -0.1617 0.0014, 0.3268 -0.1589 0.0014, 0.3268 -0.156 0.0014, 0.3261 -0.1532 0.0014, 0.3248 -0.1507 0.0014, 0.3229 -0.1485 0.0014, 0.3205 -0.1469 0.0014, 0.3178 -0.1459 0.0014, 0.315 -0.1455 0.0014, 0.3637 -0.1575 0.0669, 0.3633 -0.1634 0.0669, 0.3656 -0.1636 0.0551, 0.3605 -0.1747 0.0669, 0.3627 -0.1756 0.0551, 0.355 -0.1851 0.0669, 0.357 -0.1865 0.0551, 0.3473 -0.1939 0.0669, 0.3488 -0.1957 0.0551, 0.3376 -0.2006 0.0669, 0.3387 -0.2027 0.0551, 0.3266 -0.2048 0.0669, 0.3272 -0.207 0.0551, 0.315 -0.2062 0.0669, 0.315 -0.2085 0.0551, 0.3033 -0.2048 0.0669, 0.3027 -0.207 0.0551, 0.2923 -0.2006 0.0669, 0.2912 -0.2027 0.0551, 0.2827 -0.1939 0.0669, 0.2811 -0.1957 0.0551, 0.2749 -0.1851 0.0669, 0.273 -0.1865 0.0551, 0.2694 -0.1747 0.0669, 0.2672 -0.1756 0.0551, 0.2666 -0.1634 0.0669, 0.2643 -0.1636 0.0551, 0.2666 -0.1516 0.0669, 0.2643 -0.1513 0.0551, 0.2694 -0.1402 0.0669, 0.2672 -0.1394 0.0551, 0.2749 -0.1298 0.0669, 0.273 -0.1285 0.0551, 0.2827 -0.121 0.0669, 0.2811 -0.1193 0.0551, 0.2923 -0.1144 0.0669, 0.2912 -0.1123 0.0551, 0.3033 -0.1102 0.0669, 0.3027 -0.1079 0.0551, 0.315 -0.1088 0.0669, 0.315 -0.1065 0.0551, 0.3266 -0.1102 0.0669, 0.3272 -0.1079 0.0551, 0.3376 -0.1144 0.0669, 0.3387 -0.1123 0.0551, 0.3473 -0.121 0.0669, 0.3488 -0.1193 0.0551, 0.355 -0.1298 0.0669, 0.357 -0.1285 0.0551, 0.3605 -0.1402 0.0669, 0.3627 -0.1394 0.0551, 0.3633 -0.1516 0.0669, 0.3656 -0.1513 0.0551, 0.3029 -0.1084 0.0431, 0.2915 -0.1127 0.0431, 0.2814 -0.1196 0.0431, 0.2734 -0.1288 0.0431, 0.2677 -0.1396 0.0431, 0.2648 -0.1514 0.0431, 0.2648 -0.1636 0.0431, 0.2677 -0.1754 0.0431, 0.2734 -0.1862 0.0431, 0.2814 -0.1953 0.0431, 0.2915 -0.2022 0.0431, 0.3029 -0.2066 0.0431, 0.315 -0.208 0.0431, 0.3271 -0.2066 0.0431, 0.3384 -0.2022 0.0431, 0.3485 -0.1953 0.0431, 0.3566 -0.1862 0.0431, 0.3622 -0.1754 0.0431, 0.3651 -0.1636 0.0431, 0.3651 -0.1514 0.0431, 0.3622 -0.1396 0.0431, 0.3566 -0.1288 0.0431, 0.3485 -0.1196 0.0431, 0.3384 -0.1127 0.0431, 0.3271 -0.1084 0.0431, 0.315 -0.1069 0.0431, 0.3036 -0.1116 0.0316, 0.293 -0.1156 0.0316, 0.2836 -0.1221 0.0316, 0.2761 -0.1306 0.0316, 0.2708 -0.1407 0.0316, 0.268 -0.1518 0.0316, 0.268 -0.1632 0.0316, 0.2708 -0.1742 0.0316, 0.2761 -0.1843 0.0316, 0.2836 -0.1929 0.0316, 0.293 -0.1993 0.0316, 0.3036 -0.2034 0.0316, 0.315 -0.2047 0.0316, 0.3263 -0.2034 0.0316, 0.3369 -0.1993 0.0316, 0.3463 -0.1929 0.0316, 0.3539 -0.1843 0.0316, 0.3592 -0.1742 0.0316, 0.3619 -0.1632 0.0316, 0.3619 -0.1518 0.0316, 0.3592 -0.1407 0.0316, 0.3539 -0.1306 0.0316, 0.3463 -0.1221 0.0316, 0.3369 -0.1156 0.0316, 0.3263 -0.1116 0.0316, 0.315 -0.1102 0.0316, 0.3051 -0.1173 0.0211, 0.2957 -0.1208 0.0211, 0.2875 -0.1265 0.0211, 0.2809 -0.134 0.0211, 0.2763 -0.1428 0.0211, 0.2739 -0.1525 0.0211, 0.2739 -0.1625 0.0211, 0.2763 -0.1722 0.0211, 0.2809 -0.181 0.0211, 0.2875 -0.1885 0.0211, 0.2957 -0.1941 0.0211, 0.3051 -0.1977 0.0211, 0.315 -0.1989 0.0211, 0.3249 -0.1977 0.0211, 0.3342 -0.1941 0.0211, 0.3424 -0.1885 0.0211, 0.349 -0.181 0.0211, 0.3537 -0.1722 0.0211, 0.356 -0.1625 0.0211, 0.356 -0.1525 0.0211, 0.3537 -0.1428 0.0211, 0.349 -0.134 0.0211, 0.3424 -0.1265 0.0211, 0.3342 -0.1208 0.0211, 0.3249 -0.1173 0.0211, 0.315 -0.1161 0.0211, 0.307 -0.1252 0.0122, 0.2995 -0.1281 0.0122, 0.2929 -0.1326 0.0122, 0.2876 -0.1386 0.0122, 0.2839 -0.1457 0.0122, 0.282 -0.1535 0.0122, 0.282 -0.1615 0.0122, 0.2839 -0.1693 0.0122, 0.2876 -0.1764 0.0122, 0.2929 -0.1823 0.0122, 0.2995 -0.1869 0.0122, 0.307 -0.1897 0.0122, 0.315 -0.1907 0.0122, 0.3229 -0.1897 0.0122, 0.3304 -0.1869 0.0122, 0.337 -0.1823 0.0122, 0.3423 -0.1764 0.0122, 0.346 -0.1693 0.0122, 0.3479 -0.1615 0.0122, 0.3479 -0.1535 0.0122, 0.346 -0.1457 0.0122, 0.3423 -0.1386 0.0122, 0.337 -0.1326 0.0122, 0.3304 -0.1281 0.0122, 0.3229 -0.1252 0.0122, 0.315 -0.1243 0.0122, 0.3094 -0.1349 0.0056, 0.3042 -0.1369 0.0056, 0.2996 -0.1401 0.0056, 0.2959 -0.1443 0.0056, 0.2932 -0.1492 0.0056, 0.2919 -0.1547 0.0056, 0.2919 -0.1603 0.0056, 0.2932 -0.1657 0.0056, 0.2959 -0.1707 0.0056, 0.2996 -0.1749 0.0056, 0.3042 -0.178 0.0056, 0.3094 -0.18 0.0056, 0.315 -0.1807 0.0056, 0.3205 -0.18 0.0056, 0.3258 -0.178 0.0056, 0.3304 -0.1749 0.0056, 0.3341 -0.1707 0.0056, 0.3367 -0.1657 0.0056, 0.338 -0.1603 0.0056, 0.338 -0.1547 0.0056, 0.3367 -0.1492 0.0056, 0.3341 -0.1443 0.0056, 0.3304 -0.1401 0.0056, 0.3258 -0.1369 0.0056, 0.3205 -0.1349 0.0056, 0.315 -0.1343 0.0056, 0.3094 -0.3044 0.0014, 0.3121 -0.3034 0.0014, 0.315 -0.315 0.0, 0.307 -0.306 0.0014, 0.3051 -0.3082 0.0014, 0.3038 -0.3107 0.0014, 0.3031 -0.3135 0.0014, 0.3031 -0.3164 0.0014, 0.3038 -0.3192 0.0014, 0.3051 -0.3217 0.0014, 0.307 -0.3239 0.0014, 0.3094 -0.3255 0.0014, 0.3121 -0.3266 0.0014, 0.315 -0.3269 0.0014, 0.3178 -0.3266 0.0014, 0.3205 -0.3255 0.0014, 0.3229 -0.3239 0.0014, 0.3248 -0.3217 0.0014, 0.3261 -0.3192 0.0014, 0.3268 -0.3164 0.0014, 0.3268 -0.3135 0.0014, 0.3261 -0.3107 0.0014, 0.3248 -0.3082 0.0014, 0.3229 -0.306 0.0014, 0.3205 -0.3044 0.0014, 0.3178 -0.3034 0.0014, 0.315 -0.303 0.0014, 0.3637 -0.315 0.0669, 0.3633 -0.3208 0.0669, 0.3656 -0.3211 0.0551, 0.3605 -0.3322 0.0669, 0.3627 -0.3331 0.0551, 0.355 -0.3426 0.0669, 0.357 -0.3439 0.0551, 0.3473 -0.3514 0.0669, 0.3488 -0.3532 0.0551, 0.3376 -0.3581 0.0669, 0.3387 -0.3601 0.0551, 0.3266 -0.3622 0.0669, 0.3272 -0.3645 0.0551, 0.315 -0.3637 0.0669, 0.315 -0.366 0.0551, 0.3033 -0.3622 0.0669, 0.3027 -0.3645 0.0551, 0.2923 -0.3581 0.0669, 0.2912 -0.3601 0.0551, 0.2827 -0.3514 0.0669, 0.2811 -0.3532 0.0551, 0.2749 -0.3426 0.0669, 0.273 -0.3439 0.0551, 0.2694 -0.3322 0.0669, 0.2672 -0.3331 0.0551, 0.2666 -0.3208 0.0669, 0.2643 -0.3211 0.0551, 0.2666 -0.3091 0.0669, 0.2643 -0.3088 0.0551, 0.2694 -0.2977 0.0669, 0.2672 -0.2969 0.0551, 0.2749 -0.2873 0.0669, 0.273 -0.286 0.0551, 0.2827 -0.2785 0.0669, 0.2811 -0.2768 0.0551, 0.2923 -0.2718 0.0669, 0.2912 -0.2698 0.0551, 0.3033 -0.2677 0.0669, 0.3027 -0.2654 0.0551, 0.315 -0.2663 0.0669, 0.315 -0.2639 0.0551, 0.3266 -0.2677 0.0669, 0.3272 -0.2654 0.0551, 0.3376 -0.2718 0.0669, 0.3387 -0.2698 0.0551, 0.3473 -0.2785 0.0669, 0.3488 -0.2768 0.0551, 0.355 -0.2873 0.0669, 0.357 -0.286 0.0551, 0.3605 -0.2977 0.0669, 0.3627 -0.2969 0.0551, 0.3633 -0.3091 0.0669, 0.3656 -0.3088 0.0551, 0.3029 -0.2659 0.0431, 0.2915 -0.2702 0.0431, 0.2814 -0.2771 0.0431, 0.2734 -0.2862 0.0431, 0.2677 -0.297 0.0431, 0.2648 -0.3089 0.0431, 0.2648 -0.3211 0.0431, 0.2677 -0.3329 0.0431, 0.2734 -0.3437 0.0431, 0.2814 -0.3528 0.0431, 0.2915 -0.3597 0.0431, 0.3029 -0.364 0.0431, 0.315 -0.3655 0.0431, 0.3271 -0.364 0.0431, 0.3384 -0.3597 0.0431, 0.3485 -0.3528 0.0431, 0.3566 -0.3437 0.0431, 0.3622 -0.3329 0.0431, 0.3651 -0.3211 0.0431, 0.3651 -0.3089 0.0431, 0.3622 -0.297 0.0431, 0.3566 -0.2862 0.0431, 0.3485 -0.2771 0.0431, 0.3384 -0.2702 0.0431, 0.3271 -0.2659 0.0431, 0.315 -0.2644 0.0431, 0.3036 -0.2691 0.0316, 0.293 -0.2731 0.0316, 0.2836 -0.2796 0.0316, 0.2761 -0.2881 0.0316, 0.2708 -0.2982 0.0316, 0.268 -0.3093 0.0316, 0.268 -0.3207 0.0316, 0.2708 -0.3317 0.0316, 0.2761 -0.3418 0.0316, 0.2836 -0.3503 0.0316, 0.293 -0.3568 0.0316, 0.3036 -0.3609 0.0316, 0.315 -0.3622 0.0316, 0.3263 -0.3609 0.0316, 0.3369 -0.3568 0.0316, 0.3463 -0.3503 0.0316, 0.3539 -0.3418 0.0316, 0.3592 -0.3317 0.0316, 0.3619 -0.3207 0.0316, 0.3619 -0.3093 0.0316, 0.3592 -0.2982 0.0316, 0.3539 -0.2881 0.0316, 0.3463 -0.2796 0.0316, 0.3369 -0.2731 0.0316, 0.3263 -0.2691 0.0316, 0.315 -0.2677 0.0316, 0.3051 -0.2748 0.0211, 0.2957 -0.2783 0.0211, 0.2875 -0.284 0.0211, 0.2809 -0.2915 0.0211, 0.2763 -0.3003 0.0211, 0.2739 -0.31 0.0211, 0.2739 -0.3199 0.0211, 0.2763 -0.3296 0.0211, 0.2809 -0.3385 0.0211, 0.2875 -0.3459 0.0211, 0.2957 -0.3516 0.0211, 0.3051 -0.3551 0.0211, 0.315 -0.3563 0.0211, 0.3249 -0.3551 0.0211, 0.3342 -0.3516 0.0211, 0.3424 -0.3459 0.0211, 0.349 -0.3385 0.0211, 0.3537 -0.3296 0.0211, 0.356 -0.3199 0.0211, 0.356 -0.31 0.0211, 0.3537 -0.3003 0.0211, 0.349 -0.2915 0.0211, 0.3424 -0.284 0.0211, 0.3342 -0.2783 0.0211, 0.3249 -0.2748 0.0211, 0.315 -0.2736 0.0211, 0.307 -0.2827 0.0122, 0.2995 -0.2855 0.0122, 0.2929 -0.2901 0.0122, 0.2876 -0.2961 0.0122, 0.2839 -0.3032 0.0122, 0.282 -0.311 0.0122, 0.282 -0.319 0.0122, 0.2839 -0.3267 0.0122, 0.2876 -0.3338 0.0122, 0.2929 -0.3398 0.0122, 0.2995 -0.3444 0.0122, 0.307 -0.3472 0.0122, 0.315 -0.3482 0.0122, 0.3229 -0.3472 0.0122, 0.3304 -0.3444 0.0122, 0.337 -0.3398 0.0122, 0.3423 -0.3338 0.0122, 0.346 -0.3267 0.0122, 0.3479 -0.319 0.0122, 0.3479 -0.311 0.0122, 0.346 -0.3032 0.0122, 0.3423 -0.2961 0.0122, 0.337 -0.2901 0.0122, 0.3304 -0.2855 0.0122, 0.3229 -0.2827 0.0122, 0.315 -0.2817 0.0122, 0.3094 -0.2924 0.0056, 0.3042 -0.2944 0.0056, 0.2996 -0.2976 0.0056, 0.2959 -0.3018 0.0056, 0.2932 -0.3067 0.0056, 0.2919 -0.3122 0.0056, 0.2919 -0.3178 0.0056, 0.2932 -0.3232 0.0056, 0.2959 -0.3282 0.0056, 0.2996 -0.3323 0.0056, 0.3042 -0.3355 0.0056, 0.3094 -0.3375 0.0056, 0.315 -0.3382 0.0056, 0.3205 -0.3375 0.0056, 0.3258 -0.3355 0.0056, 0.3304 -0.3323 0.0056, 0.3341 -0.3282 0.0056, 0.3367 -0.3232 0.0056, 0.338 -0.3178 0.0056, 0.338 -0.3122 0.0056, 0.3367 -0.3067 0.0056, 0.3341 -0.3018 0.0056, 0.3304 -0.2976 0.0056, 0.3258 -0.2944 0.0056, 0.3205 -0.2924 0.0056, 0.315 -0.2917 0.0056, 0.1519 0.3255 0.0014, 0.1546 0.3266 0.0014, 0.1575 0.315 0.0, 0.1496 0.3239 0.0014, 0.1477 0.3217 0.0014, 0.1463 0.3192 0.0014, 0.1456 0.3164 0.0014, 0.1456 0.3135 0.0014, 0.1463 0.3107 0.0014, 0.1477 0.3082 0.0014, 0.1496 0.306 0.0014, 0.1519 0.3044 0.0014, 0.1546 0.3034 0.0014, 0.1575 0.303 0.0014, 0.1603 0.3034 0.0014, 0.163 0.3044 0.0014, 0.1654 0.306 0.0014, 0.1673 0.3082 0.0014, 0.1686 0.3107 0.0014, 0.1693 0.3135 0.0014, 0.1693 0.3164 0.0014, 0.1686 0.3192 0.0014, 0.1673 0.3217 0.0014, 0.1654 0.3239 0.0014, 0.163 0.3255 0.0014, 0.1603 0.3266 0.0014, 0.1575 0.3269 0.0014, 0.2062 0.315 0.0669, 0.2058 0.3091 0.0669, 0.2081 0.3088 0.0551, 0.203 0.2977 0.0669, 0.2052 0.2969 0.0551, 0.1976 0.2873 0.0669, 0.1995 0.286 0.0551, 0.1898 0.2785 0.0669, 0.1913 0.2768 0.0551, 0.1801 0.2718 0.0669, 0.1812 0.2698 0.0551, 0.1691 0.2677 0.0669, 0.1697 0.2654 0.0551, 0.1575 0.2663 0.0669, 0.1575 0.2639 0.0551, 0.1458 0.2677 0.0669, 0.1453 0.2654 0.0551, 0.1348 0.2718 0.0669, 0.1338 0.2698 0.0551, 0.1252 0.2785 0.0669, 0.1236 0.2768 0.0551, 0.1174 0.2873 0.0669, 0.1155 0.286 0.0551, 0.1119 0.2977 0.0669, 0.1098 0.2969 0.0551, 0.1091 0.3091 0.0669, 0.1068 0.3088 0.0551, 0.1091 0.3208 0.0669, 0.1068 0.3211 0.0551, 0.1119 0.3322 0.0669, 0.1098 0.3331 0.0551, 0.1174 0.3426 0.0669, 0.1155 0.3439 0.0551, 0.1252 0.3514 0.0669, 0.1236 0.3532 0.0551, 0.1348 0.3581 0.0669, 0.1338 0.3601 0.0551, 0.1458 0.3622 0.0669, 0.1453 0.3645 0.0551, 0.1575 0.3637 0.0669, 0.1575 0.366 0.0551, 0.1691 0.3622 0.0669, 0.1697 0.3645 0.0551, 0.1801 0.3581 0.0669, 0.1812 0.3601 0.0551, 0.1898 0.3514 0.0669, 0.1913 0.3532 0.0551, 0.1976 0.3426 0.0669, 0.1995 0.3439 0.0551, 0.203 0.3322 0.0669, 0.2052 0.3331 0.0551, 0.2058 0.3208 0.0669, 0.2081 0.3211 0.0551, 0.1454 0.364 0.0431, 0.134 0.3597 0.0431, 0.124 0.3528 0.0431, 0.1159 0.3437 0.0431, 0.1102 0.3329 0.0431, 0.1073 0.3211 0.0431, 0.1073 0.3089 0.0431, 0.1102 0.297 0.0431, 0.1159 0.2862 0.0431, 0.124 0.2771 0.0431, 0.134 0.2702 0.0431, 0.1454 0.2659 0.0431, 0.1575 0.2644 0.0431, 0.1696 0.2659 0.0431, 0.181 0.2702 0.0431, 0.191 0.2771 0.0431, 0.1991 0.2862 0.0431, 0.2047 0.297 0.0431, 0.2077 0.3089 0.0431, 0.2077 0.3211 0.0431, 0.2047 0.3329 0.0431, 0.1991 0.3437 0.0431, 0.191 0.3528 0.0431, 0.181 0.3597 0.0431, 0.1696 0.364 0.0431, 0.1575 0.3655 0.0431, 0.1462 0.3609 0.0316, 0.1355 0.3568 0.0316, 0.1261 0.3503 0.0316, 0.1186 0.3418 0.0316, 0.1133 0.3317 0.0316, 0.1106 0.3207 0.0316, 0.1106 0.3093 0.0316, 0.1133 0.2982 0.0316, 0.1186 0.2881 0.0316, 0.1261 0.2796 0.0316, 0.1355 0.2731 0.0316, 0.1462 0.2691 0.0316, 0.1575 0.2677 0.0316, 0.1688 0.2691 0.0316, 0.1794 0.2731 0.0316, 0.1888 0.2796 0.0316, 0.1964 0.2881 0.0316, 0.2017 0.2982 0.0316, 0.2044 0.3093 0.0316, 0.2044 0.3207 0.0316, 0.2017 0.3317 0.0316, 0.1964 0.3418 0.0316, 0.1888 0.3503 0.0316, 0.1794 0.3568 0.0316, 0.1688 0.3609 0.0316, 0.1575 0.3622 0.0316, 0.1476 0.3551 0.0211, 0.1382 0.3516 0.0211, 0.13 0.3459 0.0211, 0.1234 0.3385 0.0211, 0.1188 0.3296 0.0211, 0.1164 0.3199 0.0211, 0.1164 0.31 0.0211, 0.1188 0.3003 0.0211, 0.1234 0.2915 0.0211, 0.13 0.284 0.0211, 0.1382 0.2783 0.0211, 0.1476 0.2748 0.0211, 0.1575 0.2736 0.0211, 0.1674 0.2748 0.0211, 0.1767 0.2783 0.0211, 0.1849 0.284 0.0211, 0.1915 0.2915 0.0211, 0.1962 0.3003 0.0211, 0.1986 0.31 0.0211, 0.1986 0.3199 0.0211, 0.1962 0.3296 0.0211, 0.1915 0.3385 0.0211, 0.1849 0.3459 0.0211, 0.1767 0.3516 0.0211, 0.1674 0.3551 0.0211, 0.1575 0.3563 0.0211, 0.1495 0.3472 0.0122, 0.142 0.3444 0.0122, 0.1355 0.3398 0.0122, 0.1301 0.3338 0.0122, 0.1264 0.3267 0.0122, 0.1245 0.319 0.0122, 0.1245 0.311 0.0122, 0.1264 0.3032 0.0122, 0.1301 0.2961 0.0122, 0.1355 0.2901 0.0122, 0.142 0.2855 0.0122, 0.1495 0.2827 0.0122, 0.1575 0.2817 0.0122, 0.1654 0.2827 0.0122, 0.1729 0.2855 0.0122, 0.1795 0.2901 0.0122, 0.1848 0.2961 0.0122, 0.1885 0.3032 0.0122, 0.1905 0.311 0.0122, 0.1905 0.319 0.0122, 0.1885 0.3267 0.0122, 0.1848 0.3338 0.0122, 0.1795 0.3398 0.0122, 0.1729 0.3444 0.0122, 0.1654 0.3472 0.0122, 0.1575 0.3482 0.0122, 0.1519 0.3375 0.0056, 0.1467 0.3355 0.0056, 0.1421 0.3323 0.0056, 0.1384 0.3282 0.0056, 0.1358 0.3232 0.0056, 0.1344 0.3178 0.0056, 0.1344 0.3122 0.0056, 0.1358 0.3067 0.0056, 0.1384 0.3018 0.0056, 0.1421 0.2976 0.0056, 0.1467 0.2944 0.0056, 0.1519 0.2924 0.0056, 0.1575 0.2917 0.0056, 0.163 0.2924 0.0056, 0.1683 0.2944 0.0056, 0.1729 0.2976 0.0056, 0.1766 0.3018 0.0056, 0.1792 0.3067 0.0056, 0.1805 0.3122 0.0056, 0.1805 0.3178 0.0056, 0.1792 0.3232 0.0056, 0.1766 0.3282 0.0056, 0.1729 0.3323 0.0056, 0.1683 0.3355 0.0056, 0.163 0.3375 0.0056, 0.1575 0.3382 0.0056, 0.1519 0.1681 0.0014, 0.1546 0.1691 0.0014, 0.1575 0.1575 0.0, 0.1496 0.1664 0.0014, 0.1477 0.1643 0.0014, 0.1463 0.1617 0.0014, 0.1456 0.1589 0.0014, 0.1456 0.156 0.0014, 0.1463 0.1532 0.0014, 0.1477 0.1507 0.0014, 0.1496 0.1485 0.0014, 0.1519 0.1469 0.0014, 0.1546 0.1459 0.0014, 0.1575 0.1455 0.0014, 0.1603 0.1459 0.0014, 0.163 0.1469 0.0014, 0.1654 0.1485 0.0014, 0.1673 0.1507 0.0014, 0.1686 0.1532 0.0014, 0.1693 0.156 0.0014, 0.1693 0.1589 0.0014, 0.1686 0.1617 0.0014, 0.1673 0.1643 0.0014, 0.1654 0.1664 0.0014, 0.163 0.1681 0.0014, 0.1603 0.1691 0.0014, 0.1575 0.1694 0.0014, 0.2062 0.1575 0.0669, 0.2058 0.1516 0.0669, 0.2081 0.1513 0.0551, 0.203 0.1402 0.0669, 0.2052 0.1394 0.0551, 0.1976 0.1298 0.0669, 0.1995 0.1285 0.0551, 0.1898 0.121 0.0669, 0.1913 0.1193 0.0551, 0.1801 0.1144 0.0669, 0.1812 0.1123 0.0551, 0.1691 0.1102 0.0669, 0.1697 0.1079 0.0551, 0.1575 0.1088 0.0669, 0.1575 0.1065 0.0551, 0.1458 0.1102 0.0669, 0.1453 0.1079 0.0551, 0.1348 0.1144 0.0669, 0.1338 0.1123 0.0551, 0.1252 0.121 0.0669, 0.1236 0.1193 0.0551, 0.1174 0.1298 0.0669, 0.1155 0.1285 0.0551, 0.1119 0.1402 0.0669, 0.1098 0.1394 0.0551, 0.1091 0.1516 0.0669, 0.1068 0.1513 0.0551, 0.1091 0.1634 0.0669, 0.1068 0.1636 0.0551, 0.1119 0.1747 0.0669, 0.1098 0.1756 0.0551, 0.1174 0.1851 0.0669, 0.1155 0.1865 0.0551, 0.1252 0.1939 0.0669, 0.1236 0.1957 0.0551, 0.1348 0.2006 0.0669, 0.1338 0.2027 0.0551, 0.1458 0.2048 0.0669, 0.1453 0.207 0.0551, 0.1575 0.2062 0.0669, 0.1575 0.2085 0.0551, 0.1691 0.2048 0.0669, 0.1697 0.207 0.0551, 0.1801 0.2006 0.0669, 0.1812 0.2027 0.0551, 0.1898 0.1939 0.0669, 0.1913 0.1957 0.0551, 0.1976 0.1851 0.0669, 0.1995 0.1865 0.0551, 0.203 0.1747 0.0669, 0.2052 0.1756 0.0551, 0.2058 0.1634 0.0669, 0.2081 0.1636 0.0551, 0.1454 0.2066 0.0431, 0.134 0.2022 0.0431, 0.124 0.1953 0.0431, 0.1159 0.1862 0.0431, 0.1102 0.1754 0.0431, 0.1073 0.1636 0.0431, 0.1073 0.1514 0.0431, 0.1102 0.1396 0.0431, 0.1159 0.1288 0.0431, 0.124 0.1196 0.0431, 0.134 0.1127 0.0431, 0.1454 0.1084 0.0431, 0.1575 0.1069 0.0431, 0.1696 0.1084 0.0431, 0.181 0.1127 0.0431, 0.191 0.1196 0.0431, 0.1991 0.1288 0.0431, 0.2047 0.1396 0.0431, 0.2077 0.1514 0.0431, 0.2077 0.1636 0.0431, 0.2047 0.1754 0.0431, 0.1991 0.1862 0.0431, 0.191 0.1953 0.0431, 0.181 0.2022 0.0431, 0.1696 0.2066 0.0431, 0.1575 0.208 0.0431, 0.1462 0.2034 0.0316, 0.1355 0.1993 0.0316, 0.1261 0.1929 0.0316, 0.1186 0.1843 0.0316, 0.1133 0.1742 0.0316, 0.1106 0.1632 0.0316, 0.1106 0.1518 0.0316, 0.1133 0.1407 0.0316, 0.1186 0.1306 0.0316, 0.1261 0.1221 0.0316, 0.1355 0.1156 0.0316, 0.1462 0.1116 0.0316, 0.1575 0.1102 0.0316, 0.1688 0.1116 0.0316, 0.1794 0.1156 0.0316, 0.1888 0.1221 0.0316, 0.1964 0.1306 0.0316, 0.2017 0.1407 0.0316, 0.2044 0.1518 0.0316, 0.2044 0.1632 0.0316, 0.2017 0.1742 0.0316, 0.1964 0.1843 0.0316, 0.1888 0.1929 0.0316, 0.1794 0.1993 0.0316, 0.1688 0.2034 0.0316, 0.1575 0.2047 0.0316, 0.1476 0.1977 0.0211, 0.1382 0.1941 0.0211, 0.13 0.1885 0.0211, 0.1234 0.181 0.0211, 0.1188 0.1722 0.0211, 0.1164 0.1625 0.0211, 0.1164 0.1525 0.0211, 0.1188 0.1428 0.0211, 0.1234 0.134 0.0211, 0.13 0.1265 0.0211, 0.1382 0.1208 0.0211, 0.1476 0.1173 0.0211, 0.1575 0.1161 0.0211, 0.1674 0.1173 0.0211, 0.1767 0.1208 0.0211, 0.1849 0.1265 0.0211, 0.1915 0.134 0.0211, 0.1962 0.1428 0.0211, 0.1986 0.1525 0.0211, 0.1986 0.1625 0.0211, 0.1962 0.1722 0.0211, 0.1915 0.181 0.0211, 0.1849 0.1885 0.0211, 0.1767 0.1941 0.0211, 0.1674 0.1977 0.0211, 0.1575 0.1989 0.0211, 0.1495 0.1897 0.0122, 0.142 0.1869 0.0122, 0.1355 0.1823 0.0122, 0.1301 0.1764 0.0122, 0.1264 0.1693 0.0122, 0.1245 0.1615 0.0122, 0.1245 0.1535 0.0122, 0.1264 0.1457 0.0122, 0.1301 0.1386 0.0122, 0.1355 0.1326 0.0122, 0.142 0.1281 0.0122, 0.1495 0.1252 0.0122, 0.1575 0.1243 0.0122, 0.1654 0.1252 0.0122, 0.1729 0.1281 0.0122, 0.1795 0.1326 0.0122, 0.1848 0.1386 0.0122, 0.1885 0.1457 0.0122, 0.1905 0.1535 0.0122, 0.1905 0.1615 0.0122, 0.1885 0.1693 0.0122, 0.1848 0.1764 0.0122, 0.1795 0.1823 0.0122, 0.1729 0.1869 0.0122, 0.1654 0.1897 0.0122, 0.1575 0.1907 0.0122, 0.1519 0.18 0.0056, 0.1467 0.178 0.0056, 0.1421 0.1749 0.0056, 0.1384 0.1707 0.0056, 0.1358 0.1657 0.0056, 0.1344 0.1603 0.0056, 0.1344 0.1547 0.0056, 0.1358 0.1492 0.0056, 0.1384 0.1443 0.0056, 0.1421 0.1401 0.0056, 0.1467 0.1369 0.0056, 0.1519 0.1349 0.0056, 0.1575 0.1343 0.0056, 0.163 0.1349 0.0056, 0.1683 0.1369 0.0056, 0.1729 0.1401 0.0056, 0.1766 0.1443 0.0056, 0.1792 0.1492 0.0056, 0.1805 0.1547 0.0056, 0.1805 0.1603 0.0056, 0.1792 0.1657 0.0056, 0.1766 0.1707 0.0056, 0.1729 0.1749 0.0056, 0.1683 0.178 0.0056, 0.163 0.18 0.0056, 0.1575 0.1807 0.0056, 0.1519 0.0106 0.0014, 0.1546 0.0116 0.0014, 0.1575 -0.0 0.0, 0.1496 0.0089 0.0014, 0.1477 0.0068 0.0014, 0.1463 0.0042 0.0014, 0.1456 0.0014 0.0014, 0.1456 -0.0014 0.0014, 0.1463 -0.0042 0.0014, 0.1477 -0.0068 0.0014, 0.1496 -0.0089 0.0014, 0.1519 -0.0106 0.0014, 0.1546 -0.0116 0.0014, 0.1575 -0.0119 0.0014, 0.1603 -0.0116 0.0014, 0.163 -0.0106 0.0014, 0.1654 -0.0089 0.0014, 0.1673 -0.0068 0.0014, 0.1686 -0.0042 0.0014, 0.1693 -0.0014 0.0014, 0.1693 0.0014 0.0014, 0.1686 0.0042 0.0014, 0.1673 0.0068 0.0014, 0.1654 0.0089 0.0014, 0.163 0.0106 0.0014, 0.1603 0.0116 0.0014, 0.1575 0.0119 0.0014, 0.2062 -0.0 0.0669, 0.2058 -0.0059 0.0669, 0.2081 -0.0062 0.0551, 0.203 -0.0173 0.0669, 0.2052 -0.0181 0.0551, 0.1976 -0.0277 0.0669, 0.1995 -0.029 0.0551, 0.1898 -0.0365 0.0669, 0.1913 -0.0382 0.0551, 0.1801 -0.0431 0.0669, 0.1812 -0.0452 0.0551, 0.1691 -0.0473 0.0669, 0.1697 -0.0495 0.0551, 0.1575 -0.0487 0.0669, 0.1575 -0.051 0.0551, 0.1458 -0.0473 0.0669, 0.1453 -0.0495 0.0551, 0.1348 -0.0431 0.0669, 0.1338 -0.0452 0.0551, 0.1252 -0.0365 0.0669, 0.1236 -0.0382 0.0551, 0.1174 -0.0277 0.0669, 0.1155 -0.029 0.0551, 0.1119 -0.0173 0.0669, 0.1098 -0.0181 0.0551, 0.1091 -0.0059 0.0669, 0.1068 -0.0062 0.0551, 0.1091 0.0059 0.0669, 0.1068 0.0062 0.0551, 0.1119 0.0173 0.0669, 0.1098 0.0181 0.0551, 0.1174 0.0277 0.0669, 0.1155 0.029 0.0551, 0.1252 0.0365 0.0669, 0.1236 0.0382 0.0551, 0.1348 0.0431 0.0669, 0.1338 0.0452 0.0551, 0.1458 0.0473 0.0669, 0.1453 0.0495 0.0551, 0.1575 0.0487 0.0669, 0.1575 0.051 0.0551, 0.1691 0.0473 0.0669, 0.1697 0.0495 0.0551, 0.1801 0.0431 0.0669, 0.1812 0.0452 0.0551, 0.1898 0.0365 0.0669, 0.1913 0.0382 0.0551, 0.1976 0.0277 0.0669, 0.1995 0.029 0.0551, 0.203 0.0173 0.0669, 0.2052 0.0181 0.0551, 0.2058 0.0059 0.0669, 0.2081 0.0062 0.0551, 0.1454 0.0491 0.0431, 0.134 0.0448 0.0431, 0.124 0.0378 0.0431, 0.1159 0.0287 0.0431, 0.1102 0.0179 0.0431, 0.1073 0.0061 0.0431, 0.1073 -0.0061 0.0431, 0.1102 -0.0179 0.0431, 0.1159 -0.0287 0.0431, 0.124 -0.0378 0.0431, 0.134 -0.0448 0.0431, 0.1454 -0.0491 0.0431, 0.1575 -0.0505 0.0431, 0.1696 -0.0491 0.0431, 0.181 -0.0448 0.0431, 0.191 -0.0378 0.0431, 0.1991 -0.0287 0.0431, 0.2047 -0.0179 0.0431, 0.2077 -0.0061 0.0431, 0.2077 0.0061 0.0431, 0.2047 0.0179 0.0431, 0.1991 0.0287 0.0431, 0.191 0.0378 0.0431, 0.181 0.0448 0.0431, 0.1696 0.0491 0.0431, 0.1575 0.0505 0.0431, 0.1462 0.0459 0.0316, 0.1355 0.0419 0.0316, 0.1261 0.0354 0.0316, 0.1186 0.0269 0.0316, 0.1133 0.0168 0.0316, 0.1106 0.0057 0.0316, 0.1106 -0.0057 0.0316, 0.1133 -0.0168 0.0316, 0.1186 -0.0269 0.0316, 0.1261 -0.0354 0.0316, 0.1355 -0.0419 0.0316, 0.1462 -0.0459 0.0316, 0.1575 -0.0473 0.0316, 0.1688 -0.0459 0.0316, 0.1794 -0.0419 0.0316, 0.1888 -0.0354 0.0316, 0.1964 -0.0269 0.0316, 0.2017 -0.0168 0.0316, 0.2044 -0.0057 0.0316, 0.2044 0.0057 0.0316, 0.2017 0.0168 0.0316, 0.1964 0.0269 0.0316, 0.1888 0.0354 0.0316, 0.1794 0.0419 0.0316, 0.1688 0.0459 0.0316, 0.1575 0.0473 0.0316, 0.1476 0.0402 0.0211, 0.1382 0.0366 0.0211, 0.13 0.031 0.0211, 0.1234 0.0235 0.0211, 0.1188 0.0147 0.0211, 0.1164 0.005 0.0211, 0.1164 -0.005 0.0211, 0.1188 -0.0147 0.0211, 0.1234 -0.0235 0.0211, 0.13 -0.031 0.0211, 0.1382 -0.0366 0.0211, 0.1476 -0.0402 0.0211, 0.1575 -0.0414 0.0211, 0.1674 -0.0402 0.0211, 0.1767 -0.0366 0.0211, 0.1849 -0.031 0.0211, 0.1915 -0.0235 0.0211, 0.1962 -0.0147 0.0211, 0.1986 -0.005 0.0211, 0.1986 0.005 0.0211, 0.1962 0.0147 0.0211, 0.1915 0.0235 0.0211, 0.1849 0.031 0.0211, 0.1767 0.0366 0.0211, 0.1674 0.0402 0.0211, 0.1575 0.0414 0.0211, 0.1495 0.0323 0.0122, 0.142 0.0294 0.0122, 0.1355 0.0249 0.0122, 0.1301 0.0189 0.0122, 0.1264 0.0118 0.0122, 0.1245 0.004 0.0122, 0.1245 -0.004 0.0122, 0.1264 -0.0118 0.0122, 0.1301 -0.0189 0.0122, 0.1355 -0.0249 0.0122, 0.142 -0.0294 0.0122, 0.1495 -0.0323 0.0122, 0.1575 -0.0332 0.0122, 0.1654 -0.0323 0.0122, 0.1729 -0.0294 0.0122, 0.1795 -0.0249 0.0122, 0.1848 -0.0189 0.0122, 0.1885 -0.0118 0.0122, 0.1905 -0.004 0.0122, 0.1905 0.004 0.0122, 0.1885 0.0118 0.0122, 0.1848 0.0189 0.0122, 0.1795 0.0249 0.0122, 0.1729 0.0294 0.0122, 0.1654 0.0323 0.0122, 0.1575 0.0332 0.0122, 0.1519 0.0225 0.0056, 0.1467 0.0206 0.0056, 0.1421 0.0174 0.0056, 0.1384 0.0132 0.0056, 0.1358 0.0082 0.0056, 0.1344 0.0028 0.0056, 0.1344 -0.0028 0.0056, 0.1358 -0.0082 0.0056, 0.1384 -0.0132 0.0056, 0.1421 -0.0174 0.0056, 0.1467 -0.0206 0.0056, 0.1519 -0.0225 0.0056, 0.1575 -0.0232 0.0056, 0.163 -0.0225 0.0056, 0.1683 -0.0206 0.0056, 0.1729 -0.0174 0.0056, 0.1766 -0.0132 0.0056, 0.1792 -0.0082 0.0056, 0.1805 -0.0028 0.0056, 0.1805 0.0028 0.0056, 0.1792 0.0082 0.0056, 0.1766 0.0132 0.0056, 0.1729 0.0174 0.0056, 0.1683 0.0206 0.0056, 0.163 0.0225 0.0056, 0.1575 0.0232 0.0056, 0.1519 -0.1469 0.0014, 0.1546 -0.1459 0.0014, 0.1575 -0.1575 0.0, 0.1496 -0.1485 0.0014, 0.1477 -0.1507 0.0014, 0.1463 -0.1532 0.0014, 0.1456 -0.156 0.0014, 0.1456 -0.1589 0.0014, 0.1463 -0.1617 0.0014, 0.1477 -0.1643 0.0014, 0.1496 -0.1664 0.0014, 0.1519 -0.1681 0.0014, 0.1546 -0.1691 0.0014, 0.1575 -0.1694 0.0014, 0.1603 -0.1691 0.0014, 0.163 -0.1681 0.0014, 0.1654 -0.1664 0.0014, 0.1673 -0.1643 0.0014, 0.1686 -0.1617 0.0014, 0.1693 -0.1589 0.0014, 0.1693 -0.156 0.0014, 0.1686 -0.1532 0.0014, 0.1673 -0.1507 0.0014, 0.1654 -0.1485 0.0014, 0.163 -0.1469 0.0014, 0.1603 -0.1459 0.0014, 0.1575 -0.1455 0.0014, 0.2062 -0.1575 0.0669, 0.2058 -0.1634 0.0669, 0.2081 -0.1636 0.0551, 0.203 -0.1747 0.0669, 0.2052 -0.1756 0.0551, 0.1976 -0.1851 0.0669, 0.1995 -0.1865 0.0551, 0.1898 -0.1939 0.0669, 0.1913 -0.1957 0.0551, 0.1801 -0.2006 0.0669, 0.1812 -0.2027 0.0551, 0.1691 -0.2048 0.0669, 0.1697 -0.207 0.0551, 0.1575 -0.2062 0.0669, 0.1575 -0.2085 0.0551, 0.1458 -0.2048 0.0669, 0.1453 -0.207 0.0551, 0.1348 -0.2006 0.0669, 0.1338 -0.2027 0.0551, 0.1252 -0.1939 0.0669, 0.1236 -0.1957 0.0551, 0.1174 -0.1851 0.0669, 0.1155 -0.1865 0.0551, 0.1119 -0.1747 0.0669, 0.1098 -0.1756 0.0551, 0.1091 -0.1634 0.0669, 0.1068 -0.1636 0.0551, 0.1091 -0.1516 0.0669, 0.1068 -0.1513 0.0551, 0.1119 -0.1402 0.0669, 0.1098 -0.1394 0.0551, 0.1174 -0.1298 0.0669, 0.1155 -0.1285 0.0551, 0.1252 -0.121 0.0669, 0.1236 -0.1193 0.0551, 0.1348 -0.1144 0.0669, 0.1338 -0.1123 0.0551, 0.1458 -0.1102 0.0669, 0.1453 -0.1079 0.0551, 0.1575 -0.1088 0.0669, 0.1575 -0.1065 0.0551, 0.1691 -0.1102 0.0669, 0.1697 -0.1079 0.0551, 0.1801 -0.1144 0.0669, 0.1812 -0.1123 0.0551, 0.1898 -0.121 0.0669, 0.1913 -0.1193 0.0551, 0.1976 -0.1298 0.0669, 0.1995 -0.1285 0.0551, 0.203 -0.1402 0.0669, 0.2052 -0.1394 0.0551, 0.2058 -0.1516 0.0669, 0.2081 -0.1513 0.0551, 0.1454 -0.1084 0.0431, 0.134 -0.1127 0.0431, 0.124 -0.1196 0.0431, 0.1159 -0.1288 0.0431, 0.1102 -0.1396 0.0431, 0.1073 -0.1514 0.0431, 0.1073 -0.1636 0.0431, 0.1102 -0.1754 0.0431, 0.1159 -0.1862 0.0431, 0.124 -0.1953 0.0431, 0.134 -0.2022 0.0431, 0.1454 -0.2066 0.0431, 0.1575 -0.208 0.0431, 0.1696 -0.2066 0.0431, 0.181 -0.2022 0.0431, 0.191 -0.1953 0.0431, 0.1991 -0.1862 0.0431, 0.2047 -0.1754 0.0431, 0.2077 -0.1636 0.0431, 0.2077 -0.1514 0.0431, 0.2047 -0.1396 0.0431, 0.1991 -0.1288 0.0431, 0.191 -0.1196 0.0431, 0.181 -0.1127 0.0431, 0.1696 -0.1084 0.0431, 0.1575 -0.1069 0.0431, 0.1462 -0.1116 0.0316, 0.1355 -0.1156 0.0316, 0.1261 -0.1221 0.0316, 0.1186 -0.1306 0.0316, 0.1133 -0.1407 0.0316, 0.1106 -0.1518 0.0316, 0.1106 -0.1632 0.0316, 0.1133 -0.1742 0.0316, 0.1186 -0.1843 0.0316, 0.1261 -0.1929 0.0316, 0.1355 -0.1993 0.0316, 0.1462 -0.2034 0.0316, 0.1575 -0.2047 0.0316, 0.1688 -0.2034 0.0316, 0.1794 -0.1993 0.0316, 0.1888 -0.1929 0.0316, 0.1964 -0.1843 0.0316, 0.2017 -0.1742 0.0316, 0.2044 -0.1632 0.0316, 0.2044 -0.1518 0.0316, 0.2017 -0.1407 0.0316, 0.1964 -0.1306 0.0316, 0.1888 -0.1221 0.0316, 0.1794 -0.1156 0.0316, 0.1688 -0.1116 0.0316, 0.1575 -0.1102 0.0316, 0.1476 -0.1173 0.0211, 0.1382 -0.1208 0.0211, 0.13 -0.1265 0.0211, 0.1234 -0.134 0.0211, 0.1188 -0.1428 0.0211, 0.1164 -0.1525 0.0211, 0.1164 -0.1625 0.0211, 0.1188 -0.1722 0.0211, 0.1234 -0.181 0.0211, 0.13 -0.1885 0.0211, 0.1382 -0.1941 0.0211, 0.1476 -0.1977 0.0211, 0.1575 -0.1989 0.0211, 0.1674 -0.1977 0.0211, 0.1767 -0.1941 0.0211, 0.1849 -0.1885 0.0211, 0.1915 -0.181 0.0211, 0.1962 -0.1722 0.0211, 0.1986 -0.1625 0.0211, 0.1986 -0.1525 0.0211, 0.1962 -0.1428 0.0211, 0.1915 -0.134 0.0211, 0.1849 -0.1265 0.0211, 0.1767 -0.1208 0.0211, 0.1674 -0.1173 0.0211, 0.1575 -0.1161 0.0211, 0.1495 -0.1252 0.0122, 0.142 -0.1281 0.0122, 0.1355 -0.1326 0.0122, 0.1301 -0.1386 0.0122, 0.1264 -0.1457 0.0122, 0.1245 -0.1535 0.0122, 0.1245 -0.1615 0.0122, 0.1264 -0.1693 0.0122, 0.1301 -0.1764 0.0122, 0.1355 -0.1823 0.0122, 0.142 -0.1869 0.0122, 0.1495 -0.1897 0.0122, 0.1575 -0.1907 0.0122, 0.1654 -0.1897 0.0122, 0.1729 -0.1869 0.0122, 0.1795 -0.1823 0.0122, 0.1848 -0.1764 0.0122, 0.1885 -0.1693 0.0122, 0.1905 -0.1615 0.0122, 0.1905 -0.1535 0.0122, 0.1885 -0.1457 0.0122, 0.1848 -0.1386 0.0122, 0.1795 -0.1326 0.0122, 0.1729 -0.1281 0.0122, 0.1654 -0.1252 0.0122, 0.1575 -0.1243 0.0122, 0.1519 -0.1349 0.0056, 0.1467 -0.1369 0.0056, 0.1421 -0.1401 0.0056, 0.1384 -0.1443 0.0056, 0.1358 -0.1492 0.0056, 0.1344 -0.1547 0.0056, 0.1344 -0.1603 0.0056, 0.1358 -0.1657 0.0056, 0.1384 -0.1707 0.0056, 0.1421 -0.1749 0.0056, 0.1467 -0.178 0.0056, 0.1519 -0.18 0.0056, 0.1575 -0.1807 0.0056, 0.163 -0.18 0.0056, 0.1683 -0.178 0.0056, 0.1729 -0.1749 0.0056, 0.1766 -0.1707 0.0056, 0.1792 -0.1657 0.0056, 0.1805 -0.1603 0.0056, 0.1805 -0.1547 0.0056, 0.1792 -0.1492 0.0056, 0.1766 -0.1443 0.0056, 0.1729 -0.1401 0.0056, 0.1683 -0.1369 0.0056, 0.163 -0.1349 0.0056, 0.1575 -0.1343 0.0056, 0.1519 -0.3044 0.0014, 0.1546 -0.3034 0.0014, 0.1575 -0.315 0.0, 0.1496 -0.306 0.0014, 0.1477 -0.3082 0.0014, 0.1463 -0.3107 0.0014, 0.1456 -0.3135 0.0014, 0.1456 -0.3164 0.0014, 0.1463 -0.3192 0.0014, 0.1477 -0.3217 0.0014, 0.1496 -0.3239 0.0014, 0.1519 -0.3255 0.0014, 0.1546 -0.3266 0.0014, 0.1575 -0.3269 0.0014, 0.1603 -0.3266 0.0014, 0.163 -0.3255 0.0014, 0.1654 -0.3239 0.0014, 0.1673 -0.3217 0.0014, 0.1686 -0.3192 0.0014, 0.1693 -0.3164 0.0014, 0.1693 -0.3135 0.0014, 0.1686 -0.3107 0.0014, 0.1673 -0.3082 0.0014, 0.1654 -0.306 0.0014, 0.163 -0.3044 0.0014, 0.1603 -0.3034 0.0014, 0.1575 -0.303 0.0014, 0.2062 -0.315 0.0669, 0.2058 -0.3208 0.0669, 0.2081 -0.3211 0.0551, 0.203 -0.3322 0.0669, 0.2052 -0.3331 0.0551, 0.1976 -0.3426 0.0669, 0.1995 -0.3439 0.0551, 0.1898 -0.3514 0.0669, 0.1913 -0.3532 0.0551, 0.1801 -0.3581 0.0669, 0.1812 -0.3601 0.0551, 0.1691 -0.3622 0.0669, 0.1697 -0.3645 0.0551, 0.1575 -0.3637 0.0669, 0.1575 -0.366 0.0551, 0.1458 -0.3622 0.0669, 0.1453 -0.3645 0.0551, 0.1348 -0.3581 0.0669, 0.1338 -0.3601 0.0551, 0.1252 -0.3514 0.0669, 0.1236 -0.3532 0.0551, 0.1174 -0.3426 0.0669, 0.1155 -0.3439 0.0551, 0.1119 -0.3322 0.0669, 0.1098 -0.3331 0.0551, 0.1091 -0.3208 0.0669, 0.1068 -0.3211 0.0551, 0.1091 -0.3091 0.0669, 0.1068 -0.3088 0.0551, 0.1119 -0.2977 0.0669, 0.1098 -0.2969 0.0551, 0.1174 -0.2873 0.0669, 0.1155 -0.286 0.0551, 0.1252 -0.2785 0.0669, 0.1236 -0.2768 0.0551, 0.1348 -0.2718 0.0669, 0.1338 -0.2698 0.0551, 0.1458 -0.2677 0.0669, 0.1453 -0.2654 0.0551, 0.1575 -0.2663 0.0669, 0.1575 -0.2639 0.0551, 0.1691 -0.2677 0.0669, 0.1697 -0.2654 0.0551, 0.1801 -0.2718 0.0669, 0.1812 -0.2698 0.0551, 0.1898 -0.2785 0.0669, 0.1913 -0.2768 0.0551, 0.1976 -0.2873 0.0669, 0.1995 -0.286 0.0551, 0.203 -0.2977 0.0669, 0.2052 -0.2969 0.0551, 0.2058 -0.3091 0.0669, 0.2081 -0.3088 0.0551, 0.1454 -0.2659 0.0431, 0.134 -0.2702 0.0431, 0.124 -0.2771 0.0431, 0.1159 -0.2862 0.0431, 0.1102 -0.297 0.0431, 0.1073 -0.3089 0.0431, 0.1073 -0.3211 0.0431, 0.1102 -0.3329 0.0431, 0.1159 -0.3437 0.0431, 0.124 -0.3528 0.0431, 0.134 -0.3597 0.0431, 0.1454 -0.364 0.0431, 0.1575 -0.3655 0.0431, 0.1696 -0.364 0.0431, 0.181 -0.3597 0.0431, 0.191 -0.3528 0.0431, 0.1991 -0.3437 0.0431, 0.2047 -0.3329 0.0431, 0.2077 -0.3211 0.0431, 0.2077 -0.3089 0.0431, 0.2047 -0.297 0.0431, 0.1991 -0.2862 0.0431, 0.191 -0.2771 0.0431, 0.181 -0.2702 0.0431, 0.1696 -0.2659 0.0431, 0.1575 -0.2644 0.0431, 0.1462 -0.2691 0.0316, 0.1355 -0.2731 0.0316, 0.1261 -0.2796 0.0316, 0.1186 -0.2881 0.0316, 0.1133 -0.2982 0.0316, 0.1106 -0.3093 0.0316, 0.1106 -0.3207 0.0316, 0.1133 -0.3317 0.0316, 0.1186 -0.3418 0.0316, 0.1261 -0.3503 0.0316, 0.1355 -0.3568 0.0316, 0.1462 -0.3609 0.0316, 0.1575 -0.3622 0.0316, 0.1688 -0.3609 0.0316, 0.1794 -0.3568 0.0316, 0.1888 -0.3503 0.0316, 0.1964 -0.3418 0.0316, 0.2017 -0.3317 0.0316, 0.2044 -0.3207 0.0316, 0.2044 -0.3093 0.0316, 0.2017 -0.2982 0.0316, 0.1964 -0.2881 0.0316, 0.1888 -0.2796 0.0316, 0.1794 -0.2731 0.0316, 0.1688 -0.2691 0.0316, 0.1575 -0.2677 0.0316, 0.1476 -0.2748 0.0211, 0.1382 -0.2783 0.0211, 0.13 -0.284 0.0211, 0.1234 -0.2915 0.0211, 0.1188 -0.3003 0.0211, 0.1164 -0.31 0.0211, 0.1164 -0.3199 0.0211, 0.1188 -0.3296 0.0211, 0.1234 -0.3385 0.0211, 0.13 -0.3459 0.0211, 0.1382 -0.3516 0.0211, 0.1476 -0.3551 0.0211, 0.1575 -0.3563 0.0211, 0.1674 -0.3551 0.0211, 0.1767 -0.3516 0.0211, 0.1849 -0.3459 0.0211, 0.1915 -0.3385 0.0211, 0.1962 -0.3296 0.0211, 0.1986 -0.3199 0.0211, 0.1986 -0.31 0.0211, 0.1962 -0.3003 0.0211, 0.1915 -0.2915 0.0211, 0.1849 -0.284 0.0211, 0.1767 -0.2783 0.0211, 0.1674 -0.2748 0.0211, 0.1575 -0.2736 0.0211, 0.1495 -0.2827 0.0122, 0.142 -0.2855 0.0122, 0.1355 -0.2901 0.0122, 0.1301 -0.2961 0.0122, 0.1264 -0.3032 0.0122, 0.1245 -0.311 0.0122, 0.1245 -0.319 0.0122, 0.1264 -0.3267 0.0122, 0.1301 -0.3338 0.0122, 0.1355 -0.3398 0.0122, 0.142 -0.3444 0.0122, 0.1495 -0.3472 0.0122, 0.1575 -0.3482 0.0122, 0.1654 -0.3472 0.0122, 0.1729 -0.3444 0.0122, 0.1795 -0.3398 0.0122, 0.1848 -0.3338 0.0122, 0.1885 -0.3267 0.0122, 0.1905 -0.319 0.0122, 0.1905 -0.311 0.0122, 0.1885 -0.3032 0.0122, 0.1848 -0.2961 0.0122, 0.1795 -0.2901 0.0122, 0.1729 -0.2855 0.0122, 0.1654 -0.2827 0.0122, 0.1575 -0.2817 0.0122, 0.1519 -0.2924 0.0056, 0.1467 -0.2944 0.0056, 0.1421 -0.2976 0.0056, 0.1384 -0.3018 0.0056, 0.1358 -0.3067 0.0056, 0.1344 -0.3122 0.0056, 0.1344 -0.3178 0.0056, 0.1358 -0.3232 0.0056, 0.1384 -0.3282 0.0056, 0.1421 -0.3323 0.0056, 0.1467 -0.3355 0.0056, 0.1519 -0.3375 0.0056, 0.1575 -0.3382 0.0056, 0.163 -0.3375 0.0056, 0.1683 -0.3355 0.0056, 0.1729 -0.3323 0.0056, 0.1766 -0.3282 0.0056, 0.1792 -0.3232 0.0056, 0.1805 -0.3178 0.0056, 0.1805 -0.3122 0.0056, 0.1792 -0.3067 0.0056, 0.1766 -0.3018 0.0056, 0.1729 -0.2976 0.0056, 0.1683 -0.2944 0.0056, 0.163 -0.2924 0.0056, 0.1575 -0.2917 0.0056, -0.0055 0.3255 0.0014, -0.0029 0.3266 0.0014, 0.0 0.315 0.0, -0.0079 0.3239 0.0014, -0.0098 0.3217 0.0014, -0.0112 0.3192 0.0014, -0.0119 0.3164 0.0014, -0.0119 0.3135 0.0014, -0.0112 0.3107 0.0014, -0.0098 0.3082 0.0014, -0.0079 0.306 0.0014, -0.0055 0.3044 0.0014, -0.0029 0.3034 0.0014, 0.0 0.303 0.0014, 0.0029 0.3034 0.0014, 0.0055 0.3044 0.0014, 0.0079 0.306 0.0014, 0.0098 0.3082 0.0014, 0.0112 0.3107 0.0014, 0.0119 0.3135 0.0014, 0.0119 0.3164 0.0014, 0.0112 0.3192 0.0014, 0.0098 0.3217 0.0014, 0.0079 0.3239 0.0014, 0.0055 0.3255 0.0014, 0.0029 0.3266 0.0014, 0.0 0.3269 0.0014, 0.0487 0.315 0.0669, 0.0483 0.3091 0.0669, 0.0507 0.3088 0.0551, 0.0455 0.2977 0.0669, 0.0477 0.2969 0.0551, 0.0401 0.2873 0.0669, 0.042 0.286 0.0551, 0.0323 0.2785 0.0669, 0.0338 0.2768 0.0551, 0.0226 0.2718 0.0669, 0.0237 0.2698 0.0551, 0.0117 0.2677 0.0669, 0.0122 0.2654 0.0551, 0.0 0.2663 0.0669, 0.0 0.2639 0.0551, -0.0117 0.2677 0.0669, -0.0122 0.2654 0.0551, -0.0226 0.2718 0.0669, -0.0237 0.2698 0.0551, -0.0323 0.2785 0.0669, -0.0338 0.2768 0.0551, -0.0401 0.2873 0.0669, -0.042 0.286 0.0551, -0.0455 0.2977 0.0669, -0.0477 0.2969 0.0551, -0.0483 0.3091 0.0669, -0.0507 0.3088 0.0551, -0.0483 0.3208 0.0669, -0.0507 0.3211 0.0551, -0.0455 0.3322 0.0669, -0.0477 0.3331 0.0551, -0.0401 0.3426 0.0669, -0.042 0.3439 0.0551, -0.0323 0.3514 0.0669, -0.0338 0.3532 0.0551, -0.0226 0.3581 0.0669, -0.0237 0.3601 0.0551, -0.0117 0.3622 0.0669, -0.0122 0.3645 0.0551, 0.0 0.3637 0.0669, 0.0 0.366 0.0551, 0.0117 0.3622 0.0669, 0.0122 0.3645 0.0551, 0.0226 0.3581 0.0669, 0.0237 0.3601 0.0551, 0.0323 0.3514 0.0669, 0.0338 0.3532 0.0551, 0.0401 0.3426 0.0669, 0.042 0.3439 0.0551, 0.0455 0.3322 0.0669, 0.0477 0.3331 0.0551, 0.0483 0.3208 0.0669, 0.0507 0.3211 0.0551, -0.0121 0.364 0.0431, -0.0235 0.3597 0.0431, -0.0335 0.3528 0.0431, -0.0416 0.3437 0.0431, -0.0473 0.3329 0.0431, -0.0502 0.3211 0.0431, -0.0502 0.3089 0.0431, -0.0473 0.297 0.0431, -0.0416 0.2862 0.0431, -0.0335 0.2771 0.0431, -0.0235 0.2702 0.0431, -0.0121 0.2659 0.0431, 0.0 0.2644 0.0431, 0.0121 0.2659 0.0431, 0.0235 0.2702 0.0431, 0.0335 0.2771 0.0431, 0.0416 0.2862 0.0431, 0.0473 0.297 0.0431, 0.0502 0.3089 0.0431, 0.0502 0.3211 0.0431, 0.0473 0.3329 0.0431, 0.0416 0.3437 0.0431, 0.0335 0.3528 0.0431, 0.0235 0.3597 0.0431, 0.0121 0.364 0.0431, 0.0 0.3655 0.0431, -0.0113 0.3609 0.0316, -0.022 0.3568 0.0316, -0.0313 0.3503 0.0316, -0.0389 0.3418 0.0316, -0.0442 0.3317 0.0316, -0.0469 0.3207 0.0316, -0.0469 0.3093 0.0316, -0.0442 0.2982 0.0316, -0.0389 0.2881 0.0316, -0.0313 0.2796 0.0316, -0.022 0.2731 0.0316, -0.0113 0.2691 0.0316, 0.0 0.2677 0.0316, 0.0113 0.2691 0.0316, 0.022 0.2731 0.0316, 0.0313 0.2796 0.0316, 0.0389 0.2881 0.0316, 0.0442 0.2982 0.0316, 0.0469 0.3093 0.0316, 0.0469 0.3207 0.0316, 0.0442 0.3317 0.0316, 0.0389 0.3418 0.0316, 0.0313 0.3503 0.0316, 0.022 0.3568 0.0316, 0.0113 0.3609 0.0316, 0.0 0.3622 0.0316, -0.0099 0.3551 0.0211, -0.0192 0.3516 0.0211, -0.0274 0.3459 0.0211, -0.0341 0.3385 0.0211, -0.0387 0.3296 0.0211, -0.0411 0.3199 0.0211, -0.0411 0.31 0.0211, -0.0387 0.3003 0.0211, -0.0341 0.2915 0.0211, -0.0274 0.284 0.0211, -0.0192 0.2783 0.0211, -0.0099 0.2748 0.0211, 0.0 0.2736 0.0211, 0.0099 0.2748 0.0211, 0.0192 0.2783 0.0211, 0.0274 0.284 0.0211, 0.0341 0.2915 0.0211, 0.0387 0.3003 0.0211, 0.0411 0.31 0.0211, 0.0411 0.3199 0.0211, 0.0387 0.3296 0.0211, 0.0341 0.3385 0.0211, 0.0274 0.3459 0.0211, 0.0192 0.3516 0.0211, 0.0099 0.3551 0.0211, 0.0 0.3563 0.0211, -0.0079 0.3472 0.0122, -0.0154 0.3444 0.0122, -0.022 0.3398 0.0122, -0.0273 0.3338 0.0122, -0.0311 0.3267 0.0122, -0.033 0.319 0.0122, -0.033 0.311 0.0122, -0.0311 0.3032 0.0122, -0.0273 0.2961 0.0122, -0.022 0.2901 0.0122, -0.0154 0.2855 0.0122, -0.0079 0.2827 0.0122, 0.0 0.2817 0.0122, 0.0079 0.2827 0.0122, 0.0154 0.2855 0.0122, 0.022 0.2901 0.0122, 0.0273 0.2961 0.0122, 0.0311 0.3032 0.0122, 0.033 0.311 0.0122, 0.033 0.319 0.0122, 0.0311 0.3267 0.0122, 0.0273 0.3338 0.0122, 0.022 0.3398 0.0122, 0.0154 0.3444 0.0122, 0.0079 0.3472 0.0122, 0.0 0.3482 0.0122, -0.0056 0.3375 0.0056, -0.0108 0.3355 0.0056, -0.0154 0.3323 0.0056, -0.0191 0.3282 0.0056, -0.0217 0.3232 0.0056, -0.0231 0.3178 0.0056, -0.0231 0.3122 0.0056, -0.0217 0.3067 0.0056, -0.0191 0.3018 0.0056, -0.0154 0.2976 0.0056, -0.0108 0.2944 0.0056, -0.0056 0.2924 0.0056, 0.0 0.2917 0.0056, 0.0056 0.2924 0.0056, 0.0108 0.2944 0.0056, 0.0154 0.2976 0.0056, 0.0191 0.3018 0.0056, 0.0217 0.3067 0.0056, 0.0231 0.3122 0.0056, 0.0231 0.3178 0.0056, 0.0217 0.3232 0.0056, 0.0191 0.3282 0.0056, 0.0154 0.3323 0.0056, 0.0108 0.3355 0.0056, 0.0056 0.3375 0.0056, 0.0 0.3382 0.0056, -0.0055 0.1681 0.0014, -0.0029 0.1691 0.0014, 0.0 0.1575 0.0, -0.0079 0.1664 0.0014, -0.0098 0.1643 0.0014, -0.0112 0.1617 0.0014, -0.0119 0.1589 0.0014, -0.0119 0.156 0.0014, -0.0112 0.1532 0.0014, -0.0098 0.1507 0.0014, -0.0079 0.1485 0.0014, -0.0055 0.1469 0.0014, -0.0029 0.1459 0.0014, 0.0 0.1455 0.0014, 0.0029 0.1459 0.0014, 0.0055 0.1469 0.0014, 0.0079 0.1485 0.0014, 0.0098 0.1507 0.0014, 0.0112 0.1532 0.0014, 0.0119 0.156 0.0014, 0.0119 0.1589 0.0014, 0.0112 0.1617 0.0014, 0.0098 0.1643 0.0014, 0.0079 0.1664 0.0014, 0.0055 0.1681 0.0014, 0.0029 0.1691 0.0014, 0.0 0.1694 0.0014, 0.0487 0.1575 0.0669, 0.0483 0.1516 0.0669, 0.0507 0.1513 0.0551, 0.0455 0.1402 0.0669, 0.0477 0.1394 0.0551, 0.0401 0.1298 0.0669, 0.042 0.1285 0.0551, 0.0323 0.121 0.0669, 0.0338 0.1193 0.0551, 0.0226 0.1144 0.0669, 0.0237 0.1123 0.0551, 0.0117 0.1102 0.0669, 0.0122 0.1079 0.0551, 0.0 0.1088 0.0669, 0.0 0.1065 0.0551, -0.0117 0.1102 0.0669, -0.0122 0.1079 0.0551, -0.0226 0.1144 0.0669, -0.0237 0.1123 0.0551, -0.0323 0.121 0.0669, -0.0338 0.1193 0.0551, -0.0401 0.1298 0.0669, -0.042 0.1285 0.0551, -0.0455 0.1402 0.0669, -0.0477 0.1394 0.0551, -0.0483 0.1516 0.0669, -0.0507 0.1513 0.0551, -0.0483 0.1634 0.0669, -0.0507 0.1636 0.0551, -0.0455 0.1747 0.0669, -0.0477 0.1756 0.0551, -0.0401 0.1851 0.0669, -0.042 0.1865 0.0551, -0.0323 0.1939 0.0669, -0.0338 0.1957 0.0551, -0.0226 0.2006 0.0669, -0.0237 0.2027 0.0551, -0.0117 0.2048 0.0669, -0.0122 0.207 0.0551, 0.0 0.2062 0.0669, 0.0 0.2085 0.0551, 0.0117 0.2048 0.0669, 0.0122 0.207 0.0551, 0.0226 0.2006 0.0669, 0.0237 0.2027 0.0551, 0.0323 0.1939 0.0669, 0.0338 0.1957 0.0551, 0.0401 0.1851 0.0669, 0.042 0.1865 0.0551, 0.0455 0.1747 0.0669, 0.0477 0.1756 0.0551, 0.0483 0.1634 0.0669, 0.0507 0.1636 0.0551, -0.0121 0.2066 0.0431, -0.0235 0.2022 0.0431, -0.0335 0.1953 0.0431, -0.0416 0.1862 0.0431, -0.0473 0.1754 0.0431, -0.0502 0.1636 0.0431, -0.0502 0.1514 0.0431, -0.0473 0.1396 0.0431, -0.0416 0.1288 0.0431, -0.0335 0.1196 0.0431, -0.0235 0.1127 0.0431, -0.0121 0.1084 0.0431, 0.0 0.1069 0.0431, 0.0121 0.1084 0.0431, 0.0235 0.1127 0.0431, 0.0335 0.1196 0.0431, 0.0416 0.1288 0.0431, 0.0473 0.1396 0.0431, 0.0502 0.1514 0.0431, 0.0502 0.1636 0.0431, 0.0473 0.1754 0.0431, 0.0416 0.1862 0.0431, 0.0335 0.1953 0.0431, 0.0235 0.2022 0.0431, 0.0121 0.2066 0.0431, 0.0 0.208 0.0431, -0.0113 0.2034 0.0316, -0.022 0.1993 0.0316, -0.0313 0.1929 0.0316, -0.0389 0.1843 0.0316, -0.0442 0.1742 0.0316, -0.0469 0.1632 0.0316, -0.0469 0.1518 0.0316, -0.0442 0.1407 0.0316, -0.0389 0.1306 0.0316, -0.0313 0.1221 0.0316, -0.022 0.1156 0.0316, -0.0113 0.1116 0.0316, 0.0 0.1102 0.0316, 0.0113 0.1116 0.0316, 0.022 0.1156 0.0316, 0.0313 0.1221 0.0316, 0.0389 0.1306 0.0316, 0.0442 0.1407 0.0316, 0.0469 0.1518 0.0316, 0.0469 0.1632 0.0316, 0.0442 0.1742 0.0316, 0.0389 0.1843 0.0316, 0.0313 0.1929 0.0316, 0.022 0.1993 0.0316, 0.0113 0.2034 0.0316, 0.0 0.2047 0.0316, -0.0099 0.1977 0.0211, -0.0192 0.1941 0.0211, -0.0274 0.1885 0.0211, -0.0341 0.181 0.0211, -0.0387 0.1722 0.0211, -0.0411 0.1625 0.0211, -0.0411 0.1525 0.0211, -0.0387 0.1428 0.0211, -0.0341 0.134 0.0211, -0.0274 0.1265 0.0211, -0.0192 0.1208 0.0211, -0.0099 0.1173 0.0211, 0.0 0.1161 0.0211, 0.0099 0.1173 0.0211, 0.0192 0.1208 0.0211, 0.0274 0.1265 0.0211, 0.0341 0.134 0.0211, 0.0387 0.1428 0.0211, 0.0411 0.1525 0.0211, 0.0411 0.1625 0.0211, 0.0387 0.1722 0.0211, 0.0341 0.181 0.0211, 0.0274 0.1885 0.0211, 0.0192 0.1941 0.0211, 0.0099 0.1977 0.0211, 0.0 0.1989 0.0211, -0.0079 0.1897 0.0122, -0.0154 0.1869 0.0122, -0.022 0.1823 0.0122, -0.0273 0.1764 0.0122, -0.0311 0.1693 0.0122, -0.033 0.1615 0.0122, -0.033 0.1535 0.0122, -0.0311 0.1457 0.0122, -0.0273 0.1386 0.0122, -0.022 0.1326 0.0122, -0.0154 0.1281 0.0122, -0.0079 0.1252 0.0122, 0.0 0.1243 0.0122, 0.0079 0.1252 0.0122, 0.0154 0.1281 0.0122, 0.022 0.1326 0.0122, 0.0273 0.1386 0.0122, 0.0311 0.1457 0.0122, 0.033 0.1535 0.0122, 0.033 0.1615 0.0122, 0.0311 0.1693 0.0122, 0.0273 0.1764 0.0122, 0.022 0.1823 0.0122, 0.0154 0.1869 0.0122, 0.0079 0.1897 0.0122, 0.0 0.1907 0.0122, -0.0056 0.18 0.0056, -0.0108 0.178 0.0056, -0.0154 0.1749 0.0056, -0.0191 0.1707 0.0056, -0.0217 0.1657 0.0056, -0.0231 0.1603 0.0056, -0.0231 0.1547 0.0056, -0.0217 0.1492 0.0056, -0.0191 0.1443 0.0056, -0.0154 0.1401 0.0056, -0.0108 0.1369 0.0056, -0.0056 0.1349 0.0056, 0.0 0.1343 0.0056, 0.0056 0.1349 0.0056, 0.0108 0.1369 0.0056, 0.0154 0.1401 0.0056, 0.0191 0.1443 0.0056, 0.0217 0.1492 0.0056, 0.0231 0.1547 0.0056, 0.0231 0.1603 0.0056, 0.0217 0.1657 0.0056, 0.0191 0.1707 0.0056, 0.0154 0.1749 0.0056, 0.0108 0.178 0.0056, 0.0056 0.18 0.0056, 0.0 0.1807 0.0056, -0.0055 0.0106 0.0014, -0.0029 0.0116 0.0014, 0.0 -0.0 0.0, -0.0079 0.0089 0.0014, -0.0098 0.0068 0.0014, -0.0112 0.0042 0.0014, -0.0119 0.0014 0.0014, -0.0119 -0.0014 0.0014, -0.0112 -0.0042 0.0014, -0.0098 -0.0068 0.0014, -0.0079 -0.0089 0.0014, -0.0055 -0.0106 0.0014, -0.0029 -0.0116 0.0014, 0.0 -0.0119 0.0014, 0.0029 -0.0116 0.0014, 0.0055 -0.0106 0.0014, 0.0079 -0.0089 0.0014, 0.0098 -0.0068 0.0014, 0.0112 -0.0042 0.0014, 0.0119 -0.0014 0.0014, 0.0119 0.0014 0.0014, 0.0112 0.0042 0.0014, 0.0098 0.0068 0.0014, 0.0079 0.0089 0.0014, 0.0055 0.0106 0.0014, 0.0029 0.0116 0.0014, 0.0 0.0119 0.0014, 0.0487 -0.0 0.0669, 0.0483 -0.0059 0.0669, 0.0507 -0.0062 0.0551, 0.0455 -0.0173 0.0669, 0.0477 -0.0181 0.0551, 0.0401 -0.0277 0.0669, 0.042 -0.029 0.0551, 0.0323 -0.0365 0.0669, 0.0338 -0.0382 0.0551, 0.0226 -0.0431 0.0669, 0.0237 -0.0452 0.0551, 0.0117 -0.0473 0.0669, 0.0122 -0.0495 0.0551, 0.0 -0.0487 0.0669, 0.0 -0.051 0.0551, -0.0117 -0.0473 0.0669, -0.0122 -0.0495 0.0551, -0.0226 -0.0431 0.0669, -0.0237 -0.0452 0.0551, -0.0323 -0.0365 0.0669, -0.0338 -0.0382 0.0551, -0.0401 -0.0277 0.0669, -0.042 -0.029 0.0551, -0.0455 -0.0173 0.0669, -0.0477 -0.0181 0.0551, -0.0483 -0.0059 0.0669, -0.0507 -0.0062 0.0551, -0.0483 0.0059 0.0669, -0.0507 0.0062 0.0551, -0.0455 0.0173 0.0669, -0.0477 0.0181 0.0551, -0.0401 0.0277 0.0669, -0.042 0.029 0.0551, -0.0323 0.0365 0.0669, -0.0338 0.0382 0.0551, -0.0226 0.0431 0.0669, -0.0237 0.0452 0.0551, -0.0117 0.0473 0.0669, -0.0122 0.0495 0.0551, 0.0 0.0487 0.0669, 0.0 0.051 0.0551, 0.0117 0.0473 0.0669, 0.0122 0.0495 0.0551, 0.0226 0.0431 0.0669, 0.0237 0.0452 0.0551, 0.0323 0.0365 0.0669, 0.0338 0.0382 0.0551, 0.0401 0.0277 0.0669, 0.042 0.029 0.0551, 0.0455 0.0173 0.0669, 0.0477 0.0181 0.0551, 0.0483 0.0059 0.0669, 0.0507 0.0062 0.0551, -0.0121 0.0491 0.0431, -0.0235 0.0448 0.0431, -0.0335 0.0378 0.0431, -0.0416 0.0287 0.0431, -0.0473 0.0179 0.0431, -0.0502 0.0061 0.0431, -0.0502 -0.0061 0.0431, -0.0473 -0.0179 0.0431, -0.0416 -0.0287 0.0431, -0.0335 -0.0378 0.0431, -0.0235 -0.0448 0.0431, -0.0121 -0.0491 0.0431, 0.0 -0.0505 0.0431, 0.0121 -0.0491 0.0431, 0.0235 -0.0448 0.0431, 0.0335 -0.0378 0.0431, 0.0416 -0.0287 0.0431, 0.0473 -0.0179 0.0431, 0.0502 -0.0061 0.0431, 0.0502 0.0061 0.0431, 0.0473 0.0179 0.0431, 0.0416 0.0287 0.0431, 0.0335 0.0378 0.0431, 0.0235 0.0448 0.0431, 0.0121 0.0491 0.0431, 0.0 0.0505 0.0431, -0.0113 0.0459 0.0316, -0.022 0.0419 0.0316, -0.0313 0.0354 0.0316, -0.0389 0.0269 0.0316, -0.0442 0.0168 0.0316, -0.0469 0.0057 0.0316, -0.0469 -0.0057 0.0316, -0.0442 -0.0168 0.0316, -0.0389 -0.0269 0.0316, -0.0313 -0.0354 0.0316, -0.022 -0.0419 0.0316, -0.0113 -0.0459 0.0316, 0.0 -0.0473 0.0316, 0.0113 -0.0459 0.0316, 0.022 -0.0419 0.0316, 0.0313 -0.0354 0.0316, 0.0389 -0.0269 0.0316, 0.0442 -0.0168 0.0316, 0.0469 -0.0057 0.0316, 0.0469 0.0057 0.0316, 0.0442 0.0168 0.0316, 0.0389 0.0269 0.0316, 0.0313 0.0354 0.0316, 0.022 0.0419 0.0316, 0.0113 0.0459 0.0316, 0.0 0.0473 0.0316, -0.0099 0.0402 0.0211, -0.0192 0.0366 0.0211, -0.0274 0.031 0.0211, -0.0341 0.0235 0.0211, -0.0387 0.0147 0.0211, -0.0411 0.005 0.0211, -0.0411 -0.005 0.0211, -0.0387 -0.0147 0.0211, -0.0341 -0.0235 0.0211, -0.0274 -0.031 0.0211, -0.0192 -0.0366 0.0211, -0.0099 -0.0402 0.0211, 0.0 -0.0414 0.0211, 0.0099 -0.0402 0.0211, 0.0192 -0.0366 0.0211, 0.0274 -0.031 0.0211, 0.0341 -0.0235 0.0211, 0.0387 -0.0147 0.0211, 0.0411 -0.005 0.0211, 0.0411 0.005 0.0211, 0.0387 0.0147 0.0211, 0.0341 0.0235 0.0211, 0.0274 0.031 0.0211, 0.0192 0.0366 0.0211, 0.0099 0.0402 0.0211, 0.0 0.0414 0.0211, -0.0079 0.0323 0.0122, -0.0154 0.0294 0.0122, -0.022 0.0249 0.0122, -0.0273 0.0189 0.0122, -0.0311 0.0118 0.0122, -0.033 0.004 0.0122, -0.033 -0.004 0.0122, -0.0311 -0.0118 0.0122, -0.0273 -0.0189 0.0122, -0.022 -0.0249 0.0122, -0.0154 -0.0294 0.0122, -0.0079 -0.0323 0.0122, 0.0 -0.0332 0.0122, 0.0079 -0.0323 0.0122, 0.0154 -0.0294 0.0122, 0.022 -0.0249 0.0122, 0.0273 -0.0189 0.0122, 0.0311 -0.0118 0.0122, 0.033 -0.004 0.0122, 0.033 0.004 0.0122, 0.0311 0.0118 0.0122, 0.0273 0.0189 0.0122, 0.022 0.0249 0.0122, 0.0154 0.0294 0.0122, 0.0079 0.0323 0.0122, 0.0 0.0332 0.0122, -0.0056 0.0225 0.0056, -0.0108 0.0206 0.0056, -0.0154 0.0174 0.0056, -0.0191 0.0132 0.0056, -0.0217 0.0082 0.0056, -0.0231 0.0028 0.0056, -0.0231 -0.0028 0.0056, -0.0217 -0.0082 0.0056, -0.0191 -0.0132 0.0056, -0.0154 -0.0174 0.0056, -0.0108 -0.0206 0.0056, -0.0056 -0.0225 0.0056, 0.0 -0.0232 0.0056, 0.0056 -0.0225 0.0056, 0.0108 -0.0206 0.0056, 0.0154 -0.0174 0.0056, 0.0191 -0.0132 0.0056, 0.0217 -0.0082 0.0056, 0.0231 -0.0028 0.0056, 0.0231 0.0028 0.0056, 0.0217 0.0082 0.0056, 0.0191 0.0132 0.0056, 0.0154 0.0174 0.0056, 0.0108 0.0206 0.0056, 0.0056 0.0225 0.0056, 0.0 0.0232 0.0056, -0.0055 -0.1469 0.0014, -0.0029 -0.1459 0.0014, 0.0 -0.1575 0.0, -0.0079 -0.1485 0.0014, -0.0098 -0.1507 0.0014, -0.0112 -0.1532 0.0014, -0.0119 -0.156 0.0014, -0.0119 -0.1589 0.0014, -0.0112 -0.1617 0.0014, -0.0098 -0.1643 0.0014, -0.0079 -0.1664 0.0014, -0.0055 -0.1681 0.0014, -0.0029 -0.1691 0.0014, 0.0 -0.1694 0.0014, 0.0029 -0.1691 0.0014, 0.0055 -0.1681 0.0014, 0.0079 -0.1664 0.0014, 0.0098 -0.1643 0.0014, 0.0112 -0.1617 0.0014, 0.0119 -0.1589 0.0014, 0.0119 -0.156 0.0014, 0.0112 -0.1532 0.0014, 0.0098 -0.1507 0.0014, 0.0079 -0.1485 0.0014, 0.0055 -0.1469 0.0014, 0.0029 -0.1459 0.0014, 0.0 -0.1455 0.0014, 0.0487 -0.1575 0.0669, 0.0483 -0.1634 0.0669, 0.0507 -0.1636 0.0551, 0.0455 -0.1747 0.0669, 0.0477 -0.1756 0.0551, 0.0401 -0.1851 0.0669, 0.042 -0.1865 0.0551, 0.0323 -0.1939 0.0669, 0.0338 -0.1957 0.0551, 0.0226 -0.2006 0.0669, 0.0237 -0.2027 0.0551, 0.0117 -0.2048 0.0669, 0.0122 -0.207 0.0551, 0.0 -0.2062 0.0669, 0.0 -0.2085 0.0551, -0.0117 -0.2048 0.0669, -0.0122 -0.207 0.0551, -0.0226 -0.2006 0.0669, -0.0237 -0.2027 0.0551, -0.0323 -0.1939 0.0669, -0.0338 -0.1957 0.0551, -0.0401 -0.1851 0.0669, -0.042 -0.1865 0.0551, -0.0455 -0.1747 0.0669, -0.0477 -0.1756 0.0551, -0.0483 -0.1634 0.0669, -0.0507 -0.1636 0.0551, -0.0483 -0.1516 0.0669, -0.0507 -0.1513 0.0551, -0.0455 -0.1402 0.0669, -0.0477 -0.1394 0.0551, -0.0401 -0.1298 0.0669, -0.042 -0.1285 0.0551, -0.0323 -0.121 0.0669, -0.0338 -0.1193 0.0551, -0.0226 -0.1144 0.0669, -0.0237 -0.1123 0.0551, -0.0117 -0.1102 0.0669, -0.0122 -0.1079 0.0551, 0.0 -0.1088 0.0669, 0.0 -0.1065 0.0551, 0.0117 -0.1102 0.0669, 0.0122 -0.1079 0.0551, 0.0226 -0.1144 0.0669, 0.0237 -0.1123 0.0551, 0.0323 -0.121 0.0669, 0.0338 -0.1193 0.0551, 0.0401 -0.1298 0.0669, 0.042 -0.1285 0.0551, 0.0455 -0.1402 0.0669, 0.0477 -0.1394 0.0551, 0.0483 -0.1516 0.0669, 0.0507 -0.1513 0.0551, -0.0121 -0.1084 0.0431, -0.0235 -0.1127 0.0431, -0.0335 -0.1196 0.0431, -0.0416 -0.1288 0.0431, -0.0473 -0.1396 0.0431, -0.0502 -0.1514 0.0431, -0.0502 -0.1636 0.0431, -0.0473 -0.1754 0.0431, -0.0416 -0.1862 0.0431, -0.0335 -0.1953 0.0431, -0.0235 -0.2022 0.0431, -0.0121 -0.2066 0.0431, 0.0 -0.208 0.0431, 0.0121 -0.2066 0.0431, 0.0235 -0.2022 0.0431, 0.0335 -0.1953 0.0431, 0.0416 -0.1862 0.0431, 0.0473 -0.1754 0.0431, 0.0502 -0.1636 0.0431, 0.0502 -0.1514 0.0431, 0.0473 -0.1396 0.0431, 0.0416 -0.1288 0.0431, 0.0335 -0.1196 0.0431, 0.0235 -0.1127 0.0431, 0.0121 -0.1084 0.0431, 0.0 -0.1069 0.0431, -0.0113 -0.1116 0.0316, -0.022 -0.1156 0.0316, -0.0313 -0.1221 0.0316, -0.0389 -0.1306 0.0316, -0.0442 -0.1407 0.0316, -0.0469 -0.1518 0.0316, -0.0469 -0.1632 0.0316, -0.0442 -0.1742 0.0316, -0.0389 -0.1843 0.0316, -0.0313 -0.1929 0.0316, -0.022 -0.1993 0.0316, -0.0113 -0.2034 0.0316, 0.0 -0.2047 0.0316, 0.0113 -0.2034 0.0316, 0.022 -0.1993 0.0316, 0.0313 -0.1929 0.0316, 0.0389 -0.1843 0.0316, 0.0442 -0.1742 0.0316, 0.0469 -0.1632 0.0316, 0.0469 -0.1518 0.0316, 0.0442 -0.1407 0.0316, 0.0389 -0.1306 0.0316, 0.0313 -0.1221 0.0316, 0.022 -0.1156 0.0316, 0.0113 -0.1116 0.0316, 0.0 -0.1102 0.0316, -0.0099 -0.1173 0.0211, -0.0192 -0.1208 0.0211, -0.0274 -0.1265 0.0211, -0.0341 -0.134 0.0211, -0.0387 -0.1428 0.0211, -0.0411 -0.1525 0.0211, -0.0411 -0.1625 0.0211, -0.0387 -0.1722 0.0211, -0.0341 -0.181 0.0211, -0.0274 -0.1885 0.0211, -0.0192 -0.1941 0.0211, -0.0099 -0.1977 0.0211, 0.0 -0.1989 0.0211, 0.0099 -0.1977 0.0211, 0.0192 -0.1941 0.0211, 0.0274 -0.1885 0.0211, 0.0341 -0.181 0.0211, 0.0387 -0.1722 0.0211, 0.0411 -0.1625 0.0211, 0.0411 -0.1525 0.0211, 0.0387 -0.1428 0.0211, 0.0341 -0.134 0.0211, 0.0274 -0.1265 0.0211, 0.0192 -0.1208 0.0211, 0.0099 -0.1173 0.0211, 0.0 -0.1161 0.0211, -0.0079 -0.1252 0.0122, -0.0154 -0.1281 0.0122, -0.022 -0.1326 0.0122, -0.0273 -0.1386 0.0122, -0.0311 -0.1457 0.0122, -0.033 -0.1535 0.0122, -0.033 -0.1615 0.0122, -0.0311 -0.1693 0.0122, -0.0273 -0.1764 0.0122, -0.022 -0.1823 0.0122, -0.0154 -0.1869 0.0122, -0.0079 -0.1897 0.0122, 0.0 -0.1907 0.0122, 0.0079 -0.1897 0.0122, 0.0154 -0.1869 0.0122, 0.022 -0.1823 0.0122, 0.0273 -0.1764 0.0122, 0.0311 -0.1693 0.0122, 0.033 -0.1615 0.0122, 0.033 -0.1535 0.0122, 0.0311 -0.1457 0.0122, 0.0273 -0.1386 0.0122, 0.022 -0.1326 0.0122, 0.0154 -0.1281 0.0122, 0.0079 -0.1252 0.0122, 0.0 -0.1243 0.0122, -0.0056 -0.1349 0.0056, -0.0108 -0.1369 0.0056, -0.0154 -0.1401 0.0056, -0.0191 -0.1443 0.0056, -0.0217 -0.1492 0.0056, -0.0231 -0.1547 0.0056, -0.0231 -0.1603 0.0056, -0.0217 -0.1657 0.0056, -0.0191 -0.1707 0.0056, -0.0154 -0.1749 0.0056, -0.0108 -0.178 0.0056, -0.0056 -0.18 0.0056, 0.0 -0.1807 0.0056, 0.0056 -0.18 0.0056, 0.0108 -0.178 0.0056, 0.0154 -0.1749 0.0056, 0.0191 -0.1707 0.0056, 0.0217 -0.1657 0.0056, 0.0231 -0.1603 0.0056, 0.0231 -0.1547 0.0056, 0.0217 -0.1492 0.0056, 0.0191 -0.1443 0.0056, 0.0154 -0.1401 0.0056, 0.0108 -0.1369 0.0056, 0.0056 -0.1349 0.0056, 0.0 -0.1343 0.0056, -0.0055 -0.3044 0.0014, -0.0029 -0.3034 0.0014, 0.0 -0.315 0.0, -0.0079 -0.306 0.0014, -0.0098 -0.3082 0.0014, -0.0112 -0.3107 0.0014, -0.0119 -0.3135 0.0014, -0.0119 -0.3164 0.0014, -0.0112 -0.3192 0.0014, -0.0098 -0.3217 0.0014, -0.0079 -0.3239 0.0014, -0.0055 -0.3255 0.0014, -0.0029 -0.3266 0.0014, 0.0 -0.3269 0.0014, 0.0029 -0.3266 0.0014, 0.0055 -0.3255 0.0014, 0.0079 -0.3239 0.0014, 0.0098 -0.3217 0.0014, 0.0112 -0.3192 0.0014, 0.0119 -0.3164 0.0014, 0.0119 -0.3135 0.0014, 0.0112 -0.3107 0.0014, 0.0098 -0.3082 0.0014, 0.0079 -0.306 0.0014, 0.0055 -0.3044 0.0014, 0.0029 -0.3034 0.0014, 0.0 -0.303 0.0014, 0.0487 -0.315 0.0669, 0.0483 -0.3208 0.0669, 0.0507 -0.3211 0.0551, 0.0455 -0.3322 0.0669, 0.0477 -0.3331 0.0551, 0.0401 -0.3426 0.0669, 0.042 -0.3439 0.0551, 0.0323 -0.3514 0.0669, 0.0338 -0.3532 0.0551, 0.0226 -0.3581 0.0669, 0.0237 -0.3601 0.0551, 0.0117 -0.3622 0.0669, 0.0122 -0.3645 0.0551, 0.0 -0.3637 0.0669, 0.0 -0.366 0.0551, -0.0117 -0.3622 0.0669, -0.0122 -0.3645 0.0551, -0.0226 -0.3581 0.0669, -0.0237 -0.3601 0.0551, -0.0323 -0.3514 0.0669, -0.0338 -0.3532 0.0551, -0.0401 -0.3426 0.0669, -0.042 -0.3439 0.0551, -0.0455 -0.3322 0.0669, -0.0477 -0.3331 0.0551, -0.0483 -0.3208 0.0669, -0.0507 -0.3211 0.0551, -0.0483 -0.3091 0.0669, -0.0507 -0.3088 0.0551, -0.0455 -0.2977 0.0669, -0.0477 -0.2969 0.0551, -0.0401 -0.2873 0.0669, -0.042 -0.286 0.0551, -0.0323 -0.2785 0.0669, -0.0338 -0.2768 0.0551, -0.0226 -0.2718 0.0669, -0.0237 -0.2698 0.0551, -0.0117 -0.2677 0.0669, -0.0122 -0.2654 0.0551, 0.0 -0.2663 0.0669, 0.0 -0.2639 0.0551, 0.0117 -0.2677 0.0669, 0.0122 -0.2654 0.0551, 0.0226 -0.2718 0.0669, 0.0237 -0.2698 0.0551, 0.0323 -0.2785 0.0669, 0.0338 -0.2768 0.0551, 0.0401 -0.2873 0.0669, 0.042 -0.286 0.0551, 0.0455 -0.2977 0.0669, 0.0477 -0.2969 0.0551, 0.0483 -0.3091 0.0669, 0.0507 -0.3088 0.0551, -0.0121 -0.2659 0.0431, -0.0235 -0.2702 0.0431, -0.0335 -0.2771 0.0431, -0.0416 -0.2862 0.0431, -0.0473 -0.297 0.0431, -0.0502 -0.3089 0.0431, -0.0502 -0.3211 0.0431, -0.0473 -0.3329 0.0431, -0.0416 -0.3437 0.0431, -0.0335 -0.3528 0.0431, -0.0235 -0.3597 0.0431, -0.0121 -0.364 0.0431, 0.0 -0.3655 0.0431, 0.0121 -0.364 0.0431, 0.0235 -0.3597 0.0431, 0.0335 -0.3528 0.0431, 0.0416 -0.3437 0.0431, 0.0473 -0.3329 0.0431, 0.0502 -0.3211 0.0431, 0.0502 -0.3089 0.0431, 0.0473 -0.297 0.0431, 0.0416 -0.2862 0.0431, 0.0335 -0.2771 0.0431, 0.0235 -0.2702 0.0431, 0.0121 -0.2659 0.0431, 0.0 -0.2644 0.0431, -0.0113 -0.2691 0.0316, -0.022 -0.2731 0.0316, -0.0313 -0.2796 0.0316, -0.0389 -0.2881 0.0316, -0.0442 -0.2982 0.0316, -0.0469 -0.3093 0.0316, -0.0469 -0.3207 0.0316, -0.0442 -0.3317 0.0316, -0.0389 -0.3418 0.0316, -0.0313 -0.3503 0.0316, -0.022 -0.3568 0.0316, -0.0113 -0.3609 0.0316, 0.0 -0.3622 0.0316, 0.0113 -0.3609 0.0316, 0.022 -0.3568 0.0316, 0.0313 -0.3503 0.0316, 0.0389 -0.3418 0.0316, 0.0442 -0.3317 0.0316, 0.0469 -0.3207 0.0316, 0.0469 -0.3093 0.0316, 0.0442 -0.2982 0.0316, 0.0389 -0.2881 0.0316, 0.0313 -0.2796 0.0316, 0.022 -0.2731 0.0316, 0.0113 -0.2691 0.0316, 0.0 -0.2677 0.0316, -0.0099 -0.2748 0.0211, -0.0192 -0.2783 0.0211, -0.0274 -0.284 0.0211, -0.0341 -0.2915 0.0211, -0.0387 -0.3003 0.0211, -0.0411 -0.31 0.0211, -0.0411 -0.3199 0.0211, -0.0387 -0.3296 0.0211, -0.0341 -0.3385 0.0211, -0.0274 -0.3459 0.0211, -0.0192 -0.3516 0.0211, -0.0099 -0.3551 0.0211, 0.0 -0.3563 0.0211, 0.0099 -0.3551 0.0211, 0.0192 -0.3516 0.0211, 0.0274 -0.3459 0.0211, 0.0341 -0.3385 0.0211, 0.0387 -0.3296 0.0211, 0.0411 -0.3199 0.0211, 0.0411 -0.31 0.0211, 0.0387 -0.3003 0.0211, 0.0341 -0.2915 0.0211, 0.0274 -0.284 0.0211, 0.0192 -0.2783 0.0211, 0.0099 -0.2748 0.0211, 0.0 -0.2736 0.0211, -0.0079 -0.2827 0.0122, -0.0154 -0.2855 0.0122, -0.022 -0.2901 0.0122, -0.0273 -0.2961 0.0122, -0.0311 -0.3032 0.0122, -0.033 -0.311 0.0122, -0.033 -0.319 0.0122, -0.0311 -0.3267 0.0122, -0.0273 -0.3338 0.0122, -0.022 -0.3398 0.0122, -0.0154 -0.3444 0.0122, -0.0079 -0.3472 0.0122, 0.0 -0.3482 0.0122, 0.0079 -0.3472 0.0122, 0.0154 -0.3444 0.0122, 0.022 -0.3398 0.0122, 0.0273 -0.3338 0.0122, 0.0311 -0.3267 0.0122, 0.033 -0.319 0.0122, 0.033 -0.311 0.0122, 0.0311 -0.3032 0.0122, 0.0273 -0.2961 0.0122, 0.022 -0.2901 0.0122, 0.0154 -0.2855 0.0122, 0.0079 -0.2827 0.0122, 0.0 -0.2817 0.0122, -0.0056 -0.2924 0.0056, -0.0108 -0.2944 0.0056, -0.0154 -0.2976 0.0056, -0.0191 -0.3018 0.0056, -0.0217 -0.3067 0.0056, -0.0231 -0.3122 0.0056, -0.0231 -0.3178 0.0056, -0.0217 -0.3232 0.0056, -0.0191 -0.3282 0.0056, -0.0154 -0.3323 0.0056, -0.0108 -0.3355 0.0056, -0.0056 -0.3375 0.0056, 0.0 -0.3382 0.0056, 0.0056 -0.3375 0.0056, 0.0108 -0.3355 0.0056, 0.0154 -0.3323 0.0056, 0.0191 -0.3282 0.0056, 0.0217 -0.3232 0.0056, 0.0231 -0.3178 0.0056, 0.0231 -0.3122 0.0056, 0.0217 -0.3067 0.0056, 0.0191 -0.3018 0.0056, 0.0154 -0.2976 0.0056, 0.0108 -0.2944 0.0056, 0.0056 -0.2924 0.0056, 0.0 -0.2917 0.0056, -0.163 0.3255 0.0014, -0.1603 0.3266 0.0014, -0.1575 0.315 0.0, -0.1654 0.3239 0.0014, -0.1673 0.3217 0.0014, -0.1686 0.3192 0.0014, -0.1693 0.3164 0.0014, -0.1693 0.3135 0.0014, -0.1686 0.3107 0.0014, -0.1673 0.3082 0.0014, -0.1654 0.306 0.0014, -0.163 0.3044 0.0014, -0.1603 0.3034 0.0014, -0.1575 0.303 0.0014, -0.1546 0.3034 0.0014, -0.1519 0.3044 0.0014, -0.1496 0.306 0.0014, -0.1477 0.3082 0.0014, -0.1463 0.3107 0.0014, -0.1456 0.3135 0.0014, -0.1456 0.3164 0.0014, -0.1463 0.3192 0.0014, -0.1477 0.3217 0.0014, -0.1496 0.3239 0.0014, -0.1519 0.3255 0.0014, -0.1546 0.3266 0.0014, -0.1575 0.3269 0.0014, -0.1088 0.315 0.0669, -0.1091 0.3091 0.0669, -0.1068 0.3088 0.0551, -0.1119 0.2977 0.0669, -0.1098 0.2969 0.0551, -0.1174 0.2873 0.0669, -0.1155 0.286 0.0551, -0.1252 0.2785 0.0669, -0.1236 0.2768 0.0551, -0.1348 0.2718 0.0669, -0.1338 0.2698 0.0551, -0.1458 0.2677 0.0669, -0.1453 0.2654 0.0551, -0.1575 0.2663 0.0669, -0.1575 0.2639 0.0551, -0.1691 0.2677 0.0669, -0.1697 0.2654 0.0551, -0.1801 0.2718 0.0669, -0.1812 0.2698 0.0551, -0.1898 0.2785 0.0669, -0.1913 0.2768 0.0551, -0.1976 0.2873 0.0669, -0.1995 0.286 0.0551, -0.203 0.2977 0.0669, -0.2052 0.2969 0.0551, -0.2058 0.3091 0.0669, -0.2081 0.3088 0.0551, -0.2058 0.3208 0.0669, -0.2081 0.3211 0.0551, -0.203 0.3322 0.0669, -0.2052 0.3331 0.0551, -0.1976 0.3426 0.0669, -0.1995 0.3439 0.0551, -0.1898 0.3514 0.0669, -0.1913 0.3532 0.0551, -0.1801 0.3581 0.0669, -0.1812 0.3601 0.0551, -0.1691 0.3622 0.0669, -0.1697 0.3645 0.0551, -0.1575 0.3637 0.0669, -0.1575 0.366 0.0551, -0.1458 0.3622 0.0669, -0.1453 0.3645 0.0551, -0.1348 0.3581 0.0669, -0.1338 0.3601 0.0551, -0.1252 0.3514 0.0669, -0.1236 0.3532 0.0551, -0.1174 0.3426 0.0669, -0.1155 0.3439 0.0551, -0.1119 0.3322 0.0669, -0.1098 0.3331 0.0551, -0.1091 0.3208 0.0669, -0.1068 0.3211 0.0551, -0.1696 0.364 0.0431, -0.181 0.3597 0.0431, -0.191 0.3528 0.0431, -0.1991 0.3437 0.0431, -0.2047 0.3329 0.0431, -0.2077 0.3211 0.0431, -0.2077 0.3089 0.0431, -0.2047 0.297 0.0431, -0.1991 0.2862 0.0431, -0.191 0.2771 0.0431, -0.181 0.2702 0.0431, -0.1696 0.2659 0.0431, -0.1575 0.2644 0.0431, -0.1454 0.2659 0.0431, -0.134 0.2702 0.0431, -0.124 0.2771 0.0431, -0.1159 0.2862 0.0431, -0.1102 0.297 0.0431, -0.1073 0.3089 0.0431, -0.1073 0.3211 0.0431, -0.1102 0.3329 0.0431, -0.1159 0.3437 0.0431, -0.124 0.3528 0.0431, -0.134 0.3597 0.0431, -0.1454 0.364 0.0431, -0.1575 0.3655 0.0431, -0.1688 0.3609 0.0316, -0.1794 0.3568 0.0316, -0.1888 0.3503 0.0316, -0.1964 0.3418 0.0316, -0.2017 0.3317 0.0316, -0.2044 0.3207 0.0316, -0.2044 0.3093 0.0316, -0.2017 0.2982 0.0316, -0.1964 0.2881 0.0316, -0.1888 0.2796 0.0316, -0.1794 0.2731 0.0316, -0.1688 0.2691 0.0316, -0.1575 0.2677 0.0316, -0.1462 0.2691 0.0316, -0.1355 0.2731 0.0316, -0.1261 0.2796 0.0316, -0.1186 0.2881 0.0316, -0.1133 0.2982 0.0316, -0.1106 0.3093 0.0316, -0.1106 0.3207 0.0316, -0.1133 0.3317 0.0316, -0.1186 0.3418 0.0316, -0.1261 0.3503 0.0316, -0.1355 0.3568 0.0316, -0.1462 0.3609 0.0316, -0.1575 0.3622 0.0316, -0.1674 0.3551 0.0211, -0.1767 0.3516 0.0211, -0.1849 0.3459 0.0211, -0.1915 0.3385 0.0211, -0.1962 0.3296 0.0211, -0.1986 0.3199 0.0211, -0.1986 0.31 0.0211, -0.1962 0.3003 0.0211, -0.1915 0.2915 0.0211, -0.1849 0.284 0.0211, -0.1767 0.2783 0.0211, -0.1674 0.2748 0.0211, -0.1575 0.2736 0.0211, -0.1476 0.2748 0.0211, -0.1382 0.2783 0.0211, -0.13 0.284 0.0211, -0.1234 0.2915 0.0211, -0.1188 0.3003 0.0211, -0.1164 0.31 0.0211, -0.1164 0.3199 0.0211, -0.1188 0.3296 0.0211, -0.1234 0.3385 0.0211, -0.13 0.3459 0.0211, -0.1382 0.3516 0.0211, -0.1476 0.3551 0.0211, -0.1575 0.3563 0.0211, -0.1654 0.3472 0.0122, -0.1729 0.3444 0.0122, -0.1795 0.3398 0.0122, -0.1848 0.3338 0.0122, -0.1885 0.3267 0.0122, -0.1905 0.319 0.0122, -0.1905 0.311 0.0122, -0.1885 0.3032 0.0122, -0.1848 0.2961 0.0122, -0.1795 0.2901 0.0122, -0.1729 0.2855 0.0122, -0.1654 0.2827 0.0122, -0.1575 0.2817 0.0122, -0.1495 0.2827 0.0122, -0.142 0.2855 0.0122, -0.1355 0.2901 0.0122, -0.1301 0.2961 0.0122, -0.1264 0.3032 0.0122, -0.1245 0.311 0.0122, -0.1245 0.319 0.0122, -0.1264 0.3267 0.0122, -0.1301 0.3338 0.0122, -0.1355 0.3398 0.0122, -0.142 0.3444 0.0122, -0.1495 0.3472 0.0122, -0.1575 0.3482 0.0122, -0.163 0.3375 0.0056, -0.1683 0.3355 0.0056, -0.1729 0.3323 0.0056, -0.1766 0.3282 0.0056, -0.1792 0.3232 0.0056, -0.1805 0.3178 0.0056, -0.1805 0.3122 0.0056, -0.1792 0.3067 0.0056, -0.1766 0.3018 0.0056, -0.1729 0.2976 0.0056, -0.1683 0.2944 0.0056, -0.163 0.2924 0.0056, -0.1575 0.2917 0.0056, -0.1519 0.2924 0.0056, -0.1467 0.2944 0.0056, -0.1421 0.2976 0.0056, -0.1384 0.3018 0.0056, -0.1358 0.3067 0.0056, -0.1344 0.3122 0.0056, -0.1344 0.3178 0.0056, -0.1358 0.3232 0.0056, -0.1384 0.3282 0.0056, -0.1421 0.3323 0.0056, -0.1467 0.3355 0.0056, -0.1519 0.3375 0.0056, -0.1575 0.3382 0.0056, -0.163 0.1681 0.0014, -0.1603 0.1691 0.0014, -0.1575 0.1575 0.0, -0.1654 0.1664 0.0014, -0.1673 0.1643 0.0014, -0.1686 0.1617 0.0014, -0.1693 0.1589 0.0014, -0.1693 0.156 0.0014, -0.1686 0.1532 0.0014, -0.1673 0.1507 0.0014, -0.1654 0.1485 0.0014, -0.163 0.1469 0.0014, -0.1603 0.1459 0.0014, -0.1575 0.1455 0.0014, -0.1546 0.1459 0.0014, -0.1519 0.1469 0.0014, -0.1496 0.1485 0.0014, -0.1477 0.1507 0.0014, -0.1463 0.1532 0.0014, -0.1456 0.156 0.0014, -0.1456 0.1589 0.0014, -0.1463 0.1617 0.0014, -0.1477 0.1643 0.0014, -0.1496 0.1664 0.0014, -0.1519 0.1681 0.0014, -0.1546 0.1691 0.0014, -0.1575 0.1694 0.0014, -0.1088 0.1575 0.0669, -0.1091 0.1516 0.0669, -0.1068 0.1513 0.0551, -0.1119 0.1402 0.0669, -0.1098 0.1394 0.0551, -0.1174 0.1298 0.0669, -0.1155 0.1285 0.0551, -0.1252 0.121 0.0669, -0.1236 0.1193 0.0551, -0.1348 0.1144 0.0669, -0.1338 0.1123 0.0551, -0.1458 0.1102 0.0669, -0.1453 0.1079 0.0551, -0.1575 0.1088 0.0669, -0.1575 0.1065 0.0551, -0.1691 0.1102 0.0669, -0.1697 0.1079 0.0551, -0.1801 0.1144 0.0669, -0.1812 0.1123 0.0551, -0.1898 0.121 0.0669, -0.1913 0.1193 0.0551, -0.1976 0.1298 0.0669, -0.1995 0.1285 0.0551, -0.203 0.1402 0.0669, -0.2052 0.1394 0.0551, -0.2058 0.1516 0.0669, -0.2081 0.1513 0.0551, -0.2058 0.1634 0.0669, -0.2081 0.1636 0.0551, -0.203 0.1747 0.0669, -0.2052 0.1756 0.0551, -0.1976 0.1851 0.0669, -0.1995 0.1865 0.0551, -0.1898 0.1939 0.0669, -0.1913 0.1957 0.0551, -0.1801 0.2006 0.0669, -0.1812 0.2027 0.0551, -0.1691 0.2048 0.0669, -0.1697 0.207 0.0551, -0.1575 0.2062 0.0669, -0.1575 0.2085 0.0551, -0.1458 0.2048 0.0669, -0.1453 0.207 0.0551, -0.1348 0.2006 0.0669, -0.1338 0.2027 0.0551, -0.1252 0.1939 0.0669, -0.1236 0.1957 0.0551, -0.1174 0.1851 0.0669, -0.1155 0.1865 0.0551, -0.1119 0.1747 0.0669, -0.1098 0.1756 0.0551, -0.1091 0.1634 0.0669, -0.1068 0.1636 0.0551, -0.1696 0.2066 0.0431, -0.181 0.2022 0.0431, -0.191 0.1953 0.0431, -0.1991 0.1862 0.0431, -0.2047 0.1754 0.0431, -0.2077 0.1636 0.0431, -0.2077 0.1514 0.0431, -0.2047 0.1396 0.0431, -0.1991 0.1288 0.0431, -0.191 0.1196 0.0431, -0.181 0.1127 0.0431, -0.1696 0.1084 0.0431, -0.1575 0.1069 0.0431, -0.1454 0.1084 0.0431, -0.134 0.1127 0.0431, -0.124 0.1196 0.0431, -0.1159 0.1288 0.0431, -0.1102 0.1396 0.0431, -0.1073 0.1514 0.0431, -0.1073 0.1636 0.0431, -0.1102 0.1754 0.0431, -0.1159 0.1862 0.0431, -0.124 0.1953 0.0431, -0.134 0.2022 0.0431, -0.1454 0.2066 0.0431, -0.1575 0.208 0.0431, -0.1688 0.2034 0.0316, -0.1794 0.1993 0.0316, -0.1888 0.1929 0.0316, -0.1964 0.1843 0.0316, -0.2017 0.1742 0.0316, -0.2044 0.1632 0.0316, -0.2044 0.1518 0.0316, -0.2017 0.1407 0.0316, -0.1964 0.1306 0.0316, -0.1888 0.1221 0.0316, -0.1794 0.1156 0.0316, -0.1688 0.1116 0.0316, -0.1575 0.1102 0.0316, -0.1462 0.1116 0.0316, -0.1355 0.1156 0.0316, -0.1261 0.1221 0.0316, -0.1186 0.1306 0.0316, -0.1133 0.1407 0.0316, -0.1106 0.1518 0.0316, -0.1106 0.1632 0.0316, -0.1133 0.1742 0.0316, -0.1186 0.1843 0.0316, -0.1261 0.1929 0.0316, -0.1355 0.1993 0.0316, -0.1462 0.2034 0.0316, -0.1575 0.2047 0.0316, -0.1674 0.1977 0.0211, -0.1767 0.1941 0.0211, -0.1849 0.1885 0.0211, -0.1915 0.181 0.0211, -0.1962 0.1722 0.0211, -0.1986 0.1625 0.0211, -0.1986 0.1525 0.0211, -0.1962 0.1428 0.0211, -0.1915 0.134 0.0211, -0.1849 0.1265 0.0211, -0.1767 0.1208 0.0211, -0.1674 0.1173 0.0211, -0.1575 0.1161 0.0211, -0.1476 0.1173 0.0211, -0.1382 0.1208 0.0211, -0.13 0.1265 0.0211, -0.1234 0.134 0.0211, -0.1188 0.1428 0.0211, -0.1164 0.1525 0.0211, -0.1164 0.1625 0.0211, -0.1188 0.1722 0.0211, -0.1234 0.181 0.0211, -0.13 0.1885 0.0211, -0.1382 0.1941 0.0211, -0.1476 0.1977 0.0211, -0.1575 0.1989 0.0211, -0.1654 0.1897 0.0122, -0.1729 0.1869 0.0122, -0.1795 0.1823 0.0122, -0.1848 0.1764 0.0122, -0.1885 0.1693 0.0122, -0.1905 0.1615 0.0122, -0.1905 0.1535 0.0122, -0.1885 0.1457 0.0122, -0.1848 0.1386 0.0122, -0.1795 0.1326 0.0122, -0.1729 0.1281 0.0122, -0.1654 0.1252 0.0122, -0.1575 0.1243 0.0122, -0.1495 0.1252 0.0122, -0.142 0.1281 0.0122, -0.1355 0.1326 0.0122, -0.1301 0.1386 0.0122, -0.1264 0.1457 0.0122, -0.1245 0.1535 0.0122, -0.1245 0.1615 0.0122, -0.1264 0.1693 0.0122, -0.1301 0.1764 0.0122, -0.1355 0.1823 0.0122, -0.142 0.1869 0.0122, -0.1495 0.1897 0.0122, -0.1575 0.1907 0.0122, -0.163 0.18 0.0056, -0.1683 0.178 0.0056, -0.1729 0.1749 0.0056, -0.1766 0.1707 0.0056, -0.1792 0.1657 0.0056, -0.1805 0.1603 0.0056, -0.1805 0.1547 0.0056, -0.1792 0.1492 0.0056, -0.1766 0.1443 0.0056, -0.1729 0.1401 0.0056, -0.1683 0.1369 0.0056, -0.163 0.1349 0.0056, -0.1575 0.1343 0.0056, -0.1519 0.1349 0.0056, -0.1467 0.1369 0.0056, -0.1421 0.1401 0.0056, -0.1384 0.1443 0.0056, -0.1358 0.1492 0.0056, -0.1344 0.1547 0.0056, -0.1344 0.1603 0.0056, -0.1358 0.1657 0.0056, -0.1384 0.1707 0.0056, -0.1421 0.1749 0.0056, -0.1467 0.178 0.0056, -0.1519 0.18 0.0056, -0.1575 0.1807 0.0056, -0.163 0.0106 0.0014, -0.1603 0.0116 0.0014, -0.1575 -0.0 0.0, -0.1654 0.0089 0.0014, -0.1673 0.0068 0.0014, -0.1686 0.0042 0.0014, -0.1693 0.0014 0.0014, -0.1693 -0.0014 0.0014, -0.1686 -0.0042 0.0014, -0.1673 -0.0068 0.0014, -0.1654 -0.0089 0.0014, -0.163 -0.0106 0.0014, -0.1603 -0.0116 0.0014, -0.1575 -0.0119 0.0014, -0.1546 -0.0116 0.0014, -0.1519 -0.0106 0.0014, -0.1496 -0.0089 0.0014, -0.1477 -0.0068 0.0014, -0.1463 -0.0042 0.0014, -0.1456 -0.0014 0.0014, -0.1456 0.0014 0.0014, -0.1463 0.0042 0.0014, -0.1477 0.0068 0.0014, -0.1496 0.0089 0.0014, -0.1519 0.0106 0.0014, -0.1546 0.0116 0.0014, -0.1575 0.0119 0.0014, -0.1088 -0.0 0.0669, -0.1091 -0.0059 0.0669, -0.1068 -0.0062 0.0551, -0.1119 -0.0173 0.0669, -0.1098 -0.0181 0.0551, -0.1174 -0.0277 0.0669, -0.1155 -0.029 0.0551, -0.1252 -0.0365 0.0669, -0.1236 -0.0382 0.0551, -0.1348 -0.0431 0.0669, -0.1338 -0.0452 0.0551, -0.1458 -0.0473 0.0669, -0.1453 -0.0495 0.0551, -0.1575 -0.0487 0.0669, -0.1575 -0.051 0.0551, -0.1691 -0.0473 0.0669, -0.1697 -0.0495 0.0551, -0.1801 -0.0431 0.0669, -0.1812 -0.0452 0.0551, -0.1898 -0.0365 0.0669, -0.1913 -0.0382 0.0551, -0.1976 -0.0277 0.0669, -0.1995 -0.029 0.0551, -0.203 -0.0173 0.0669, -0.2052 -0.0181 0.0551, -0.2058 -0.0059 0.0669, -0.2081 -0.0062 0.0551, -0.2058 0.0059 0.0669, -0.2081 0.0062 0.0551, -0.203 0.0173 0.0669, -0.2052 0.0181 0.0551, -0.1976 0.0277 0.0669, -0.1995 0.029 0.0551, -0.1898 0.0365 0.0669, -0.1913 0.0382 0.0551, -0.1801 0.0431 0.0669, -0.1812 0.0452 0.0551, -0.1691 0.0473 0.0669, -0.1697 0.0495 0.0551, -0.1575 0.0487 0.0669, -0.1575 0.051 0.0551, -0.1458 0.0473 0.0669, -0.1453 0.0495 0.0551, -0.1348 0.0431 0.0669, -0.1338 0.0452 0.0551, -0.1252 0.0365 0.0669, -0.1236 0.0382 0.0551, -0.1174 0.0277 0.0669, -0.1155 0.029 0.0551, -0.1119 0.0173 0.0669, -0.1098 0.0181 0.0551, -0.1091 0.0059 0.0669, -0.1068 0.0062 0.0551, -0.1696 0.0491 0.0431, -0.181 0.0448 0.0431, -0.191 0.0378 0.0431, -0.1991 0.0287 0.0431, -0.2047 0.0179 0.0431, -0.2077 0.0061 0.0431, -0.2077 -0.0061 0.0431, -0.2047 -0.0179 0.0431, -0.1991 -0.0287 0.0431, -0.191 -0.0378 0.0431, -0.181 -0.0448 0.0431, -0.1696 -0.0491 0.0431, -0.1575 -0.0505 0.0431, -0.1454 -0.0491 0.0431, -0.134 -0.0448 0.0431, -0.124 -0.0378 0.0431, -0.1159 -0.0287 0.0431, -0.1102 -0.0179 0.0431, -0.1073 -0.0061 0.0431, -0.1073 0.0061 0.0431, -0.1102 0.0179 0.0431, -0.1159 0.0287 0.0431, -0.124 0.0378 0.0431, -0.134 0.0448 0.0431, -0.1454 0.0491 0.0431, -0.1575 0.0505 0.0431, -0.1688 0.0459 0.0316, -0.1794 0.0419 0.0316, -0.1888 0.0354 0.0316, -0.1964 0.0269 0.0316, -0.2017 0.0168 0.0316, -0.2044 0.0057 0.0316, -0.2044 -0.0057 0.0316, -0.2017 -0.0168 0.0316, -0.1964 -0.0269 0.0316, -0.1888 -0.0354 0.0316, -0.1794 -0.0419 0.0316, -0.1688 -0.0459 0.0316, -0.1575 -0.0473 0.0316, -0.1462 -0.0459 0.0316, -0.1355 -0.0419 0.0316, -0.1261 -0.0354 0.0316, -0.1186 -0.0269 0.0316, -0.1133 -0.0168 0.0316, -0.1106 -0.0057 0.0316, -0.1106 0.0057 0.0316, -0.1133 0.0168 0.0316, -0.1186 0.0269 0.0316, -0.1261 0.0354 0.0316, -0.1355 0.0419 0.0316, -0.1462 0.0459 0.0316, -0.1575 0.0473 0.0316, -0.1674 0.0402 0.0211, -0.1767 0.0366 0.0211, -0.1849 0.031 0.0211, -0.1915 0.0235 0.0211, -0.1962 0.0147 0.0211, -0.1986 0.005 0.0211, -0.1986 -0.005 0.0211, -0.1962 -0.0147 0.0211, -0.1915 -0.0235 0.0211, -0.1849 -0.031 0.0211, -0.1767 -0.0366 0.0211, -0.1674 -0.0402 0.0211, -0.1575 -0.0414 0.0211, -0.1476 -0.0402 0.0211, -0.1382 -0.0366 0.0211, -0.13 -0.031 0.0211, -0.1234 -0.0235 0.0211, -0.1188 -0.0147 0.0211, -0.1164 -0.005 0.0211, -0.1164 0.005 0.0211, -0.1188 0.0147 0.0211, -0.1234 0.0235 0.0211, -0.13 0.031 0.0211, -0.1382 0.0366 0.0211, -0.1476 0.0402 0.0211, -0.1575 0.0414 0.0211, -0.1654 0.0323 0.0122, -0.1729 0.0294 0.0122, -0.1795 0.0249 0.0122, -0.1848 0.0189 0.0122, -0.1885 0.0118 0.0122, -0.1905 0.004 0.0122, -0.1905 -0.004 0.0122, -0.1885 -0.0118 0.0122, -0.1848 -0.0189 0.0122, -0.1795 -0.0249 0.0122, -0.1729 -0.0294 0.0122, -0.1654 -0.0323 0.0122, -0.1575 -0.0332 0.0122, -0.1495 -0.0323 0.0122, -0.142 -0.0294 0.0122, -0.1355 -0.0249 0.0122, -0.1301 -0.0189 0.0122, -0.1264 -0.0118 0.0122, -0.1245 -0.004 0.0122, -0.1245 0.004 0.0122, -0.1264 0.0118 0.0122, -0.1301 0.0189 0.0122, -0.1355 0.0249 0.0122, -0.142 0.0294 0.0122, -0.1495 0.0323 0.0122, -0.1575 0.0332 0.0122, -0.163 0.0225 0.0056, -0.1683 0.0206 0.0056, -0.1729 0.0174 0.0056, -0.1766 0.0132 0.0056, -0.1792 0.0082 0.0056, -0.1805 0.0028 0.0056, -0.1805 -0.0028 0.0056, -0.1792 -0.0082 0.0056, -0.1766 -0.0132 0.0056, -0.1729 -0.0174 0.0056, -0.1683 -0.0206 0.0056, -0.163 -0.0225 0.0056, -0.1575 -0.0232 0.0056, -0.1519 -0.0225 0.0056, -0.1467 -0.0206 0.0056, -0.1421 -0.0174 0.0056, -0.1384 -0.0132 0.0056, -0.1358 -0.0082 0.0056, -0.1344 -0.0028 0.0056, -0.1344 0.0028 0.0056, -0.1358 0.0082 0.0056, -0.1384 0.0132 0.0056, -0.1421 0.0174 0.0056, -0.1467 0.0206 0.0056, -0.1519 0.0225 0.0056, -0.1575 0.0232 0.0056, -0.163 -0.1469 0.0014, -0.1603 -0.1459 0.0014, -0.1575 -0.1575 0.0, -0.1654 -0.1485 0.0014, -0.1673 -0.1507 0.0014, -0.1686 -0.1532 0.0014, -0.1693 -0.156 0.0014, -0.1693 -0.1589 0.0014, -0.1686 -0.1617 0.0014, -0.1673 -0.1643 0.0014, -0.1654 -0.1664 0.0014, -0.163 -0.1681 0.0014, -0.1603 -0.1691 0.0014, -0.1575 -0.1694 0.0014, -0.1546 -0.1691 0.0014, -0.1519 -0.1681 0.0014, -0.1496 -0.1664 0.0014, -0.1477 -0.1643 0.0014, -0.1463 -0.1617 0.0014, -0.1456 -0.1589 0.0014, -0.1456 -0.156 0.0014, -0.1463 -0.1532 0.0014, -0.1477 -0.1507 0.0014, -0.1496 -0.1485 0.0014, -0.1519 -0.1469 0.0014, -0.1546 -0.1459 0.0014, -0.1575 -0.1455 0.0014, -0.1088 -0.1575 0.0669, -0.1091 -0.1634 0.0669, -0.1068 -0.1636 0.0551, -0.1119 -0.1747 0.0669, -0.1098 -0.1756 0.0551, -0.1174 -0.1851 0.0669, -0.1155 -0.1865 0.0551, -0.1252 -0.1939 0.0669, -0.1236 -0.1957 0.0551, -0.1348 -0.2006 0.0669, -0.1338 -0.2027 0.0551, -0.1458 -0.2048 0.0669, -0.1453 -0.207 0.0551, -0.1575 -0.2062 0.0669, -0.1575 -0.2085 0.0551, -0.1691 -0.2048 0.0669, -0.1697 -0.207 0.0551, -0.1801 -0.2006 0.0669, -0.1812 -0.2027 0.0551, -0.1898 -0.1939 0.0669, -0.1913 -0.1957 0.0551, -0.1976 -0.1851 0.0669, -0.1995 -0.1865 0.0551, -0.203 -0.1747 0.0669, -0.2052 -0.1756 0.0551, -0.2058 -0.1634 0.0669, -0.2081 -0.1636 0.0551, -0.2058 -0.1516 0.0669, -0.2081 -0.1513 0.0551, -0.203 -0.1402 0.0669, -0.2052 -0.1394 0.0551, -0.1976 -0.1298 0.0669, -0.1995 -0.1285 0.0551, -0.1898 -0.121 0.0669, -0.1913 -0.1193 0.0551, -0.1801 -0.1144 0.0669, -0.1812 -0.1123 0.0551, -0.1691 -0.1102 0.0669, -0.1697 -0.1079 0.0551, -0.1575 -0.1088 0.0669, -0.1575 -0.1065 0.0551, -0.1458 -0.1102 0.0669, -0.1453 -0.1079 0.0551, -0.1348 -0.1144 0.0669, -0.1338 -0.1123 0.0551, -0.1252 -0.121 0.0669, -0.1236 -0.1193 0.0551, -0.1174 -0.1298 0.0669, -0.1155 -0.1285 0.0551, -0.1119 -0.1402 0.0669, -0.1098 -0.1394 0.0551, -0.1091 -0.1516 0.0669, -0.1068 -0.1513 0.0551, -0.1696 -0.1084 0.0431, -0.181 -0.1127 0.0431, -0.191 -0.1196 0.0431, -0.1991 -0.1288 0.0431, -0.2047 -0.1396 0.0431, -0.2077 -0.1514 0.0431, -0.2077 -0.1636 0.0431, -0.2047 -0.1754 0.0431, -0.1991 -0.1862 0.0431, -0.191 -0.1953 0.0431, -0.181 -0.2022 0.0431, -0.1696 -0.2066 0.0431, -0.1575 -0.208 0.0431, -0.1454 -0.2066 0.0431, -0.134 -0.2022 0.0431, -0.124 -0.1953 0.0431, -0.1159 -0.1862 0.0431, -0.1102 -0.1754 0.0431, -0.1073 -0.1636 0.0431, -0.1073 -0.1514 0.0431, -0.1102 -0.1396 0.0431, -0.1159 -0.1288 0.0431, -0.124 -0.1196 0.0431, -0.134 -0.1127 0.0431, -0.1454 -0.1084 0.0431, -0.1575 -0.1069 0.0431, -0.1688 -0.1116 0.0316, -0.1794 -0.1156 0.0316, -0.1888 -0.1221 0.0316, -0.1964 -0.1306 0.0316, -0.2017 -0.1407 0.0316, -0.2044 -0.1518 0.0316, -0.2044 -0.1632 0.0316, -0.2017 -0.1742 0.0316, -0.1964 -0.1843 0.0316, -0.1888 -0.1929 0.0316, -0.1794 -0.1993 0.0316, -0.1688 -0.2034 0.0316, -0.1575 -0.2047 0.0316, -0.1462 -0.2034 0.0316, -0.1355 -0.1993 0.0316, -0.1261 -0.1929 0.0316, -0.1186 -0.1843 0.0316, -0.1133 -0.1742 0.0316, -0.1106 -0.1632 0.0316, -0.1106 -0.1518 0.0316, -0.1133 -0.1407 0.0316, -0.1186 -0.1306 0.0316, -0.1261 -0.1221 0.0316, -0.1355 -0.1156 0.0316, -0.1462 -0.1116 0.0316, -0.1575 -0.1102 0.0316, -0.1674 -0.1173 0.0211, -0.1767 -0.1208 0.0211, -0.1849 -0.1265 0.0211, -0.1915 -0.134 0.0211, -0.1962 -0.1428 0.0211, -0.1986 -0.1525 0.0211, -0.1986 -0.1625 0.0211, -0.1962 -0.1722 0.0211, -0.1915 -0.181 0.0211, -0.1849 -0.1885 0.0211, -0.1767 -0.1941 0.0211, -0.1674 -0.1977 0.0211, -0.1575 -0.1989 0.0211, -0.1476 -0.1977 0.0211, -0.1382 -0.1941 0.0211, -0.13 -0.1885 0.0211, -0.1234 -0.181 0.0211, -0.1188 -0.1722 0.0211, -0.1164 -0.1625 0.0211, -0.1164 -0.1525 0.0211, -0.1188 -0.1428 0.0211, -0.1234 -0.134 0.0211, -0.13 -0.1265 0.0211, -0.1382 -0.1208 0.0211, -0.1476 -0.1173 0.0211, -0.1575 -0.1161 0.0211, -0.1654 -0.1252 0.0122, -0.1729 -0.1281 0.0122, -0.1795 -0.1326 0.0122, -0.1848 -0.1386 0.0122, -0.1885 -0.1457 0.0122, -0.1905 -0.1535 0.0122, -0.1905 -0.1615 0.0122, -0.1885 -0.1693 0.0122, -0.1848 -0.1764 0.0122, -0.1795 -0.1823 0.0122, -0.1729 -0.1869 0.0122, -0.1654 -0.1897 0.0122, -0.1575 -0.1907 0.0122, -0.1495 -0.1897 0.0122, -0.142 -0.1869 0.0122, -0.1355 -0.1823 0.0122, -0.1301 -0.1764 0.0122, -0.1264 -0.1693 0.0122, -0.1245 -0.1615 0.0122, -0.1245 -0.1535 0.0122, -0.1264 -0.1457 0.0122, -0.1301 -0.1386 0.0122, -0.1355 -0.1326 0.0122, -0.142 -0.1281 0.0122, -0.1495 -0.1252 0.0122, -0.1575 -0.1243 0.0122, -0.163 -0.1349 0.0056, -0.1683 -0.1369 0.0056, -0.1729 -0.1401 0.0056, -0.1766 -0.1443 0.0056, -0.1792 -0.1492 0.0056, -0.1805 -0.1547 0.0056, -0.1805 -0.1603 0.0056, -0.1792 -0.1657 0.0056, -0.1766 -0.1707 0.0056, -0.1729 -0.1749 0.0056, -0.1683 -0.178 0.0056, -0.163 -0.18 0.0056, -0.1575 -0.1807 0.0056, -0.1519 -0.18 0.0056, -0.1467 -0.178 0.0056, -0.1421 -0.1749 0.0056, -0.1384 -0.1707 0.0056, -0.1358 -0.1657 0.0056, -0.1344 -0.1603 0.0056, -0.1344 -0.1547 0.0056, -0.1358 -0.1492 0.0056, -0.1384 -0.1443 0.0056, -0.1421 -0.1401 0.0056, -0.1467 -0.1369 0.0056, -0.1519 -0.1349 0.0056, -0.1575 -0.1343 0.0056, -0.163 -0.3044 0.0014, -0.1603 -0.3034 0.0014, -0.1575 -0.315 0.0, -0.1654 -0.306 0.0014, -0.1673 -0.3082 0.0014, -0.1686 -0.3107 0.0014, -0.1693 -0.3135 0.0014, -0.1693 -0.3164 0.0014, -0.1686 -0.3192 0.0014, -0.1673 -0.3217 0.0014, -0.1654 -0.3239 0.0014, -0.163 -0.3255 0.0014, -0.1603 -0.3266 0.0014, -0.1575 -0.3269 0.0014, -0.1546 -0.3266 0.0014, -0.1519 -0.3255 0.0014, -0.1496 -0.3239 0.0014, -0.1477 -0.3217 0.0014, -0.1463 -0.3192 0.0014, -0.1456 -0.3164 0.0014, -0.1456 -0.3135 0.0014, -0.1463 -0.3107 0.0014, -0.1477 -0.3082 0.0014, -0.1496 -0.306 0.0014, -0.1519 -0.3044 0.0014, -0.1546 -0.3034 0.0014, -0.1575 -0.303 0.0014, -0.1088 -0.315 0.0669, -0.1091 -0.3208 0.0669, -0.1068 -0.3211 0.0551, -0.1119 -0.3322 0.0669, -0.1098 -0.3331 0.0551, -0.1174 -0.3426 0.0669, -0.1155 -0.3439 0.0551, -0.1252 -0.3514 0.0669, -0.1236 -0.3532 0.0551, -0.1348 -0.3581 0.0669, -0.1338 -0.3601 0.0551, -0.1458 -0.3622 0.0669, -0.1453 -0.3645 0.0551, -0.1575 -0.3637 0.0669, -0.1575 -0.366 0.0551, -0.1691 -0.3622 0.0669, -0.1697 -0.3645 0.0551, -0.1801 -0.3581 0.0669, -0.1812 -0.3601 0.0551, -0.1898 -0.3514 0.0669, -0.1913 -0.3532 0.0551, -0.1976 -0.3426 0.0669, -0.1995 -0.3439 0.0551, -0.203 -0.3322 0.0669, -0.2052 -0.3331 0.0551, -0.2058 -0.3208 0.0669, -0.2081 -0.3211 0.0551, -0.2058 -0.3091 0.0669, -0.2081 -0.3088 0.0551, -0.203 -0.2977 0.0669, -0.2052 -0.2969 0.0551, -0.1976 -0.2873 0.0669, -0.1995 -0.286 0.0551, -0.1898 -0.2785 0.0669, -0.1913 -0.2768 0.0551, -0.1801 -0.2718 0.0669, -0.1812 -0.2698 0.0551, -0.1691 -0.2677 0.0669, -0.1697 -0.2654 0.0551, -0.1575 -0.2663 0.0669, -0.1575 -0.2639 0.0551, -0.1458 -0.2677 0.0669, -0.1453 -0.2654 0.0551, -0.1348 -0.2718 0.0669, -0.1338 -0.2698 0.0551, -0.1252 -0.2785 0.0669, -0.1236 -0.2768 0.0551, -0.1174 -0.2873 0.0669, -0.1155 -0.286 0.0551, -0.1119 -0.2977 0.0669, -0.1098 -0.2969 0.0551, -0.1091 -0.3091 0.0669, -0.1068 -0.3088 0.0551, -0.1696 -0.2659 0.0431, -0.181 -0.2702 0.0431, -0.191 -0.2771 0.0431, -0.1991 -0.2862 0.0431, -0.2047 -0.297 0.0431, -0.2077 -0.3089 0.0431, -0.2077 -0.3211 0.0431, -0.2047 -0.3329 0.0431, -0.1991 -0.3437 0.0431, -0.191 -0.3528 0.0431, -0.181 -0.3597 0.0431, -0.1696 -0.364 0.0431, -0.1575 -0.3655 0.0431, -0.1454 -0.364 0.0431, -0.134 -0.3597 0.0431, -0.124 -0.3528 0.0431, -0.1159 -0.3437 0.0431, -0.1102 -0.3329 0.0431, -0.1073 -0.3211 0.0431, -0.1073 -0.3089 0.0431, -0.1102 -0.297 0.0431, -0.1159 -0.2862 0.0431, -0.124 -0.2771 0.0431, -0.134 -0.2702 0.0431, -0.1454 -0.2659 0.0431, -0.1575 -0.2644 0.0431, -0.1688 -0.2691 0.0316, -0.1794 -0.2731 0.0316, -0.1888 -0.2796 0.0316, -0.1964 -0.2881 0.0316, -0.2017 -0.2982 0.0316, -0.2044 -0.3093 0.0316, -0.2044 -0.3207 0.0316, -0.2017 -0.3317 0.0316, -0.1964 -0.3418 0.0316, -0.1888 -0.3503 0.0316, -0.1794 -0.3568 0.0316, -0.1688 -0.3609 0.0316, -0.1575 -0.3622 0.0316, -0.1462 -0.3609 0.0316, -0.1355 -0.3568 0.0316, -0.1261 -0.3503 0.0316, -0.1186 -0.3418 0.0316, -0.1133 -0.3317 0.0316, -0.1106 -0.3207 0.0316, -0.1106 -0.3093 0.0316, -0.1133 -0.2982 0.0316, -0.1186 -0.2881 0.0316, -0.1261 -0.2796 0.0316, -0.1355 -0.2731 0.0316, -0.1462 -0.2691 0.0316, -0.1575 -0.2677 0.0316, -0.1674 -0.2748 0.0211, -0.1767 -0.2783 0.0211, -0.1849 -0.284 0.0211, -0.1915 -0.2915 0.0211, -0.1962 -0.3003 0.0211, -0.1986 -0.31 0.0211, -0.1986 -0.3199 0.0211, -0.1962 -0.3296 0.0211, -0.1915 -0.3385 0.0211, -0.1849 -0.3459 0.0211, -0.1767 -0.3516 0.0211, -0.1674 -0.3551 0.0211, -0.1575 -0.3563 0.0211, -0.1476 -0.3551 0.0211, -0.1382 -0.3516 0.0211, -0.13 -0.3459 0.0211, -0.1234 -0.3385 0.0211, -0.1188 -0.3296 0.0211, -0.1164 -0.3199 0.0211, -0.1164 -0.31 0.0211, -0.1188 -0.3003 0.0211, -0.1234 -0.2915 0.0211, -0.13 -0.284 0.0211, -0.1382 -0.2783 0.0211, -0.1476 -0.2748 0.0211, -0.1575 -0.2736 0.0211, -0.1654 -0.2827 0.0122, -0.1729 -0.2855 0.0122, -0.1795 -0.2901 0.0122, -0.1848 -0.2961 0.0122, -0.1885 -0.3032 0.0122, -0.1905 -0.311 0.0122, -0.1905 -0.319 0.0122, -0.1885 -0.3267 0.0122, -0.1848 -0.3338 0.0122, -0.1795 -0.3398 0.0122, -0.1729 -0.3444 0.0122, -0.1654 -0.3472 0.0122, -0.1575 -0.3482 0.0122, -0.1495 -0.3472 0.0122, -0.142 -0.3444 0.0122, -0.1355 -0.3398 0.0122, -0.1301 -0.3338 0.0122, -0.1264 -0.3267 0.0122, -0.1245 -0.319 0.0122, -0.1245 -0.311 0.0122, -0.1264 -0.3032 0.0122, -0.1301 -0.2961 0.0122, -0.1355 -0.2901 0.0122, -0.142 -0.2855 0.0122, -0.1495 -0.2827 0.0122, -0.1575 -0.2817 0.0122, -0.163 -0.2924 0.0056, -0.1683 -0.2944 0.0056, -0.1729 -0.2976 0.0056, -0.1766 -0.3018 0.0056, -0.1792 -0.3067 0.0056, -0.1805 -0.3122 0.0056, -0.1805 -0.3178 0.0056, -0.1792 -0.3232 0.0056, -0.1766 -0.3282 0.0056, -0.1729 -0.3323 0.0056, -0.1683 -0.3355 0.0056, -0.163 -0.3375 0.0056, -0.1575 -0.3382 0.0056, -0.1519 -0.3375 0.0056, -0.1467 -0.3355 0.0056, -0.1421 -0.3323 0.0056, -0.1384 -0.3282 0.0056, -0.1358 -0.3232 0.0056, -0.1344 -0.3178 0.0056, -0.1344 -0.3122 0.0056, -0.1358 -0.3067 0.0056, -0.1384 -0.3018 0.0056, -0.1421 -0.2976 0.0056, -0.1467 -0.2944 0.0056, -0.1519 -0.2924 0.0056, -0.1575 -0.2917 0.0056, -0.3205 0.3255 0.0014, -0.3178 0.3266 0.0014, -0.315 0.315 0.0, -0.3229 0.3239 0.0014, -0.3248 0.3217 0.0014, -0.3261 0.3192 0.0014, -0.3268 0.3164 0.0014, -0.3268 0.3135 0.0014, -0.3261 0.3107 0.0014, -0.3248 0.3082 0.0014, -0.3229 0.306 0.0014, -0.3205 0.3044 0.0014, -0.3178 0.3034 0.0014, -0.315 0.303 0.0014, -0.3121 0.3034 0.0014, -0.3094 0.3044 0.0014, -0.307 0.306 0.0014, -0.3051 0.3082 0.0014, -0.3038 0.3107 0.0014, -0.3031 0.3135 0.0014, -0.3031 0.3164 0.0014, -0.3038 0.3192 0.0014, -0.3051 0.3217 0.0014, -0.307 0.3239 0.0014, -0.3094 0.3255 0.0014, -0.3121 0.3266 0.0014, -0.315 0.3269 0.0014, -0.2663 0.315 0.0669, -0.2666 0.3091 0.0669, -0.2643 0.3088 0.0551, -0.2694 0.2977 0.0669, -0.2672 0.2969 0.0551, -0.2749 0.2873 0.0669, -0.273 0.286 0.0551, -0.2827 0.2785 0.0669, -0.2811 0.2768 0.0551, -0.2923 0.2718 0.0669, -0.2912 0.2698 0.0551, -0.3033 0.2677 0.0669, -0.3027 0.2654 0.0551, -0.315 0.2663 0.0669, -0.315 0.2639 0.0551, -0.3266 0.2677 0.0669, -0.3272 0.2654 0.0551, -0.3376 0.2718 0.0669, -0.3387 0.2698 0.0551, -0.3473 0.2785 0.0669, -0.3488 0.2768 0.0551, -0.355 0.2873 0.0669, -0.357 0.286 0.0551, -0.3605 0.2977 0.0669, -0.3627 0.2969 0.0551, -0.3633 0.3091 0.0669, -0.3656 0.3088 0.0551, -0.3633 0.3208 0.0669, -0.3656 0.3211 0.0551, -0.3605 0.3322 0.0669, -0.3627 0.3331 0.0551, -0.355 0.3426 0.0669, -0.357 0.3439 0.0551, -0.3473 0.3514 0.0669, -0.3488 0.3532 0.0551, -0.3376 0.3581 0.0669, -0.3387 0.3601 0.0551, -0.3266 0.3622 0.0669, -0.3272 0.3645 0.0551, -0.315 0.3637 0.0669, -0.315 0.366 0.0551, -0.3033 0.3622 0.0669, -0.3027 0.3645 0.0551, -0.2923 0.3581 0.0669, -0.2912 0.3601 0.0551, -0.2827 0.3514 0.0669, -0.2811 0.3532 0.0551, -0.2749 0.3426 0.0669, -0.273 0.3439 0.0551, -0.2694 0.3322 0.0669, -0.2672 0.3331 0.0551, -0.2666 0.3208 0.0669, -0.2643 0.3211 0.0551, -0.3271 0.364 0.0431, -0.3384 0.3597 0.0431, -0.3485 0.3528 0.0431, -0.3566 0.3437 0.0431, -0.3622 0.3329 0.0431, -0.3651 0.3211 0.0431, -0.3651 0.3089 0.0431, -0.3622 0.297 0.0431, -0.3566 0.2862 0.0431, -0.3485 0.2771 0.0431, -0.3384 0.2702 0.0431, -0.3271 0.2659 0.0431, -0.315 0.2644 0.0431, -0.3029 0.2659 0.0431, -0.2915 0.2702 0.0431, -0.2814 0.2771 0.0431, -0.2734 0.2862 0.0431, -0.2677 0.297 0.0431, -0.2648 0.3089 0.0431, -0.2648 0.3211 0.0431, -0.2677 0.3329 0.0431, -0.2734 0.3437 0.0431, -0.2814 0.3528 0.0431, -0.2915 0.3597 0.0431, -0.3029 0.364 0.0431, -0.315 0.3655 0.0431, -0.3263 0.3609 0.0316, -0.3369 0.3568 0.0316, -0.3463 0.3503 0.0316, -0.3539 0.3418 0.0316, -0.3592 0.3317 0.0316, -0.3619 0.3207 0.0316, -0.3619 0.3093 0.0316, -0.3592 0.2982 0.0316, -0.3539 0.2881 0.0316, -0.3463 0.2796 0.0316, -0.3369 0.2731 0.0316, -0.3263 0.2691 0.0316, -0.315 0.2677 0.0316, -0.3036 0.2691 0.0316, -0.293 0.2731 0.0316, -0.2836 0.2796 0.0316, -0.2761 0.2881 0.0316, -0.2708 0.2982 0.0316, -0.268 0.3093 0.0316, -0.268 0.3207 0.0316, -0.2708 0.3317 0.0316, -0.2761 0.3418 0.0316, -0.2836 0.3503 0.0316, -0.293 0.3568 0.0316, -0.3036 0.3609 0.0316, -0.315 0.3622 0.0316, -0.3249 0.3551 0.0211, -0.3342 0.3516 0.0211, -0.3424 0.3459 0.0211, -0.349 0.3385 0.0211, -0.3537 0.3296 0.0211, -0.356 0.3199 0.0211, -0.356 0.31 0.0211, -0.3537 0.3003 0.0211, -0.349 0.2915 0.0211, -0.3424 0.284 0.0211, -0.3342 0.2783 0.0211, -0.3249 0.2748 0.0211, -0.315 0.2736 0.0211, -0.3051 0.2748 0.0211, -0.2957 0.2783 0.0211, -0.2875 0.284 0.0211, -0.2809 0.2915 0.0211, -0.2763 0.3003 0.0211, -0.2739 0.31 0.0211, -0.2739 0.3199 0.0211, -0.2763 0.3296 0.0211, -0.2809 0.3385 0.0211, -0.2875 0.3459 0.0211, -0.2957 0.3516 0.0211, -0.3051 0.3551 0.0211, -0.315 0.3563 0.0211, -0.3229 0.3472 0.0122, -0.3304 0.3444 0.0122, -0.337 0.3398 0.0122, -0.3423 0.3338 0.0122, -0.346 0.3267 0.0122, -0.3479 0.319 0.0122, -0.3479 0.311 0.0122, -0.346 0.3032 0.0122, -0.3423 0.2961 0.0122, -0.337 0.2901 0.0122, -0.3304 0.2855 0.0122, -0.3229 0.2827 0.0122, -0.315 0.2817 0.0122, -0.307 0.2827 0.0122, -0.2995 0.2855 0.0122, -0.2929 0.2901 0.0122, -0.2876 0.2961 0.0122, -0.2839 0.3032 0.0122, -0.282 0.311 0.0122, -0.282 0.319 0.0122, -0.2839 0.3267 0.0122, -0.2876 0.3338 0.0122, -0.2929 0.3398 0.0122, -0.2995 0.3444 0.0122, -0.307 0.3472 0.0122, -0.315 0.3482 0.0122, -0.3205 0.3375 0.0056, -0.3258 0.3355 0.0056, -0.3304 0.3323 0.0056, -0.3341 0.3282 0.0056, -0.3367 0.3232 0.0056, -0.338 0.3178 0.0056, -0.338 0.3122 0.0056, -0.3367 0.3067 0.0056, -0.3341 0.3018 0.0056, -0.3304 0.2976 0.0056, -0.3258 0.2944 0.0056, -0.3205 0.2924 0.0056, -0.315 0.2917 0.0056, -0.3094 0.2924 0.0056, -0.3042 0.2944 0.0056, -0.2996 0.2976 0.0056, -0.2959 0.3018 0.0056, -0.2932 0.3067 0.0056, -0.2919 0.3122 0.0056, -0.2919 0.3178 0.0056, -0.2932 0.3232 0.0056, -0.2959 0.3282 0.0056, -0.2996 0.3323 0.0056, -0.3042 0.3355 0.0056, -0.3094 0.3375 0.0056, -0.315 0.3382 0.0056, -0.3205 0.1681 0.0014, -0.3178 0.1691 0.0014, -0.315 0.1575 0.0, -0.3229 0.1664 0.0014, -0.3248 0.1643 0.0014, -0.3261 0.1617 0.0014, -0.3268 0.1589 0.0014, -0.3268 0.156 0.0014, -0.3261 0.1532 0.0014, -0.3248 0.1507 0.0014, -0.3229 0.1485 0.0014, -0.3205 0.1469 0.0014, -0.3178 0.1459 0.0014, -0.315 0.1455 0.0014, -0.3121 0.1459 0.0014, -0.3094 0.1469 0.0014, -0.307 0.1485 0.0014, -0.3051 0.1507 0.0014, -0.3038 0.1532 0.0014, -0.3031 0.156 0.0014, -0.3031 0.1589 0.0014, -0.3038 0.1617 0.0014, -0.3051 0.1643 0.0014, -0.307 0.1664 0.0014, -0.3094 0.1681 0.0014, -0.3121 0.1691 0.0014, -0.315 0.1694 0.0014, -0.2663 0.1575 0.0669, -0.2666 0.1516 0.0669, -0.2643 0.1513 0.0551, -0.2694 0.1402 0.0669, -0.2672 0.1394 0.0551, -0.2749 0.1298 0.0669, -0.273 0.1285 0.0551, -0.2827 0.121 0.0669, -0.2811 0.1193 0.0551, -0.2923 0.1144 0.0669, -0.2912 0.1123 0.0551, -0.3033 0.1102 0.0669, -0.3027 0.1079 0.0551, -0.315 0.1088 0.0669, -0.315 0.1065 0.0551, -0.3266 0.1102 0.0669, -0.3272 0.1079 0.0551, -0.3376 0.1144 0.0669, -0.3387 0.1123 0.0551, -0.3473 0.121 0.0669, -0.3488 0.1193 0.0551, -0.355 0.1298 0.0669, -0.357 0.1285 0.0551, -0.3605 0.1402 0.0669, -0.3627 0.1394 0.0551, -0.3633 0.1516 0.0669, -0.3656 0.1513 0.0551, -0.3633 0.1634 0.0669, -0.3656 0.1636 0.0551, -0.3605 0.1747 0.0669, -0.3627 0.1756 0.0551, -0.355 0.1851 0.0669, -0.357 0.1865 0.0551, -0.3473 0.1939 0.0669, -0.3488 0.1957 0.0551, -0.3376 0.2006 0.0669, -0.3387 0.2027 0.0551, -0.3266 0.2048 0.0669, -0.3272 0.207 0.0551, -0.315 0.2062 0.0669, -0.315 0.2085 0.0551, -0.3033 0.2048 0.0669, -0.3027 0.207 0.0551, -0.2923 0.2006 0.0669, -0.2912 0.2027 0.0551, -0.2827 0.1939 0.0669, -0.2811 0.1957 0.0551, -0.2749 0.1851 0.0669, -0.273 0.1865 0.0551, -0.2694 0.1747 0.0669, -0.2672 0.1756 0.0551, -0.2666 0.1634 0.0669, -0.2643 0.1636 0.0551, -0.3271 0.2066 0.0431, -0.3384 0.2022 0.0431, -0.3485 0.1953 0.0431, -0.3566 0.1862 0.0431, -0.3622 0.1754 0.0431, -0.3651 0.1636 0.0431, -0.3651 0.1514 0.0431, -0.3622 0.1396 0.0431, -0.3566 0.1288 0.0431, -0.3485 0.1196 0.0431, -0.3384 0.1127 0.0431, -0.3271 0.1084 0.0431, -0.315 0.1069 0.0431, -0.3029 0.1084 0.0431, -0.2915 0.1127 0.0431, -0.2814 0.1196 0.0431, -0.2734 0.1288 0.0431, -0.2677 0.1396 0.0431, -0.2648 0.1514 0.0431, -0.2648 0.1636 0.0431, -0.2677 0.1754 0.0431, -0.2734 0.1862 0.0431, -0.2814 0.1953 0.0431, -0.2915 0.2022 0.0431, -0.3029 0.2066 0.0431, -0.315 0.208 0.0431, -0.3263 0.2034 0.0316, -0.3369 0.1993 0.0316, -0.3463 0.1929 0.0316, -0.3539 0.1843 0.0316, -0.3592 0.1742 0.0316, -0.3619 0.1632 0.0316, -0.3619 0.1518 0.0316, -0.3592 0.1407 0.0316, -0.3539 0.1306 0.0316, -0.3463 0.1221 0.0316, -0.3369 0.1156 0.0316, -0.3263 0.1116 0.0316, -0.315 0.1102 0.0316, -0.3036 0.1116 0.0316, -0.293 0.1156 0.0316, -0.2836 0.1221 0.0316, -0.2761 0.1306 0.0316, -0.2708 0.1407 0.0316, -0.268 0.1518 0.0316, -0.268 0.1632 0.0316, -0.2708 0.1742 0.0316, -0.2761 0.1843 0.0316, -0.2836 0.1929 0.0316, -0.293 0.1993 0.0316, -0.3036 0.2034 0.0316, -0.315 0.2047 0.0316, -0.3249 0.1977 0.0211, -0.3342 0.1941 0.0211, -0.3424 0.1885 0.0211, -0.349 0.181 0.0211, -0.3537 0.1722 0.0211, -0.356 0.1625 0.0211, -0.356 0.1525 0.0211, -0.3537 0.1428 0.0211, -0.349 0.134 0.0211, -0.3424 0.1265 0.0211, -0.3342 0.1208 0.0211, -0.3249 0.1173 0.0211, -0.315 0.1161 0.0211, -0.3051 0.1173 0.0211, -0.2957 0.1208 0.0211, -0.2875 0.1265 0.0211, -0.2809 0.134 0.0211, -0.2763 0.1428 0.0211, -0.2739 0.1525 0.0211, -0.2739 0.1625 0.0211, -0.2763 0.1722 0.0211, -0.2809 0.181 0.0211, -0.2875 0.1885 0.0211, -0.2957 0.1941 0.0211, -0.3051 0.1977 0.0211, -0.315 0.1989 0.0211, -0.3229 0.1897 0.0122, -0.3304 0.1869 0.0122, -0.337 0.1823 0.0122, -0.3423 0.1764 0.0122, -0.346 0.1693 0.0122, -0.3479 0.1615 0.0122, -0.3479 0.1535 0.0122, -0.346 0.1457 0.0122, -0.3423 0.1386 0.0122, -0.337 0.1326 0.0122, -0.3304 0.1281 0.0122, -0.3229 0.1252 0.0122, -0.315 0.1243 0.0122, -0.307 0.1252 0.0122, -0.2995 0.1281 0.0122, -0.2929 0.1326 0.0122, -0.2876 0.1386 0.0122, -0.2839 0.1457 0.0122, -0.282 0.1535 0.0122, -0.282 0.1615 0.0122, -0.2839 0.1693 0.0122, -0.2876 0.1764 0.0122, -0.2929 0.1823 0.0122, -0.2995 0.1869 0.0122, -0.307 0.1897 0.0122, -0.315 0.1907 0.0122, -0.3205 0.18 0.0056, -0.3258 0.178 0.0056, -0.3304 0.1749 0.0056, -0.3341 0.1707 0.0056, -0.3367 0.1657 0.0056, -0.338 0.1603 0.0056, -0.338 0.1547 0.0056, -0.3367 0.1492 0.0056, -0.3341 0.1443 0.0056, -0.3304 0.1401 0.0056, -0.3258 0.1369 0.0056, -0.3205 0.1349 0.0056, -0.315 0.1343 0.0056, -0.3094 0.1349 0.0056, -0.3042 0.1369 0.0056, -0.2996 0.1401 0.0056, -0.2959 0.1443 0.0056, -0.2932 0.1492 0.0056, -0.2919 0.1547 0.0056, -0.2919 0.1603 0.0056, -0.2932 0.1657 0.0056, -0.2959 0.1707 0.0056, -0.2996 0.1749 0.0056, -0.3042 0.178 0.0056, -0.3094 0.18 0.0056, -0.315 0.1807 0.0056, -0.3205 0.0106 0.0014, -0.3178 0.0116 0.0014, -0.315 -0.0 0.0, -0.3229 0.0089 0.0014, -0.3248 0.0068 0.0014, -0.3261 0.0042 0.0014, -0.3268 0.0014 0.0014, -0.3268 -0.0014 0.0014, -0.3261 -0.0042 0.0014, -0.3248 -0.0068 0.0014, -0.3229 -0.0089 0.0014, -0.3205 -0.0106 0.0014, -0.3178 -0.0116 0.0014, -0.315 -0.0119 0.0014, -0.3121 -0.0116 0.0014, -0.3094 -0.0106 0.0014, -0.307 -0.0089 0.0014, -0.3051 -0.0068 0.0014, -0.3038 -0.0042 0.0014, -0.3031 -0.0014 0.0014, -0.3031 0.0014 0.0014, -0.3038 0.0042 0.0014, -0.3051 0.0068 0.0014, -0.307 0.0089 0.0014, -0.3094 0.0106 0.0014, -0.3121 0.0116 0.0014, -0.315 0.0119 0.0014, -0.2663 -0.0 0.0669, -0.2666 -0.0059 0.0669, -0.2643 -0.0062 0.0551, -0.2694 -0.0173 0.0669, -0.2672 -0.0181 0.0551, -0.2749 -0.0277 0.0669, -0.273 -0.029 0.0551, -0.2827 -0.0365 0.0669, -0.2811 -0.0382 0.0551, -0.2923 -0.0431 0.0669, -0.2912 -0.0452 0.0551, -0.3033 -0.0473 0.0669, -0.3027 -0.0495 0.0551, -0.315 -0.0487 0.0669, -0.315 -0.051 0.0551, -0.3266 -0.0473 0.0669, -0.3272 -0.0495 0.0551, -0.3376 -0.0431 0.0669, -0.3387 -0.0452 0.0551, -0.3473 -0.0365 0.0669, -0.3488 -0.0382 0.0551, -0.355 -0.0277 0.0669, -0.357 -0.029 0.0551, -0.3605 -0.0173 0.0669, -0.3627 -0.0181 0.0551, -0.3633 -0.0059 0.0669, -0.3656 -0.0062 0.0551, -0.3633 0.0059 0.0669, -0.3656 0.0062 0.0551, -0.3605 0.0173 0.0669, -0.3627 0.0181 0.0551, -0.355 0.0277 0.0669, -0.357 0.029 0.0551, -0.3473 0.0365 0.0669, -0.3488 0.0382 0.0551, -0.3376 0.0431 0.0669, -0.3387 0.0452 0.0551, -0.3266 0.0473 0.0669, -0.3272 0.0495 0.0551, -0.315 0.0487 0.0669, -0.315 0.051 0.0551, -0.3033 0.0473 0.0669, -0.3027 0.0495 0.0551, -0.2923 0.0431 0.0669, -0.2912 0.0452 0.0551, -0.2827 0.0365 0.0669, -0.2811 0.0382 0.0551, -0.2749 0.0277 0.0669, -0.273 0.029 0.0551, -0.2694 0.0173 0.0669, -0.2672 0.0181 0.0551, -0.2666 0.0059 0.0669, -0.2643 0.0062 0.0551, -0.3271 0.0491 0.0431, -0.3384 0.0448 0.0431, -0.3485 0.0378 0.0431, -0.3566 0.0287 0.0431, -0.3622 0.0179 0.0431, -0.3651 0.0061 0.0431, -0.3651 -0.0061 0.0431, -0.3622 -0.0179 0.0431, -0.3566 -0.0287 0.0431, -0.3485 -0.0378 0.0431, -0.3384 -0.0448 0.0431, -0.3271 -0.0491 0.0431, -0.315 -0.0505 0.0431, -0.3029 -0.0491 0.0431, -0.2915 -0.0448 0.0431, -0.2814 -0.0378 0.0431, -0.2734 -0.0287 0.0431, -0.2677 -0.0179 0.0431, -0.2648 -0.0061 0.0431, -0.2648 0.0061 0.0431, -0.2677 0.0179 0.0431, -0.2734 0.0287 0.0431, -0.2814 0.0378 0.0431, -0.2915 0.0448 0.0431, -0.3029 0.0491 0.0431, -0.315 0.0505 0.0431, -0.3263 0.0459 0.0316, -0.3369 0.0419 0.0316, -0.3463 0.0354 0.0316, -0.3539 0.0269 0.0316, -0.3592 0.0168 0.0316, -0.3619 0.0057 0.0316, -0.3619 -0.0057 0.0316, -0.3592 -0.0168 0.0316, -0.3539 -0.0269 0.0316, -0.3463 -0.0354 0.0316, -0.3369 -0.0419 0.0316, -0.3263 -0.0459 0.0316, -0.315 -0.0473 0.0316, -0.3036 -0.0459 0.0316, -0.293 -0.0419 0.0316, -0.2836 -0.0354 0.0316, -0.2761 -0.0269 0.0316, -0.2708 -0.0168 0.0316, -0.268 -0.0057 0.0316, -0.268 0.0057 0.0316, -0.2708 0.0168 0.0316, -0.2761 0.0269 0.0316, -0.2836 0.0354 0.0316, -0.293 0.0419 0.0316, -0.3036 0.0459 0.0316, -0.315 0.0473 0.0316, -0.3249 0.0402 0.0211, -0.3342 0.0366 0.0211, -0.3424 0.031 0.0211, -0.349 0.0235 0.0211, -0.3537 0.0147 0.0211, -0.356 0.005 0.0211, -0.356 -0.005 0.0211, -0.3537 -0.0147 0.0211, -0.349 -0.0235 0.0211, -0.3424 -0.031 0.0211, -0.3342 -0.0366 0.0211, -0.3249 -0.0402 0.0211, -0.315 -0.0414 0.0211, -0.3051 -0.0402 0.0211, -0.2957 -0.0366 0.0211, -0.2875 -0.031 0.0211, -0.2809 -0.0235 0.0211, -0.2763 -0.0147 0.0211, -0.2739 -0.005 0.0211, -0.2739 0.005 0.0211, -0.2763 0.0147 0.0211, -0.2809 0.0235 0.0211, -0.2875 0.031 0.0211, -0.2957 0.0366 0.0211, -0.3051 0.0402 0.0211, -0.315 0.0414 0.0211, -0.3229 0.0323 0.0122, -0.3304 0.0294 0.0122, -0.337 0.0249 0.0122, -0.3423 0.0189 0.0122, -0.346 0.0118 0.0122, -0.3479 0.004 0.0122, -0.3479 -0.004 0.0122, -0.346 -0.0118 0.0122, -0.3423 -0.0189 0.0122, -0.337 -0.0249 0.0122, -0.3304 -0.0294 0.0122, -0.3229 -0.0323 0.0122, -0.315 -0.0332 0.0122, -0.307 -0.0323 0.0122, -0.2995 -0.0294 0.0122, -0.2929 -0.0249 0.0122, -0.2876 -0.0189 0.0122, -0.2839 -0.0118 0.0122, -0.282 -0.004 0.0122, -0.282 0.004 0.0122, -0.2839 0.0118 0.0122, -0.2876 0.0189 0.0122, -0.2929 0.0249 0.0122, -0.2995 0.0294 0.0122, -0.307 0.0323 0.0122, -0.315 0.0332 0.0122, -0.3205 0.0225 0.0056, -0.3258 0.0206 0.0056, -0.3304 0.0174 0.0056, -0.3341 0.0132 0.0056, -0.3367 0.0082 0.0056, -0.338 0.0028 0.0056, -0.338 -0.0028 0.0056, -0.3367 -0.0082 0.0056, -0.3341 -0.0132 0.0056, -0.3304 -0.0174 0.0056, -0.3258 -0.0206 0.0056, -0.3205 -0.0225 0.0056, -0.315 -0.0232 0.0056, -0.3094 -0.0225 0.0056, -0.3042 -0.0206 0.0056, -0.2996 -0.0174 0.0056, -0.2959 -0.0132 0.0056, -0.2932 -0.0082 0.0056, -0.2919 -0.0028 0.0056, -0.2919 0.0028 0.0056, -0.2932 0.0082 0.0056, -0.2959 0.0132 0.0056, -0.2996 0.0174 0.0056, -0.3042 0.0206 0.0056, -0.3094 0.0225 0.0056, -0.315 0.0232 0.0056, -0.3205 -0.1469 0.0014, -0.3178 -0.1459 0.0014, -0.315 -0.1575 0.0, -0.3229 -0.1485 0.0014, -0.3248 -0.1507 0.0014, -0.3261 -0.1532 0.0014, -0.3268 -0.156 0.0014, -0.3268 -0.1589 0.0014, -0.3261 -0.1617 0.0014, -0.3248 -0.1643 0.0014, -0.3229 -0.1664 0.0014, -0.3205 -0.1681 0.0014, -0.3178 -0.1691 0.0014, -0.315 -0.1694 0.0014, -0.3121 -0.1691 0.0014, -0.3094 -0.1681 0.0014, -0.307 -0.1664 0.0014, -0.3051 -0.1643 0.0014, -0.3038 -0.1617 0.0014, -0.3031 -0.1589 0.0014, -0.3031 -0.156 0.0014, -0.3038 -0.1532 0.0014, -0.3051 -0.1507 0.0014, -0.307 -0.1485 0.0014, -0.3094 -0.1469 0.0014, -0.3121 -0.1459 0.0014, -0.315 -0.1455 0.0014, -0.2663 -0.1575 0.0669, -0.2666 -0.1634 0.0669, -0.2643 -0.1636 0.0551, -0.2694 -0.1747 0.0669, -0.2672 -0.1756 0.0551, -0.2749 -0.1851 0.0669, -0.273 -0.1865 0.0551, -0.2827 -0.1939 0.0669, -0.2811 -0.1957 0.0551, -0.2923 -0.2006 0.0669, -0.2912 -0.2027 0.0551, -0.3033 -0.2048 0.0669, -0.3027 -0.207 0.0551, -0.315 -0.2062 0.0669, -0.315 -0.2085 0.0551, -0.3266 -0.2048 0.0669, -0.3272 -0.207 0.0551, -0.3376 -0.2006 0.0669, -0.3387 -0.2027 0.0551, -0.3473 -0.1939 0.0669, -0.3488 -0.1957 0.0551, -0.355 -0.1851 0.0669, -0.357 -0.1865 0.0551, -0.3605 -0.1747 0.0669, -0.3627 -0.1756 0.0551, -0.3633 -0.1634 0.0669, -0.3656 -0.1636 0.0551, -0.3633 -0.1516 0.0669, -0.3656 -0.1513 0.0551, -0.3605 -0.1402 0.0669, -0.3627 -0.1394 0.0551, -0.355 -0.1298 0.0669, -0.357 -0.1285 0.0551, -0.3473 -0.121 0.0669, -0.3488 -0.1193 0.0551, -0.3376 -0.1144 0.0669, -0.3387 -0.1123 0.0551, -0.3266 -0.1102 0.0669, -0.3272 -0.1079 0.0551, -0.315 -0.1088 0.0669, -0.315 -0.1065 0.0551, -0.3033 -0.1102 0.0669, -0.3027 -0.1079 0.0551, -0.2923 -0.1144 0.0669, -0.2912 -0.1123 0.0551, -0.2827 -0.121 0.0669, -0.2811 -0.1193 0.0551, -0.2749 -0.1298 0.0669, -0.273 -0.1285 0.0551, -0.2694 -0.1402 0.0669, -0.2672 -0.1394 0.0551, -0.2666 -0.1516 0.0669, -0.2643 -0.1513 0.0551, -0.3271 -0.1084 0.0431, -0.3384 -0.1127 0.0431, -0.3485 -0.1196 0.0431, -0.3566 -0.1288 0.0431, -0.3622 -0.1396 0.0431, -0.3651 -0.1514 0.0431, -0.3651 -0.1636 0.0431, -0.3622 -0.1754 0.0431, -0.3566 -0.1862 0.0431, -0.3485 -0.1953 0.0431, -0.3384 -0.2022 0.0431, -0.3271 -0.2066 0.0431, -0.315 -0.208 0.0431, -0.3029 -0.2066 0.0431, -0.2915 -0.2022 0.0431, -0.2814 -0.1953 0.0431, -0.2734 -0.1862 0.0431, -0.2677 -0.1754 0.0431, -0.2648 -0.1636 0.0431, -0.2648 -0.1514 0.0431, -0.2677 -0.1396 0.0431, -0.2734 -0.1288 0.0431, -0.2814 -0.1196 0.0431, -0.2915 -0.1127 0.0431, -0.3029 -0.1084 0.0431, -0.315 -0.1069 0.0431, -0.3263 -0.1116 0.0316, -0.3369 -0.1156 0.0316, -0.3463 -0.1221 0.0316, -0.3539 -0.1306 0.0316, -0.3592 -0.1407 0.0316, -0.3619 -0.1518 0.0316, -0.3619 -0.1632 0.0316, -0.3592 -0.1742 0.0316, -0.3539 -0.1843 0.0316, -0.3463 -0.1929 0.0316, -0.3369 -0.1993 0.0316, -0.3263 -0.2034 0.0316, -0.315 -0.2047 0.0316, -0.3036 -0.2034 0.0316, -0.293 -0.1993 0.0316, -0.2836 -0.1929 0.0316, -0.2761 -0.1843 0.0316, -0.2708 -0.1742 0.0316, -0.268 -0.1632 0.0316, -0.268 -0.1518 0.0316, -0.2708 -0.1407 0.0316, -0.2761 -0.1306 0.0316, -0.2836 -0.1221 0.0316, -0.293 -0.1156 0.0316, -0.3036 -0.1116 0.0316, -0.315 -0.1102 0.0316, -0.3249 -0.1173 0.0211, -0.3342 -0.1208 0.0211, -0.3424 -0.1265 0.0211, -0.349 -0.134 0.0211, -0.3537 -0.1428 0.0211, -0.356 -0.1525 0.0211, -0.356 -0.1625 0.0211, -0.3537 -0.1722 0.0211, -0.349 -0.181 0.0211, -0.3424 -0.1885 0.0211, -0.3342 -0.1941 0.0211, -0.3249 -0.1977 0.0211, -0.315 -0.1989 0.0211, -0.3051 -0.1977 0.0211, -0.2957 -0.1941 0.0211, -0.2875 -0.1885 0.0211, -0.2809 -0.181 0.0211, -0.2763 -0.1722 0.0211, -0.2739 -0.1625 0.0211, -0.2739 -0.1525 0.0211, -0.2763 -0.1428 0.0211, -0.2809 -0.134 0.0211, -0.2875 -0.1265 0.0211, -0.2957 -0.1208 0.0211, -0.3051 -0.1173 0.0211, -0.315 -0.1161 0.0211, -0.3229 -0.1252 0.0122, -0.3304 -0.1281 0.0122, -0.337 -0.1326 0.0122, -0.3423 -0.1386 0.0122, -0.346 -0.1457 0.0122, -0.3479 -0.1535 0.0122, -0.3479 -0.1615 0.0122, -0.346 -0.1693 0.0122, -0.3423 -0.1764 0.0122, -0.337 -0.1823 0.0122, -0.3304 -0.1869 0.0122, -0.3229 -0.1897 0.0122, -0.315 -0.1907 0.0122, -0.307 -0.1897 0.0122, -0.2995 -0.1869 0.0122, -0.2929 -0.1823 0.0122, -0.2876 -0.1764 0.0122, -0.2839 -0.1693 0.0122, -0.282 -0.1615 0.0122, -0.282 -0.1535 0.0122, -0.2839 -0.1457 0.0122, -0.2876 -0.1386 0.0122, -0.2929 -0.1326 0.0122, -0.2995 -0.1281 0.0122, -0.307 -0.1252 0.0122, -0.315 -0.1243 0.0122, -0.3205 -0.1349 0.0056, -0.3258 -0.1369 0.0056, -0.3304 -0.1401 0.0056, -0.3341 -0.1443 0.0056, -0.3367 -0.1492 0.0056, -0.338 -0.1547 0.0056, -0.338 -0.1603 0.0056, -0.3367 -0.1657 0.0056, -0.3341 -0.1707 0.0056, -0.3304 -0.1749 0.0056, -0.3258 -0.178 0.0056, -0.3205 -0.18 0.0056, -0.315 -0.1807 0.0056, -0.3094 -0.18 0.0056, -0.3042 -0.178 0.0056, -0.2996 -0.1749 0.0056, -0.2959 -0.1707 0.0056, -0.2932 -0.1657 0.0056, -0.2919 -0.1603 0.0056, -0.2919 -0.1547 0.0056, -0.2932 -0.1492 0.0056, -0.2959 -0.1443 0.0056, -0.2996 -0.1401 0.0056, -0.3042 -0.1369 0.0056, -0.3094 -0.1349 0.0056, -0.315 -0.1343 0.0056, -0.3205 -0.3044 0.0014, -0.3178 -0.3034 0.0014, -0.315 -0.315 0.0, -0.3229 -0.306 0.0014, -0.3248 -0.3082 0.0014, -0.3261 -0.3107 0.0014, -0.3268 -0.3135 0.0014, -0.3268 -0.3164 0.0014, -0.3261 -0.3192 0.0014, -0.3248 -0.3217 0.0014, -0.3229 -0.3239 0.0014, -0.3205 -0.3255 0.0014, -0.3178 -0.3266 0.0014, -0.315 -0.3269 0.0014, -0.3121 -0.3266 0.0014, -0.3094 -0.3255 0.0014, -0.307 -0.3239 0.0014, -0.3051 -0.3217 0.0014, -0.3038 -0.3192 0.0014, -0.3031 -0.3164 0.0014, -0.3031 -0.3135 0.0014, -0.3038 -0.3107 0.0014, -0.3051 -0.3082 0.0014, -0.307 -0.306 0.0014, -0.3094 -0.3044 0.0014, -0.3121 -0.3034 0.0014, -0.315 -0.303 0.0014, -0.2663 -0.315 0.0669, -0.2666 -0.3208 0.0669, -0.2643 -0.3211 0.0551, -0.2694 -0.3322 0.0669, -0.2672 -0.3331 0.0551, -0.2749 -0.3426 0.0669, -0.273 -0.3439 0.0551, -0.2827 -0.3514 0.0669, -0.2811 -0.3532 0.0551, -0.2923 -0.3581 0.0669, -0.2912 -0.3601 0.0551, -0.3033 -0.3622 0.0669, -0.3027 -0.3645 0.0551, -0.315 -0.3637 0.0669, -0.315 -0.366 0.0551, -0.3266 -0.3622 0.0669, -0.3272 -0.3645 0.0551, -0.3376 -0.3581 0.0669, -0.3387 -0.3601 0.0551, -0.3473 -0.3514 0.0669, -0.3488 -0.3532 0.0551, -0.355 -0.3426 0.0669, -0.357 -0.3439 0.0551, -0.3605 -0.3322 0.0669, -0.3627 -0.3331 0.0551, -0.3633 -0.3208 0.0669, -0.3656 -0.3211 0.0551, -0.3633 -0.3091 0.0669, -0.3656 -0.3088 0.0551, -0.3605 -0.2977 0.0669, -0.3627 -0.2969 0.0551, -0.355 -0.2873 0.0669, -0.357 -0.286 0.0551, -0.3473 -0.2785 0.0669, -0.3488 -0.2768 0.0551, -0.3376 -0.2718 0.0669, -0.3387 -0.2698 0.0551, -0.3266 -0.2677 0.0669, -0.3272 -0.2654 0.0551, -0.315 -0.2663 0.0669, -0.315 -0.2639 0.0551, -0.3033 -0.2677 0.0669, -0.3027 -0.2654 0.0551, -0.2923 -0.2718 0.0669, -0.2912 -0.2698 0.0551, -0.2827 -0.2785 0.0669, -0.2811 -0.2768 0.0551, -0.2749 -0.2873 0.0669, -0.273 -0.286 0.0551, -0.2694 -0.2977 0.0669, -0.2672 -0.2969 0.0551, -0.2666 -0.3091 0.0669, -0.2643 -0.3088 0.0551, -0.3271 -0.2659 0.0431, -0.3384 -0.2702 0.0431, -0.3485 -0.2771 0.0431, -0.3566 -0.2862 0.0431, -0.3622 -0.297 0.0431, -0.3651 -0.3089 0.0431, -0.3651 -0.3211 0.0431, -0.3622 -0.3329 0.0431, -0.3566 -0.3437 0.0431, -0.3485 -0.3528 0.0431, -0.3384 -0.3597 0.0431, -0.3271 -0.364 0.0431, -0.315 -0.3655 0.0431, -0.3029 -0.364 0.0431, -0.2915 -0.3597 0.0431, -0.2814 -0.3528 0.0431, -0.2734 -0.3437 0.0431, -0.2677 -0.3329 0.0431, -0.2648 -0.3211 0.0431, -0.2648 -0.3089 0.0431, -0.2677 -0.297 0.0431, -0.2734 -0.2862 0.0431, -0.2814 -0.2771 0.0431, -0.2915 -0.2702 0.0431, -0.3029 -0.2659 0.0431, -0.315 -0.2644 0.0431, -0.3263 -0.2691 0.0316, -0.3369 -0.2731 0.0316, -0.3463 -0.2796 0.0316, -0.3539 -0.2881 0.0316, -0.3592 -0.2982 0.0316, -0.3619 -0.3093 0.0316, -0.3619 -0.3207 0.0316, -0.3592 -0.3317 0.0316, -0.3539 -0.3418 0.0316, -0.3463 -0.3503 0.0316, -0.3369 -0.3568 0.0316, -0.3263 -0.3609 0.0316, -0.315 -0.3622 0.0316, -0.3036 -0.3609 0.0316, -0.293 -0.3568 0.0316, -0.2836 -0.3503 0.0316, -0.2761 -0.3418 0.0316, -0.2708 -0.3317 0.0316, -0.268 -0.3207 0.0316, -0.268 -0.3093 0.0316, -0.2708 -0.2982 0.0316, -0.2761 -0.2881 0.0316, -0.2836 -0.2796 0.0316, -0.293 -0.2731 0.0316, -0.3036 -0.2691 0.0316, -0.315 -0.2677 0.0316, -0.3249 -0.2748 0.0211, -0.3342 -0.2783 0.0211, -0.3424 -0.284 0.0211, -0.349 -0.2915 0.0211, -0.3537 -0.3003 0.0211, -0.356 -0.31 0.0211, -0.356 -0.3199 0.0211, -0.3537 -0.3296 0.0211, -0.349 -0.3385 0.0211, -0.3424 -0.3459 0.0211, -0.3342 -0.3516 0.0211, -0.3249 -0.3551 0.0211, -0.315 -0.3563 0.0211, -0.3051 -0.3551 0.0211, -0.2957 -0.3516 0.0211, -0.2875 -0.3459 0.0211, -0.2809 -0.3385 0.0211, -0.2763 -0.3296 0.0211, -0.2739 -0.3199 0.0211, -0.2739 -0.31 0.0211, -0.2763 -0.3003 0.0211, -0.2809 -0.2915 0.0211, -0.2875 -0.284 0.0211, -0.2957 -0.2783 0.0211, -0.3051 -0.2748 0.0211, -0.315 -0.2736 0.0211, -0.3229 -0.2827 0.0122, -0.3304 -0.2855 0.0122, -0.337 -0.2901 0.0122, -0.3423 -0.2961 0.0122, -0.346 -0.3032 0.0122, -0.3479 -0.311 0.0122, -0.3479 -0.319 0.0122, -0.346 -0.3267 0.0122, -0.3423 -0.3338 0.0122, -0.337 -0.3398 0.0122, -0.3304 -0.3444 0.0122, -0.3229 -0.3472 0.0122, -0.315 -0.3482 0.0122, -0.307 -0.3472 0.0122, -0.2995 -0.3444 0.0122, -0.2929 -0.3398 0.0122, -0.2876 -0.3338 0.0122, -0.2839 -0.3267 0.0122, -0.282 -0.319 0.0122, -0.282 -0.311 0.0122, -0.2839 -0.3032 0.0122, -0.2876 -0.2961 0.0122, -0.2929 -0.2901 0.0122, -0.2995 -0.2855 0.0122, -0.307 -0.2827 0.0122, -0.315 -0.2817 0.0122, -0.3205 -0.2924 0.0056, -0.3258 -0.2944 0.0056, -0.3304 -0.2976 0.0056, -0.3341 -0.3018 0.0056, -0.3367 -0.3067 0.0056, -0.338 -0.3122 0.0056, -0.338 -0.3178 0.0056, -0.3367 -0.3232 0.0056, -0.3341 -0.3282 0.0056, -0.3304 -0.3323 0.0056, -0.3258 -0.3355 0.0056, -0.3205 -0.3375 0.0056, -0.315 -0.3382 0.0056, -0.3094 -0.3375 0.0056, -0.3042 -0.3355 0.0056, -0.2996 -0.3323 0.0056, -0.2959 -0.3282 0.0056, -0.2932 -0.3232 0.0056, -0.2919 -0.3178 0.0056, -0.2919 -0.3122 0.0056, -0.2932 -0.3067 0.0056, -0.2959 -0.3018 0.0056, -0.2996 -0.2976 0.0056, -0.3042 -0.2944 0.0056, -0.3094 -0.2924 0.0056, -0.315 -0.2917 0.0056
            ]
        }
        coordIndex [
            0,1,2,-1,0,2,3,-1,4,3,2,-1,5,4,2,-1,6,5,2,-1,7,6,2,-1,8,7,2,-1,9,8,2,-1,10,9,2,-1,11,10,2,-1,12,11,2,-1,13,12,2,-1,14,13,2,-1,15,14,2,-1,16,15,2,-1,17,16,2,-1,18,17,2,-1,19,18,2,-1,20,19,2,-1,21,20,2,-1,22,21,2,-1,23,22,2,-1,24,23,2,-1,25,24,2,-1,26,25,2,-1,1,26,2,-1,27,28,29,-1,29,28,30,-1,29,30,31,-1,31,30,32,-1,31,32,33,-1,33,32,34,-1,33,34,35,-1,35,34,36,-1,35,36,37,-1,37,36,38,-1,37,38,39,-1,39,38,40,-1,39,40,41,-1,41,40,42,-1,41,42,43,-1,43,42,44,-1,43,44,45,-1,45,44,46,-1,45,46,47,-1,47,46,48,-1,47,48,49,-1,49,48,50,-1,49,50,51,-1,51,50,52,-1,51,52,53,-1,53,52,54,-1,53,54,55,-1,55,54,56,-1,55,56,57,-1,57,56,58,-1,57,58,59,-1,59,58,60,-1,59,60,61,-1,61,60,62,-1,61,62,63,-1,63,62,64,-1,63,64,65,-1,65,64,66,-1,65,66,67,-1,67,66,68,-1,67,68,69,-1,69,68,70,-1,69,70,71,-1,71,70,72,-1,71,72,73,-1,73,72,74,-1,73,74,75,-1,75,74,76,-1,75,76,77,-1,77,76,78,-1,77,78,79,-1,79,78,27,-1,79,27,29,-1,67,80,65,-1,65,80,81,-1,65,81,63,-1,63,81,82,-1,63,82,61,-1,61,82,83,-1,61,83,59,-1,59,83,84,-1,59,84,57,-1,57,84,85,-1,57,85,55,-1,55,85,86,-1,55,86,53,-1,53,86,87,-1,53,87,51,-1,51,87,88,-1,51,88,49,-1,49,88,89,-1,49,89,47,-1,47,89,90,-1,47,90,45,-1,45,90,91,-1,45,91,43,-1,43,91,92,-1,43,92,41,-1,41,92,93,-1,41,93,39,-1,39,93,94,-1,39,94,37,-1,37,94,95,-1,37,95,35,-1,35,95,96,-1,35,96,33,-1,33,96,97,-1,33,97,31,-1,31,97,98,-1,31,98,29,-1,29,98,99,-1,29,99,79,-1,79,99,100,-1,79,100,77,-1,77,100,101,-1,77,101,75,-1,75,101,102,-1,75,102,73,-1,73,102,103,-1,73,103,71,-1,71,103,104,-1,71,104,69,-1,69,104,105,-1,69,105,67,-1,67,105,80,-1,105,106,80,-1,80,106,107,-1,80,107,81,-1,81,107,108,-1,81,108,82,-1,82,108,109,-1,82,109,83,-1,83,109,110,-1,83,110,84,-1,84,110,111,-1,84,111,85,-1,85,111,112,-1,85,112,86,-1,86,112,113,-1,86,113,87,-1,87,113,114,-1,87,114,88,-1,88,114,115,-1,88,115,89,-1,89,115,116,-1,89,116,90,-1,90,116,117,-1,90,117,91,-1,91,117,118,-1,91,118,92,-1,92,118,119,-1,92,119,93,-1,93,119,120,-1,93,120,94,-1,94,120,121,-1,94,121,95,-1,95,121,122,-1,95,122,96,-1,96,122,123,-1,96,123,97,-1,97,123,124,-1,97,124,98,-1,98,124,125,-1,98,125,99,-1,99,125,126,-1,99,126,100,-1,100,126,127,-1,100,127,101,-1,101,127,128,-1,101,128,102,-1,102,128,129,-1,102,129,103,-1,103,129,130,-1,103,130,104,-1,104,130,131,-1,104,131,105,-1,105,131,106,-1,131,132,106,-1,106,132,133,-1,106,133,107,-1,107,133,134,-1,107,134,108,-1,108,134,135,-1,108,135,109,-1,109,135,136,-1,109,136,110,-1,110,136,137,-1,110,137,111,-1,111,137,138,-1,111,138,112,-1,112,138,139,-1,112,139,113,-1,113,139,140,-1,113,140,114,-1,114,140,141,-1,114,141,115,-1,115,141,142,-1,115,142,116,-1,116,142,143,-1,116,143,117,-1,117,143,144,-1,117,144,118,-1,118,144,145,-1,118,145,119,-1,119,145,146,-1,119,146,120,-1,120,146,147,-1,120,147,121,-1,121,147,148,-1,121,148,122,-1,122,148,149,-1,122,149,123,-1,123,149,150,-1,123,150,124,-1,124,150,151,-1,124,151,125,-1,125,151,152,-1,125,152,126,-1,126,152,153,-1,126,153,127,-1,127,153,154,-1,127,154,128,-1,128,154,155,-1,128,155,129,-1,129,155,156,-1,129,156,130,-1,130,156,157,-1,130,157,131,-1,131,157,132,-1,157,158,132,-1,132,158,159,-1,132,159,133,-1,133,159,160,-1,133,160,134,-1,134,160,161,-1,134,161,135,-1,135,161,162,-1,135,162,136,-1,136,162,163,-1,136,163,137,-1,137,163,164,-1,137,164,138,-1,138,164,165,-1,138,165,139,-1,139,165,166,-1,139,166,140,-1,140,166,167,-1,140,167,141,-1,141,167,168,-1,141,168,142,-1,142,168,169,-1,142,169,143,-1,143,169,170,-1,143,170,144,-1,144,170,171,-1,144,171,145,-1,145,171,172,-1,145,172,146,-1,146,172,173,-1,146,173,147,-1,147,173,174,-1,147,174,148,-1,148,174,175,-1,148,175,149,-1,149,175,176,-1,149,176,150,-1,150,176,177,-1,150,177,151,-1,151,177,178,-1,151,178,152,-1,152,178,179,-1,152,179,153,-1,153,179,180,-1,153,180,154,-1,154,180,181,-1,154,181,155,-1,155,181,182,-1,155,182,156,-1,156,182,183,-1,156,183,157,-1,157,183,158,-1,183,184,158,-1,158,184,185,-1,158,185,159,-1,159,185,186,-1,159,186,160,-1,160,186,187,-1,160,187,161,-1,161,187,188,-1,161,188,162,-1,162,188,189,-1,162,189,163,-1,163,189,190,-1,163,190,164,-1,164,190,191,-1,164,191,165,-1,165,191,192,-1,165,192,166,-1,166,192,193,-1,166,193,167,-1,167,193,194,-1,167,194,168,-1,168,194,195,-1,168,195,169,-1,169,195,196,-1,169,196,170,-1,170,196,197,-1,170,197,171,-1,171,197,198,-1,171,198,172,-1,172,198,199,-1,172,199,173,-1,173,199,200,-1,173,200,174,-1,174,200,201,-1,174,201,175,-1,175,201,202,-1,175,202,176,-1,176,202,203,-1,176,203,177,-1,177,203,204,-1,177,204,178,-1,178,204,205,-1,178,205,179,-1,179,205,206,-1,179,206,180,-1,180,206,207,-1,180,207,181,-1,181,207,208,-1,181,208,182,-1,182,208,209,-1,182,209,183,-1,183,209,184,-1,209,1,184,-1,184,1,0,-1,184,0,185,-1,185,0,3,-1,185,3,186,-1,186,3,4,-1,186,4,187,-1,187,4,5,-1,187,5,188,-1,188,5,6,-1,188,6,189,-1,189,6,7,-1,189,7,190,-1,190,7,8,-1,190,8,191,-1,191,8,9,-1,191,9,192,-1,192,9,10,-1,192,10,193,-1,193,10,11,-1,193,11,194,-1,194,11,12,-1,194,12,195,-1,195,12,13,-1,195,13,196,-1,196,13,14,-1,196,14,197,-1,197,14,15,-1,197,15,198,-1,198,15,16,-1,198,16,199,-1,199,16,17,-1,199,17,200,-1,200,17,18,-1,200,18,201,-1,201,18,19,-1,201,19,202,-1,202,19,20,-1,202,20,203,-1,203,20,21,-1,203,21,204,-1,204,21,22,-1,204,22,205,-1,205,22,23,-1,205,23,206,-1,206,23,24,-1,206,24,207,-1,207,24,25,-1,207,25,208,-1,208,25,26,-1,208,26,209,-1,209,26,1,-1,210,211,212,-1,210,212,213,-1,214,213,212,-1,215,214,212,-1,216,215,212,-1,217,216,212,-1,218,217,212,-1,219,218,212,-1,220,219,212,-1,221,220,212,-1,222,221,212,-1,223,222,212,-1,224,223,212,-1,225,224,212,-1,226,225,212,-1,227,226,212,-1,228,227,212,-1,229,228,212,-1,230,229,212,-1,231,230,212,-1,232,231,212,-1,233,232,212,-1,234,233,212,-1,235,234,212,-1,236,235,212,-1,211,236,212,-1,237,238,239,-1,239,238,240,-1,239,240,241,-1,241,240,242,-1,241,242,243,-1,243,242,244,-1,243,244,245,-1,245,244,246,-1,245,246,247,-1,247,246,248,-1,247,248,249,-1,249,248,250,-1,249,250,251,-1,251,250,252,-1,251,252,253,-1,253,252,254,-1,253,254,255,-1,255,254,256,-1,255,256,257,-1,257,256,258,-1,257,258,259,-1,259,258,260,-1,259,260,261,-1,261,260,262,-1,261,262,263,-1,263,262,264,-1,263,264,265,-1,265,264,266,-1,265,266,267,-1,267,266,268,-1,267,268,269,-1,269,268,270,-1,269,270,271,-1,271,270,272,-1,271,272,273,-1,273,272,274,-1,273,274,275,-1,275,274,276,-1,275,276,277,-1,277,276,278,-1,277,278,279,-1,279,278,280,-1,279,280,281,-1,281,280,282,-1,281,282,283,-1,283,282,284,-1,283,284,285,-1,285,284,286,-1,285,286,287,-1,287,286,288,-1,287,288,289,-1,289,288,237,-1,289,237,239,-1,277,290,275,-1,275,290,291,-1,275,291,273,-1,273,291,292,-1,273,292,271,-1,271,292,293,-1,271,293,269,-1,269,293,294,-1,269,294,267,-1,267,294,295,-1,267,295,265,-1,265,295,296,-1,265,296,263,-1,263,296,297,-1,263,297,261,-1,261,297,298,-1,261,298,259,-1,259,298,299,-1,259,299,257,-1,257,299,300,-1,257,300,255,-1,255,300,301,-1,255,301,253,-1,253,301,302,-1,253,302,251,-1,251,302,303,-1,251,303,249,-1,249,303,304,-1,249,304,247,-1,247,304,305,-1,247,305,245,-1,245,305,306,-1,245,306,243,-1,243,306,307,-1,243,307,241,-1,241,307,308,-1,241,308,239,-1,239,308,309,-1,239,309,289,-1,289,309,310,-1,289,310,287,-1,287,310,311,-1,287,311,285,-1,285,311,312,-1,285,312,283,-1,283,312,313,-1,283,313,281,-1,281,313,314,-1,281,314,279,-1,279,314,315,-1,279,315,277,-1,277,315,290,-1,315,316,290,-1,290,316,317,-1,290,317,291,-1,291,317,318,-1,291,318,292,-1,292,318,319,-1,292,319,293,-1,293,319,320,-1,293,320,294,-1,294,320,321,-1,294,321,295,-1,295,321,322,-1,295,322,296,-1,296,322,323,-1,296,323,297,-1,297,323,324,-1,297,324,298,-1,298,324,325,-1,298,325,299,-1,299,325,326,-1,299,326,300,-1,300,326,327,-1,300,327,301,-1,301,327,328,-1,301,328,302,-1,302,328,329,-1,302,329,303,-1,303,329,330,-1,303,330,304,-1,304,330,331,-1,304,331,305,-1,305,331,332,-1,305,332,306,-1,306,332,333,-1,306,333,307,-1,307,333,334,-1,307,334,308,-1,308,334,335,-1,308,335,309,-1,309,335,336,-1,309,336,310,-1,310,336,337,-1,310,337,311,-1,311,337,338,-1,311,338,312,-1,312,338,339,-1,312,339,313,-1,313,339,340,-1,313,340,314,-1,314,340,341,-1,314,341,315,-1,315,341,316,-1,341,342,316,-1,316,342,343,-1,316,343,317,-1,317,343,344,-1,317,344,318,-1,318,344,345,-1,318,345,319,-1,319,345,346,-1,319,346,320,-1,320,346,347,-1,320,347,321,-1,321,347,348,-1,321,348,322,-1,322,348,349,-1,322,349,323,-1,323,349,350,-1,323,350,324,-1,324,350,351,-1,324,351,325,-1,325,351,352,-1,325,352,326,-1,326,352,353,-1,326,353,327,-1,327,353,354,-1,327,354,328,-1,328,354,355,-1,328,355,329,-1,329,355,356,-1,329,356,330,-1,330,356,357,-1,330,357,331,-1,331,357,358,-1,331,358,332,-1,332,358,359,-1,332,359,333,-1,333,359,360,-1,333,360,334,-1,334,360,361,-1,334,361,335,-1,335,361,362,-1,335,362,336,-1,336,362,363,-1,336,363,337,-1,337,363,364,-1,337,364,338,-1,338,364,365,-1,338,365,339,-1,339,365,366,-1,339,366,340,-1,340,366,367,-1,340,367,341,-1,341,367,342,-1,367,368,342,-1,342,368,369,-1,342,369,343,-1,343,369,370,-1,343,370,344,-1,344,370,371,-1,344,371,345,-1,345,371,372,-1,345,372,346,-1,346,372,373,-1,346,373,347,-1,347,373,374,-1,347,374,348,-1,348,374,375,-1,348,375,349,-1,349,375,376,-1,349,376,350,-1,350,376,377,-1,350,377,351,-1,351,377,378,-1,351,378,352,-1,352,378,379,-1,352,379,353,-1,353,379,380,-1,353,380,354,-1,354,380,381,-1,354,381,355,-1,355,381,382,-1,355,382,356,-1,356,382,383,-1,356,383,357,-1,357,383,384,-1,357,384,358,-1,358,384,385,-1,358,385,359,-1,359,385,386,-1,359,386,360,-1,360,386,387,-1,360,387,361,-1,361,387,388,-1,361,388,362,-1,362,388,389,-1,362,389,363,-1,363,389,390,-1,363,390,364,-1,364,390,391,-1,364,391,365,-1,365,391,392,-1,365,392,366,-1,366,392,393,-1,366,393,367,-1,367,393,368,-1,393,394,368,-1,368,394,395,-1,368,395,369,-1,369,395,396,-1,369,396,370,-1,370,396,397,-1,370,397,371,-1,371,397,398,-1,371,398,372,-1,372,398,399,-1,372,399,373,-1,373,399,400,-1,373,400,374,-1,374,400,401,-1,374,401,375,-1,375,401,402,-1,375,402,376,-1,376,402,403,-1,376,403,377,-1,377,403,404,-1,377,404,378,-1,378,404,405,-1,378,405,379,-1,379,405,406,-1,379,406,380,-1,380,406,407,-1,380,407,381,-1,381,407,408,-1,381,408,382,-1,382,408,409,-1,382,409,383,-1,383,409,410,-1,383,410,384,-1,384,410,411,-1,384,411,385,-1,385,411,412,-1,385,412,386,-1,386,412,413,-1,386,413,387,-1,387,413,414,-1,387,414,388,-1,388,414,415,-1,388,415,389,-1,389,415,416,-1,389,416,390,-1,390,416,417,-1,390,417,391,-1,391,417,418,-1,391,418,392,-1,392,418,419,-1,392,419,393,-1,393,419,394,-1,419,211,394,-1,394,211,210,-1,394,210,395,-1,395,210,213,-1,395,213,396,-1,396,213,214,-1,396,214,397,-1,397,214,215,-1,397,215,398,-1,398,215,216,-1,398,216,399,-1,399,216,217,-1,399,217,400,-1,400,217,218,-1,400,218,401,-1,401,218,219,-1,401,219,402,-1,402,219,220,-1,402,220,403,-1,403,220,221,-1,403,221,404,-1,404,221,222,-1,404,222,405,-1,405,222,223,-1,405,223,406,-1,406,223,224,-1,406,224,407,-1,407,224,225,-1,407,225,408,-1,408,225,226,-1,408,226,409,-1,409,226,227,-1,409,227,410,-1,410,227,228,-1,410,228,411,-1,411,228,229,-1,411,229,412,-1,412,229,230,-1,412,230,413,-1,413,230,231,-1,413,231,414,-1,414,231,232,-1,414,232,415,-1,415,232,233,-1,415,233,416,-1,416,233,234,-1,416,234,417,-1,417,234,235,-1,417,235,418,-1,418,235,236,-1,418,236,419,-1,419,236,211,-1,420,421,422,-1,420,422,423,-1,424,423,422,-1,425,424,422,-1,426,425,422,-1,427,426,422,-1,428,427,422,-1,429,428,422,-1,430,429,422,-1,431,430,422,-1,432,431,422,-1,433,432,422,-1,434,433,422,-1,435,434,422,-1,436,435,422,-1,437,436,422,-1,438,437,422,-1,439,438,422,-1,440,439,422,-1,441,440,422,-1,442,441,422,-1,443,442,422,-1,444,443,422,-1,445,444,422,-1,446,445,422,-1,421,446,422,-1,447,448,449,-1,449,448,450,-1,449,450,451,-1,451,450,452,-1,451,452,453,-1,453,452,454,-1,453,454,455,-1,455,454,456,-1,455,456,457,-1,457,456,458,-1,457,458,459,-1,459,458,460,-1,459,460,461,-1,461,460,462,-1,461,462,463,-1,463,462,464,-1,463,464,465,-1,465,464,466,-1,465,466,467,-1,467,466,468,-1,467,468,469,-1,469,468,470,-1,469,470,471,-1,471,470,472,-1,471,472,473,-1,473,472,474,-1,473,474,475,-1,475,474,476,-1,475,476,477,-1,477,476,478,-1,477,478,479,-1,479,478,480,-1,479,480,481,-1,481,480,482,-1,481,482,483,-1,483,482,484,-1,483,484,485,-1,485,484,486,-1,485,486,487,-1,487,486,488,-1,487,488,489,-1,489,488,490,-1,489,490,491,-1,491,490,492,-1,491,492,493,-1,493,492,494,-1,493,494,495,-1,495,494,496,-1,495,496,497,-1,497,496,498,-1,497,498,499,-1,499,498,447,-1,499,447,449,-1,487,500,485,-1,485,500,501,-1,485,501,483,-1,483,501,502,-1,483,502,481,-1,481,502,503,-1,481,503,479,-1,479,503,504,-1,479,504,477,-1,477,504,505,-1,477,505,475,-1,475,505,506,-1,475,506,473,-1,473,506,507,-1,473,507,471,-1,471,507,508,-1,471,508,469,-1,469,508,509,-1,469,509,467,-1,467,509,510,-1,467,510,465,-1,465,510,511,-1,465,511,463,-1,463,511,512,-1,463,512,461,-1,461,512,513,-1,461,513,459,-1,459,513,514,-1,459,514,457,-1,457,514,515,-1,457,515,455,-1,455,515,516,-1,455,516,453,-1,453,516,517,-1,453,517,451,-1,451,517,518,-1,451,518,449,-1,449,518,519,-1,449,519,499,-1,499,519,520,-1,499,520,497,-1,497,520,521,-1,497,521,495,-1,495,521,522,-1,495,522,493,-1,493,522,523,-1,493,523,491,-1,491,523,524,-1,491,524,489,-1,489,524,525,-1,489,525,487,-1,487,525,500,-1,525,526,500,-1,500,526,527,-1,500,527,501,-1,501,527,528,-1,501,528,502,-1,502,528,529,-1,502,529,503,-1,503,529,530,-1,503,530,504,-1,504,530,531,-1,504,531,505,-1,505,531,532,-1,505,532,506,-1,506,532,533,-1,506,533,507,-1,507,533,534,-1,507,534,508,-1,508,534,535,-1,508,535,509,-1,509,535,536,-1,509,536,510,-1,510,536,537,-1,510,537,511,-1,511,537,538,-1,511,538,512,-1,512,538,539,-1,512,539,513,-1,513,539,540,-1,513,540,514,-1,514,540,541,-1,514,541,515,-1,515,541,542,-1,515,542,516,-1,516,542,543,-1,516,543,517,-1,517,543,544,-1,517,544,518,-1,518,544,545,-1,518,545,519,-1,519,545,546,-1,519,546,520,-1,520,546,547,-1,520,547,521,-1,521,547,548,-1,521,548,522,-1,522,548,549,-1,522,549,523,-1,523,549,550,-1,523,550,524,-1,524,550,551,-1,524,551,525,-1,525,551,526,-1,551,552,526,-1,526,552,553,-1,526,553,527,-1,527,553,554,-1,527,554,528,-1,528,554,555,-1,528,555,529,-1,529,555,556,-1,529,556,530,-1,530,556,557,-1,530,557,531,-1,531,557,558,-1,531,558,532,-1,532,558,559,-1,532,559,533,-1,533,559,560,-1,533,560,534,-1,534,560,561,-1,534,561,535,-1,535,561,562,-1,535,562,536,-1,536,562,563,-1,536,563,537,-1,537,563,564,-1,537,564,538,-1,538,564,565,-1,538,565,539,-1,539,565,566,-1,539,566,540,-1,540,566,567,-1,540,567,541,-1,541,567,568,-1,541,568,542,-1,542,568,569,-1,542,569,543,-1,543,569,570,-1,543,570,544,-1,544,570,571,-1,544,571,545,-1,545,571,572,-1,545,572,546,-1,546,572,573,-1,546,573,547,-1,547,573,574,-1,547,574,548,-1,548,574,575,-1,548,575,549,-1,549,575,576,-1,549,576,550,-1,550,576,577,-1,550,577,551,-1,551,577,552,-1,577,578,552,-1,552,578,579,-1,552,579,553,-1,553,579,580,-1,553,580,554,-1,554,580,581,-1,554,581,555,-1,555,581,582,-1,555,582,556,-1,556,582,583,-1,556,583,557,-1,557,583,584,-1,557,584,558,-1,558,584,585,-1,558,585,559,-1,559,585,586,-1,559,586,560,-1,560,586,587,-1,560,587,561,-1,561,587,588,-1,561,588,562,-1,562,588,589,-1,562,589,563,-1,563,589,590,-1,563,590,564,-1,564,590,591,-1,564,591,565,-1,565,591,592,-1,565,592,566,-1,566,592,593,-1,566,593,567,-1,567,593,594,-1,567,594,568,-1,568,594,595,-1,568,595,569,-1,569,595,596,-1,569,596,570,-1,570,596,597,-1,570,597,571,-1,571,597,598,-1,571,598,572,-1,572,598,599,-1,572,599,573,-1,573,599,600,-1,573,600,574,-1,574,600,601,-1,574,601,575,-1,575,601,602,-1,575,602,576,-1,576,602,603,-1,576,603,577,-1,577,603,578,-1,603,604,578,-1,578,604,605,-1,578,605,579,-1,579,605,606,-1,579,606,580,-1,580,606,607,-1,580,607,581,-1,581,607,608,-1,581,608,582,-1,582,608,609,-1,582,609,583,-1,583,609,610,-1,583,610,584,-1,584,610,611,-1,584,611,585,-1,585,611,612,-1,585,612,586,-1,586,612,613,-1,586,613,587,-1,587,613,614,-1,587,614,588,-1,588,614,615,-1,588,615,589,-1,589,615,616,-1,589,616,590,-1,590,616,617,-1,590,617,591,-1,591,617,618,-1,591,618,592,-1,592,618,619,-1,592,619,593,-1,593,619,620,-1,593,620,594,-1,594,620,621,-1,594,621,595,-1,595,621,622,-1,595,622,596,-1,596,622,623,-1,596,623,597,-1,597,623,624,-1,597,624,598,-1,598,624,625,-1,598,625,599,-1,599,625,626,-1,599,626,600,-1,600,626,627,-1,600,627,601,-1,601,627,628,-1,601,628,602,-1,602,628,629,-1,602,629,603,-1,603,629,604,-1,629,421,604,-1,604,421,420,-1,604,420,605,-1,605,420,423,-1,605,423,606,-1,606,423,424,-1,606,424,607,-1,607,424,425,-1,607,425,608,-1,608,425,426,-1,608,426,609,-1,609,426,427,-1,609,427,610,-1,610,427,428,-1,610,428,611,-1,611,428,429,-1,611,429,612,-1,612,429,430,-1,612,430,613,-1,613,430,431,-1,613,431,614,-1,614,431,432,-1,614,432,615,-1,615,432,433,-1,615,433,616,-1,616,433,434,-1,616,434,617,-1,617,434,435,-1,617,435,618,-1,618,435,436,-1,618,436,619,-1,619,436,437,-1,619,437,620,-1,620,437,438,-1,620,438,621,-1,621,438,439,-1,621,439,622,-1,622,439,440,-1,622,440,623,-1,623,440,441,-1,623,441,624,-1,624,441,442,-1,624,442,625,-1,625,442,443,-1,625,443,626,-1,626,443,444,-1,626,444,627,-1,627,444,445,-1,627,445,628,-1,628,445,446,-1,628,446,629,-1,629,446,421,-1,630,631,632,-1,630,632,633,-1,634,633,632,-1,635,634,632,-1,636,635,632,-1,637,636,632,-1,638,637,632,-1,639,638,632,-1,640,639,632,-1,641,640,632,-1,642,641,632,-1,643,642,632,-1,644,643,632,-1,645,644,632,-1,646,645,632,-1,647,646,632,-1,648,647,632,-1,649,648,632,-1,650,649,632,-1,651,650,632,-1,652,651,632,-1,653,652,632,-1,654,653,632,-1,655,654,632,-1,656,655,632,-1,631,656,632,-1,657,658,659,-1,659,658,660,-1,659,660,661,-1,661,660,662,-1,661,662,663,-1,663,662,664,-1,663,664,665,-1,665,664,666,-1,665,666,667,-1,667,666,668,-1,667,668,669,-1,669,668,670,-1,669,670,671,-1,671,670,672,-1,671,672,673,-1,673,672,674,-1,673,674,675,-1,675,674,676,-1,675,676,677,-1,677,676,678,-1,677,678,679,-1,679,678,680,-1,679,680,681,-1,681,680,682,-1,681,682,683,-1,683,682,684,-1,683,684,685,-1,685,684,686,-1,685,686,687,-1,687,686,688,-1,687,688,689,-1,689,688,690,-1,689,690,691,-1,691,690,692,-1,691,692,693,-1,693,692,694,-1,693,694,695,-1,695,694,696,-1,695,696,697,-1,697,696,698,-1,697,698,699,-1,699,698,700,-1,699,700,701,-1,701,700,702,-1,701,702,703,-1,703,702,704,-1,703,704,705,-1,705,704,706,-1,705,706,707,-1,707,706,708,-1,707,708,709,-1,709,708,657,-1,709,657,659,-1,697,710,695,-1,695,710,711,-1,695,711,693,-1,693,711,712,-1,693,712,691,-1,691,712,713,-1,691,713,689,-1,689,713,714,-1,689,714,687,-1,687,714,715,-1,687,715,685,-1,685,715,716,-1,685,716,683,-1,683,716,717,-1,683,717,681,-1,681,717,718,-1,681,718,679,-1,679,718,719,-1,679,719,677,-1,677,719,720,-1,677,720,675,-1,675,720,721,-1,675,721,673,-1,673,721,722,-1,673,722,671,-1,671,722,723,-1,671,723,669,-1,669,723,724,-1,669,724,667,-1,667,724,725,-1,667,725,665,-1,665,725,726,-1,665,726,663,-1,663,726,727,-1,663,727,661,-1,661,727,728,-1,661,728,659,-1,659,728,729,-1,659,729,709,-1,709,729,730,-1,709,730,707,-1,707,730,731,-1,707,731,705,-1,705,731,732,-1,705,732,703,-1,703,732,733,-1,703,733,701,-1,701,733,734,-1,701,734,699,-1,699,734,735,-1,699,735,697,-1,697,735,710,-1,735,736,710,-1,710,736,737,-1,710,737,711,-1,711,737,738,-1,711,738,712,-1,712,738,739,-1,712,739,713,-1,713,739,740,-1,713,740,714,-1,714,740,741,-1,714,741,715,-1,715,741,742,-1,715,742,716,-1,716,742,743,-1,716,743,717,-1,717,743,744,-1,717,744,718,-1,718,744,745,-1,718,745,719,-1,719,745,746,-1,719,746,720,-1,720,746,747,-1,720,747,721,-1,721,747,748,-1,721,748,722,-1,722,748,749,-1,722,749,723,-1,723,749,750,-1,723,750,724,-1,724,750,751,-1,724,751,725,-1,725,751,752,-1,725,752,726,-1,726,752,753,-1,726,753,727,-1,727,753,754,-1,727,754,728,-1,728,754,755,-1,728,755,729,-1,729,755,756,-1,729,756,730,-1,730,756,757,-1,730,757,731,-1,731,757,758,-1,731,758,732,-1,732,758,759,-1,732,759,733,-1,733,759,760,-1,733,760,734,-1,734,760,761,-1,734,761,735,-1,735,761,736,-1,761,762,736,-1,736,762,763,-1,736,763,737,-1,737,763,764,-1,737,764,738,-1,738,764,765,-1,738,765,739,-1,739,765,766,-1,739,766,740,-1,740,766,767,-1,740,767,741,-1,741,767,768,-1,741,768,742,-1,742,768,769,-1,742,769,743,-1,743,769,770,-1,743,770,744,-1,744,770,771,-1,744,771,745,-1,745,771,772,-1,745,772,746,-1,746,772,773,-1,746,773,747,-1,747,773,774,-1,747,774,748,-1,748,774,775,-1,748,775,749,-1,749,775,776,-1,749,776,750,-1,750,776,777,-1,750,777,751,-1,751,777,778,-1,751,778,752,-1,752,778,779,-1,752,779,753,-1,753,779,780,-1,753,780,754,-1,754,780,781,-1,754,781,755,-1,755,781,782,-1,755,782,756,-1,756,782,783,-1,756,783,757,-1,757,783,784,-1,757,784,758,-1,758,784,785,-1,758,785,759,-1,759,785,786,-1,759,786,760,-1,760,786,787,-1,760,787,761,-1,761,787,762,-1,787,788,762,-1,762,788,789,-1,762,789,763,-1,763,789,790,-1,763,790,764,-1,764,790,791,-1,764,791,765,-1,765,791,792,-1,765,792,766,-1,766,792,793,-1,766,793,767,-1,767,793,794,-1,767,794,768,-1,768,794,795,-1,768,795,769,-1,769,795,796,-1,769,796,770,-1,770,796,797,-1,770,797,771,-1,771,797,798,-1,771,798,772,-1,772,798,799,-1,772,799,773,-1,773,799,800,-1,773,800,774,-1,774,800,801,-1,774,801,775,-1,775,801,802,-1,775,802,776,-1,776,802,803,-1,776,803,777,-1,777,803,804,-1,777,804,778,-1,778,804,805,-1,778,805,779,-1,779,805,806,-1,779,806,780,-1,780,806,807,-1,780,807,781,-1,781,807,808,-1,781,808,782,-1,782,808,809,-1,782,809,783,-1,783,809,810,-1,783,810,784,-1,784,810,811,-1,784,811,785,-1,785,811,812,-1,785,812,786,-1,786,812,813,-1,786,813,787,-1,787,813,788,-1,813,814,788,-1,788,814,815,-1,788,815,789,-1,789,815,816,-1,789,816,790,-1,790,816,817,-1,790,817,791,-1,791,817,818,-1,791,818,792,-1,792,818,819,-1,792,819,793,-1,793,819,820,-1,793,820,794,-1,794,820,821,-1,794,821,795,-1,795,821,822,-1,795,822,796,-1,796,822,823,-1,796,823,797,-1,797,823,824,-1,797,824,798,-1,798,824,825,-1,798,825,799,-1,799,825,826,-1,799,826,800,-1,800,826,827,-1,800,827,801,-1,801,827,828,-1,801,828,802,-1,802,828,829,-1,802,829,803,-1,803,829,830,-1,803,830,804,-1,804,830,831,-1,804,831,805,-1,805,831,832,-1,805,832,806,-1,806,832,833,-1,806,833,807,-1,807,833,834,-1,807,834,808,-1,808,834,835,-1,808,835,809,-1,809,835,836,-1,809,836,810,-1,810,836,837,-1,810,837,811,-1,811,837,838,-1,811,838,812,-1,812,838,839,-1,812,839,813,-1,813,839,814,-1,839,631,814,-1,814,631,630,-1,814,630,815,-1,815,630,633,-1,815,633,816,-1,816,633,634,-1,816,634,817,-1,817,634,635,-1,817,635,818,-1,818,635,636,-1,818,636,819,-1,819,636,637,-1,819,637,820,-1,820,637,638,-1,820,638,821,-1,821,638,639,-1,821,639,822,-1,822,639,640,-1,822,640,823,-1,823,640,641,-1,823,641,824,-1,824,641,642,-1,824,642,825,-1,825,642,643,-1,825,643,826,-1,826,643,644,-1,826,644,827,-1,827,644,645,-1,827,645,828,-1,828,645,646,-1,828,646,829,-1,829,646,647,-1,829,647,830,-1,830,647,648,-1,830,648,831,-1,831,648,649,-1,831,649,832,-1,832,649,650,-1,832,650,833,-1,833,650,651,-1,833,651,834,-1,834,651,652,-1,834,652,835,-1,835,652,653,-1,835,653,836,-1,836,653,654,-1,836,654,837,-1,837,654,655,-1,837,655,838,-1,838,655,656,-1,838,656,839,-1,839,656,631,-1,840,841,842,-1,840,842,843,-1,844,843,842,-1,845,844,842,-1,846,845,842,-1,847,846,842,-1,848,847,842,-1,849,848,842,-1,850,849,842,-1,851,850,842,-1,852,851,842,-1,853,852,842,-1,854,853,842,-1,855,854,842,-1,856,855,842,-1,857,856,842,-1,858,857,842,-1,859,858,842,-1,860,859,842,-1,861,860,842,-1,862,861,842,-1,863,862,842,-1,864,863,842,-1,865,864,842,-1,866,865,842,-1,841,866,842,-1,867,868,869,-1,869,868,870,-1,869,870,871,-1,871,870,872,-1,871,872,873,-1,873,872,874,-1,873,874,875,-1,875,874,876,-1,875,876,877,-1,877,876,878,-1,877,878,879,-1,879,878,880,-1,879,880,881,-1,881,880,882,-1,881,882,883,-1,883,882,884,-1,883,884,885,-1,885,884,886,-1,885,886,887,-1,887,886,888,-1,887,888,889,-1,889,888,890,-1,889,890,891,-1,891,890,892,-1,891,892,893,-1,893,892,894,-1,893,894,895,-1,895,894,896,-1,895,896,897,-1,897,896,898,-1,897,898,899,-1,899,898,900,-1,899,900,901,-1,901,900,902,-1,901,902,903,-1,903,902,904,-1,903,904,905,-1,905,904,906,-1,905,906,907,-1,907,906,908,-1,907,908,909,-1,909,908,910,-1,909,910,911,-1,911,910,912,-1,911,912,913,-1,913,912,914,-1,913,914,915,-1,915,914,916,-1,915,916,917,-1,917,916,918,-1,917,918,919,-1,919,918,867,-1,919,867,869,-1,907,920,905,-1,905,920,921,-1,905,921,903,-1,903,921,922,-1,903,922,901,-1,901,922,923,-1,901,923,899,-1,899,923,924,-1,899,924,897,-1,897,924,925,-1,897,925,895,-1,895,925,926,-1,895,926,893,-1,893,926,927,-1,893,927,891,-1,891,927,928,-1,891,928,889,-1,889,928,929,-1,889,929,887,-1,887,929,930,-1,887,930,885,-1,885,930,931,-1,885,931,883,-1,883,931,932,-1,883,932,881,-1,881,932,933,-1,881,933,879,-1,879,933,934,-1,879,934,877,-1,877,934,935,-1,877,935,875,-1,875,935,936,-1,875,936,873,-1,873,936,937,-1,873,937,871,-1,871,937,938,-1,871,938,869,-1,869,938,939,-1,869,939,919,-1,919,939,940,-1,919,940,917,-1,917,940,941,-1,917,941,915,-1,915,941,942,-1,915,942,913,-1,913,942,943,-1,913,943,911,-1,911,943,944,-1,911,944,909,-1,909,944,945,-1,909,945,907,-1,907,945,920,-1,945,946,920,-1,920,946,947,-1,920,947,921,-1,921,947,948,-1,921,948,922,-1,922,948,949,-1,922,949,923,-1,923,949,950,-1,923,950,924,-1,924,950,951,-1,924,951,925,-1,925,951,952,-1,925,952,926,-1,926,952,953,-1,926,953,927,-1,927,953,954,-1,927,954,928,-1,928,954,955,-1,928,955,929,-1,929,955,956,-1,929,956,930,-1,930,956,957,-1,930,957,931,-1,931,957,958,-1,931,958,932,-1,932,958,959,-1,932,959,933,-1,933,959,960,-1,933,960,934,-1,934,960,961,-1,934,961,935,-1,935,961,962,-1,935,962,936,-1,936,962,963,-1,936,963,937,-1,937,963,964,-1,937,964,938,-1,938,964,965,-1,938,965,939,-1,939,965,966,-1,939,966,940,-1,940,966,967,-1,940,967,941,-1,941,967,968,-1,941,968,942,-1,942,968,969,-1,942,969,943,-1,943,969,970,-1,943,970,944,-1,944,970,971,-1,944,971,945,-1,945,971,946,-1,971,972,946,-1,946,972,973,-1,946,973,947,-1,947,973,974,-1,947,974,948,-1,948,974,975,-1,948,975,949,-1,949,975,976,-1,949,976,950,-1,950,976,977,-1,950,977,951,-1,951,977,978,-1,951,978,952,-1,952,978,979,-1,952,979,953,-1,953,979,980,-1,953,980,954,-1,954,980,981,-1,954,981,955,-1,955,981,982,-1,955,982,956,-1,956,982,983,-1,956,983,957,-1,957,983,984,-1,957,984,958,-1,958,984,985,-1,958,985,959,-1,959,985,986,-1,959,986,960,-1,960,986,987,-1,960,987,961,-1,961,987,988,-1,961,988,962,-1,962,988,989,-1,962,989,963,-1,963,989,990,-1,963,990,964,-1,964,990,991,-1,964,991,965,-1,965,991,992,-1,965,992,966,-1,966,992,993,-1,966,993,967,-1,967,993,994,-1,967,994,968,-1,968,994,995,-1,968,995,969,-1,969,995,996,-1,969,996,970,-1,970,996,997,-1,970,997,971,-1,971,997,972,-1,997,998,972,-1,972,998,999,-1,972,999,973,-1,973,999,1000,-1,973,1000,974,-1,974,1000,1001,-1,974,1001,975,-1,975,1001,1002,-1,975,1002,976,-1,976,1002,1003,-1,976,1003,977,-1,977,1003,1004,-1,977,1004,978,-1,978,1004,1005,-1,978,1005,979,-1,979,1005,1006,-1,979,1006,980,-1,980,1006,1007,-1,980,1007,981,-1,981,1007,1008,-1,981,1008,982,-1,982,1008,1009,-1,982,1009,983,-1,983,1009,1010,-1,983,1010,984,-1,984,1010,1011,-1,984,1011,985,-1,985,1011,1012,-1,985,1012,986,-1,986,1012,1013,-1,986,1013,987,-1,987,1013,1014,-1,987,1014,988,-1,988,1014,1015,-1,988,1015,989,-1,989,1015,1016,-1,989,1016,990,-1,990,1016,1017,-1,990,1017,991,-1,991,1017,1018,-1,991,1018,992,-1,992,1018,1019,-1,992,1019,993,-1,993,1019,1020,-1,993,1020,994,-1,994,1020,1021,-1,994,1021,995,-1,995,1021,1022,-1,995,1022,996,-1,996,1022,1023,-1,996,1023,997,-1,997,1023,998,-1,1023,1024,998,-1,998,1024,1025,-1,998,1025,999,-1,999,1025,1026,-1,999,1026,1000,-1,1000,1026,1027,-1,1000,1027,1001,-1,1001,1027,1028,-1,1001,1028,1002,-1,1002,1028,1029,-1,1002,1029,1003,-1,1003,1029,1030,-1,1003,1030,1004,-1,1004,1030,1031,-1,1004,1031,1005,-1,1005,1031,1032,-1,1005,1032,1006,-1,1006,1032,1033,-1,1006,1033,1007,-1,1007,1033,1034,-1,1007,1034,1008,-1,1008,1034,1035,-1,1008,1035,1009,-1,1009,1035,1036,-1,1009,1036,1010,-1,1010,1036,1037,-1,1010,1037,1011,-1,1011,1037,1038,-1,1011,1038,1012,-1,1012,1038,1039,-1,1012,1039,1013,-1,1013,1039,1040,-1,1013,1040,1014,-1,1014,1040,1041,-1,1014,1041,1015,-1,1015,1041,1042,-1,1015,1042,1016,-1,1016,1042,1043,-1,1016,1043,1017,-1,1017,1043,1044,-1,1017,1044,1018,-1,1018,1044,1045,-1,1018,1045,1019,-1,1019,1045,1046,-1,1019,1046,1020,-1,1020,1046,1047,-1,1020,1047,1021,-1,1021,1047,1048,-1,1021,1048,1022,-1,1022,1048,1049,-1,1022,1049,1023,-1,1023,1049,1024,-1,1049,841,1024,-1,1024,841,840,-1,1024,840,1025,-1,1025,840,843,-1,1025,843,1026,-1,1026,843,844,-1,1026,844,1027,-1,1027,844,845,-1,1027,845,1028,-1,1028,845,846,-1,1028,846,1029,-1,1029,846,847,-1,1029,847,1030,-1,1030,847,848,-1,1030,848,1031,-1,1031,848,849,-1,1031,849,1032,-1,1032,849,850,-1,1032,850,1033,-1,1033,850,851,-1,1033,851,1034,-1,1034,851,852,-1,1034,852,1035,-1,1035,852,853,-1,1035,853,1036,-1,1036,853,854,-1,1036,854,1037,-1,1037,854,855,-1,1037,855,1038,-1,1038,855,856,-1,1038,856,1039,-1,1039,856,857,-1,1039,857,1040,-1,1040,857,858,-1,1040,858,1041,-1,1041,858,859,-1,1041,859,1042,-1,1042,859,860,-1,1042,860,1043,-1,1043,860,861,-1,1043,861,1044,-1,1044,861,862,-1,1044,862,1045,-1,1045,862,863,-1,1045,863,1046,-1,1046,863,864,-1,1046,864,1047,-1,1047,864,865,-1,1047,865,1048,-1,1048,865,866,-1,1048,866,1049,-1,1049,866,841,-1,1050,1051,1052,-1,1050,1052,1053,-1,1054,1053,1052,-1,1055,1054,1052,-1,1056,1055,1052,-1,1057,1056,1052,-1,1058,1057,1052,-1,1059,1058,1052,-1,1060,1059,1052,-1,1061,1060,1052,-1,1062,1061,1052,-1,1063,1062,1052,-1,1064,1063,1052,-1,1065,1064,1052,-1,1066,1065,1052,-1,1067,1066,1052,-1,1068,1067,1052,-1,1069,1068,1052,-1,1070,1069,1052,-1,1071,1070,1052,-1,1072,1071,1052,-1,1073,1072,1052,-1,1074,1073,1052,-1,1075,1074,1052,-1,1076,1075,1052,-1,1051,1076,1052,-1,1077,1078,1079,-1,1079,1078,1080,-1,1079,1080,1081,-1,1081,1080,1082,-1,1081,1082,1083,-1,1083,1082,1084,-1,1083,1084,1085,-1,1085,1084,1086,-1,1085,1086,1087,-1,1087,1086,1088,-1,1087,1088,1089,-1,1089,1088,1090,-1,1089,1090,1091,-1,1091,1090,1092,-1,1091,1092,1093,-1,1093,1092,1094,-1,1093,1094,1095,-1,1095,1094,1096,-1,1095,1096,1097,-1,1097,1096,1098,-1,1097,1098,1099,-1,1099,1098,1100,-1,1099,1100,1101,-1,1101,1100,1102,-1,1101,1102,1103,-1,1103,1102,1104,-1,1103,1104,1105,-1,1105,1104,1106,-1,1105,1106,1107,-1,1107,1106,1108,-1,1107,1108,1109,-1,1109,1108,1110,-1,1109,1110,1111,-1,1111,1110,1112,-1,1111,1112,1113,-1,1113,1112,1114,-1,1113,1114,1115,-1,1115,1114,1116,-1,1115,1116,1117,-1,1117,1116,1118,-1,1117,1118,1119,-1,1119,1118,1120,-1,1119,1120,1121,-1,1121,1120,1122,-1,1121,1122,1123,-1,1123,1122,1124,-1,1123,1124,1125,-1,1125,1124,1126,-1,1125,1126,1127,-1,1127,1126,1128,-1,1127,1128,1129,-1,1129,1128,1077,-1,1129,1077,1079,-1,1117,1130,1115,-1,1115,1130,1131,-1,1115,1131,1113,-1,1113,1131,1132,-1,1113,1132,1111,-1,1111,1132,1133,-1,1111,1133,1109,-1,1109,1133,1134,-1,1109,1134,1107,-1,1107,1134,1135,-1,1107,1135,1105,-1,1105,1135,1136,-1,1105,1136,1103,-1,1103,1136,1137,-1,1103,1137,1101,-1,1101,1137,1138,-1,1101,1138,1099,-1,1099,1138,1139,-1,1099,1139,1097,-1,1097,1139,1140,-1,1097,1140,1095,-1,1095,1140,1141,-1,1095,1141,1093,-1,1093,1141,1142,-1,1093,1142,1091,-1,1091,1142,1143,-1,1091,1143,1089,-1,1089,1143,1144,-1,1089,1144,1087,-1,1087,1144,1145,-1,1087,1145,1085,-1,1085,1145,1146,-1,1085,1146,1083,-1,1083,1146,1147,-1,1083,1147,1081,-1,1081,1147,1148,-1,1081,1148,1079,-1,1079,1148,1149,-1,1079,1149,1129,-1,1129,1149,1150,-1,1129,1150,1127,-1,1127,1150,1151,-1,1127,1151,1125,-1,1125,1151,1152,-1,1125,1152,1123,-1,1123,1152,1153,-1,1123,1153,1121,-1,1121,1153,1154,-1,1121,1154,1119,-1,1119,1154,1155,-1,1119,1155,1117,-1,1117,1155,1130,-1,1155,1156,1130,-1,1130,1156,1157,-1,1130,1157,1131,-1,1131,1157,1158,-1,1131,1158,1132,-1,1132,1158,1159,-1,1132,1159,1133,-1,1133,1159,1160,-1,1133,1160,1134,-1,1134,1160,1161,-1,1134,1161,1135,-1,1135,1161,1162,-1,1135,1162,1136,-1,1136,1162,1163,-1,1136,1163,1137,-1,1137,1163,1164,-1,1137,1164,1138,-1,1138,1164,1165,-1,1138,1165,1139,-1,1139,1165,1166,-1,1139,1166,1140,-1,1140,1166,1167,-1,1140,1167,1141,-1,1141,1167,1168,-1,1141,1168,1142,-1,1142,1168,1169,-1,1142,1169,1143,-1,1143,1169,1170,-1,1143,1170,1144,-1,1144,1170,1171,-1,1144,1171,1145,-1,1145,1171,1172,-1,1145,1172,1146,-1,1146,1172,1173,-1,1146,1173,1147,-1,1147,1173,1174,-1,1147,1174,1148,-1,1148,1174,1175,-1,1148,1175,1149,-1,1149,1175,1176,-1,1149,1176,1150,-1,1150,1176,1177,-1,1150,1177,1151,-1,1151,1177,1178,-1,1151,1178,1152,-1,1152,1178,1179,-1,1152,1179,1153,-1,1153,1179,1180,-1,1153,1180,1154,-1,1154,1180,1181,-1,1154,1181,1155,-1,1155,1181,1156,-1,1181,1182,1156,-1,1156,1182,1183,-1,1156,1183,1157,-1,1157,1183,1184,-1,1157,1184,1158,-1,1158,1184,1185,-1,1158,1185,1159,-1,1159,1185,1186,-1,1159,1186,1160,-1,1160,1186,1187,-1,1160,1187,1161,-1,1161,1187,1188,-1,1161,1188,1162,-1,1162,1188,1189,-1,1162,1189,1163,-1,1163,1189,1190,-1,1163,1190,1164,-1,1164,1190,1191,-1,1164,1191,1165,-1,1165,1191,1192,-1,1165,1192,1166,-1,1166,1192,1193,-1,1166,1193,1167,-1,1167,1193,1194,-1,1167,1194,1168,-1,1168,1194,1195,-1,1168,1195,1169,-1,1169,1195,1196,-1,1169,1196,1170,-1,1170,1196,1197,-1,1170,1197,1171,-1,1171,1197,1198,-1,1171,1198,1172,-1,1172,1198,1199,-1,1172,1199,1173,-1,1173,1199,1200,-1,1173,1200,1174,-1,1174,1200,1201,-1,1174,1201,1175,-1,1175,1201,1202,-1,1175,1202,1176,-1,1176,1202,1203,-1,1176,1203,1177,-1,1177,1203,1204,-1,1177,1204,1178,-1,1178,1204,1205,-1,1178,1205,1179,-1,1179,1205,1206,-1,1179,1206,1180,-1,1180,1206,1207,-1,1180,1207,1181,-1,1181,1207,1182,-1,1207,1208,1182,-1,1182,1208,1209,-1,1182,1209,1183,-1,1183,1209,1210,-1,1183,1210,1184,-1,1184,1210,1211,-1,1184,1211,1185,-1,1185,1211,1212,-1,1185,1212,1186,-1,1186,1212,1213,-1,1186,1213,1187,-1,1187,1213,1214,-1,1187,1214,1188,-1,1188,1214,1215,-1,1188,1215,1189,-1,1189,1215,1216,-1,1189,1216,1190,-1,1190,1216,1217,-1,1190,1217,1191,-1,1191,1217,1218,-1,1191,1218,1192,-1,1192,1218,1219,-1,1192,1219,1193,-1,1193,1219,1220,-1,1193,1220,1194,-1,1194,1220,1221,-1,1194,1221,1195,-1,1195,1221,1222,-1,1195,1222,1196,-1,1196,1222,1223,-1,1196,1223,1197,-1,1197,1223,1224,-1,1197,1224,1198,-1,1198,1224,1225,-1,1198,1225,1199,-1,1199,1225,1226,-1,1199,1226,1200,-1,1200,1226,1227,-1,1200,1227,1201,-1,1201,1227,1228,-1,1201,1228,1202,-1,1202,1228,1229,-1,1202,1229,1203,-1,1203,1229,1230,-1,1203,1230,1204,-1,1204,1230,1231,-1,1204,1231,1205,-1,1205,1231,1232,-1,1205,1232,1206,-1,1206,1232,1233,-1,1206,1233,1207,-1,1207,1233,1208,-1,1233,1234,1208,-1,1208,1234,1235,-1,1208,1235,1209,-1,1209,1235,1236,-1,1209,1236,1210,-1,1210,1236,1237,-1,1210,1237,1211,-1,1211,1237,1238,-1,1211,1238,1212,-1,1212,1238,1239,-1,1212,1239,1213,-1,1213,1239,1240,-1,1213,1240,1214,-1,1214,1240,1241,-1,1214,1241,1215,-1,1215,1241,1242,-1,1215,1242,1216,-1,1216,1242,1243,-1,1216,1243,1217,-1,1217,1243,1244,-1,1217,1244,1218,-1,1218,1244,1245,-1,1218,1245,1219,-1,1219,1245,1246,-1,1219,1246,1220,-1,1220,1246,1247,-1,1220,1247,1221,-1,1221,1247,1248,-1,1221,1248,1222,-1,1222,1248,1249,-1,1222,1249,1223,-1,1223,1249,1250,-1,1223,1250,1224,-1,1224,1250,1251,-1,1224,1251,1225,-1,1225,1251,1252,-1,1225,1252,1226,-1,1226,1252,1253,-1,1226,1253,1227,-1,1227,1253,1254,-1,1227,1254,1228,-1,1228,1254,1255,-1,1228,1255,1229,-1,1229,1255,1256,-1,1229,1256,1230,-1,1230,1256,1257,-1,1230,1257,1231,-1,1231,1257,1258,-1,1231,1258,1232,-1,1232,1258,1259,-1,1232,1259,1233,-1,1233,1259,1234,-1,1259,1051,1234,-1,1234,1051,1050,-1,1234,1050,1235,-1,1235,1050,1053,-1,1235,1053,1236,-1,1236,1053,1054,-1,1236,1054,1237,-1,1237,1054,1055,-1,1237,1055,1238,-1,1238,1055,1056,-1,1238,1056,1239,-1,1239,1056,1057,-1,1239,1057,1240,-1,1240,1057,1058,-1,1240,1058,1241,-1,1241,1058,1059,-1,1241,1059,1242,-1,1242,1059,1060,-1,1242,1060,1243,-1,1243,1060,1061,-1,1243,1061,1244,-1,1244,1061,1062,-1,1244,1062,1245,-1,1245,1062,1063,-1,1245,1063,1246,-1,1246,1063,1064,-1,1246,1064,1247,-1,1247,1064,1065,-1,1247,1065,1248,-1,1248,1065,1066,-1,1248,1066,1249,-1,1249,1066,1067,-1,1249,1067,1250,-1,1250,1067,1068,-1,1250,1068,1251,-1,1251,1068,1069,-1,1251,1069,1252,-1,1252,1069,1070,-1,1252,1070,1253,-1,1253,1070,1071,-1,1253,1071,1254,-1,1254,1071,1072,-1,1254,1072,1255,-1,1255,1072,1073,-1,1255,1073,1256,-1,1256,1073,1074,-1,1256,1074,1257,-1,1257,1074,1075,-1,1257,1075,1258,-1,1258,1075,1076,-1,1258,1076,1259,-1,1259,1076,1051,-1,1260,1261,1262,-1,1260,1262,1263,-1,1264,1263,1262,-1,1265,1264,1262,-1,1266,1265,1262,-1,1267,1266,1262,-1,1268,1267,1262,-1,1269,1268,1262,-1,1270,1269,1262,-1,1271,1270,1262,-1,1272,1271,1262,-1,1273,1272,1262,-1,1274,1273,1262,-1,1275,1274,1262,-1,1276,1275,1262,-1,1277,1276,1262,-1,1278,1277,1262,-1,1279,1278,1262,-1,1280,1279,1262,-1,1281,1280,1262,-1,1282,1281,1262,-1,1283,1282,1262,-1,1284,1283,1262,-1,1285,1284,1262,-1,1286,1285,1262,-1,1261,1286,1262,-1,1287,1288,1289,-1,1289,1288,1290,-1,1289,1290,1291,-1,1291,1290,1292,-1,1291,1292,1293,-1,1293,1292,1294,-1,1293,1294,1295,-1,1295,1294,1296,-1,1295,1296,1297,-1,1297,1296,1298,-1,1297,1298,1299,-1,1299,1298,1300,-1,1299,1300,1301,-1,1301,1300,1302,-1,1301,1302,1303,-1,1303,1302,1304,-1,1303,1304,1305,-1,1305,1304,1306,-1,1305,1306,1307,-1,1307,1306,1308,-1,1307,1308,1309,-1,1309,1308,1310,-1,1309,1310,1311,-1,1311,1310,1312,-1,1311,1312,1313,-1,1313,1312,1314,-1,1313,1314,1315,-1,1315,1314,1316,-1,1315,1316,1317,-1,1317,1316,1318,-1,1317,1318,1319,-1,1319,1318,1320,-1,1319,1320,1321,-1,1321,1320,1322,-1,1321,1322,1323,-1,1323,1322,1324,-1,1323,1324,1325,-1,1325,1324,1326,-1,1325,1326,1327,-1,1327,1326,1328,-1,1327,1328,1329,-1,1329,1328,1330,-1,1329,1330,1331,-1,1331,1330,1332,-1,1331,1332,1333,-1,1333,1332,1334,-1,1333,1334,1335,-1,1335,1334,1336,-1,1335,1336,1337,-1,1337,1336,1338,-1,1337,1338,1339,-1,1339,1338,1287,-1,1339,1287,1289,-1,1327,1340,1325,-1,1325,1340,1341,-1,1325,1341,1323,-1,1323,1341,1342,-1,1323,1342,1321,-1,1321,1342,1343,-1,1321,1343,1319,-1,1319,1343,1344,-1,1319,1344,1317,-1,1317,1344,1345,-1,1317,1345,1315,-1,1315,1345,1346,-1,1315,1346,1313,-1,1313,1346,1347,-1,1313,1347,1311,-1,1311,1347,1348,-1,1311,1348,1309,-1,1309,1348,1349,-1,1309,1349,1307,-1,1307,1349,1350,-1,1307,1350,1305,-1,1305,1350,1351,-1,1305,1351,1303,-1,1303,1351,1352,-1,1303,1352,1301,-1,1301,1352,1353,-1,1301,1353,1299,-1,1299,1353,1354,-1,1299,1354,1297,-1,1297,1354,1355,-1,1297,1355,1295,-1,1295,1355,1356,-1,1295,1356,1293,-1,1293,1356,1357,-1,1293,1357,1291,-1,1291,1357,1358,-1,1291,1358,1289,-1,1289,1358,1359,-1,1289,1359,1339,-1,1339,1359,1360,-1,1339,1360,1337,-1,1337,1360,1361,-1,1337,1361,1335,-1,1335,1361,1362,-1,1335,1362,1333,-1,1333,1362,1363,-1,1333,1363,1331,-1,1331,1363,1364,-1,1331,1364,1329,-1,1329,1364,1365,-1,1329,1365,1327,-1,1327,1365,1340,-1,1365,1366,1340,-1,1340,1366,1367,-1,1340,1367,1341,-1,1341,1367,1368,-1,1341,1368,1342,-1,1342,1368,1369,-1,1342,1369,1343,-1,1343,1369,1370,-1,1343,1370,1344,-1,1344,1370,1371,-1,1344,1371,1345,-1,1345,1371,1372,-1,1345,1372,1346,-1,1346,1372,1373,-1,1346,1373,1347,-1,1347,1373,1374,-1,1347,1374,1348,-1,1348,1374,1375,-1,1348,1375,1349,-1,1349,1375,1376,-1,1349,1376,1350,-1,1350,1376,1377,-1,1350,1377,1351,-1,1351,1377,1378,-1,1351,1378,1352,-1,1352,1378,1379,-1,1352,1379,1353,-1,1353,1379,1380,-1,1353,1380,1354,-1,1354,1380,1381,-1,1354,1381,1355,-1,1355,1381,1382,-1,1355,1382,1356,-1,1356,1382,1383,-1,1356,1383,1357,-1,1357,1383,1384,-1,1357,1384,1358,-1,1358,1384,1385,-1,1358,1385,1359,-1,1359,1385,1386,-1,1359,1386,1360,-1,1360,1386,1387,-1,1360,1387,1361,-1,1361,1387,1388,-1,1361,1388,1362,-1,1362,1388,1389,-1,1362,1389,1363,-1,1363,1389,1390,-1,1363,1390,1364,-1,1364,1390,1391,-1,1364,1391,1365,-1,1365,1391,1366,-1,1391,1392,1366,-1,1366,1392,1393,-1,1366,1393,1367,-1,1367,1393,1394,-1,1367,1394,1368,-1,1368,1394,1395,-1,1368,1395,1369,-1,1369,1395,1396,-1,1369,1396,1370,-1,1370,1396,1397,-1,1370,1397,1371,-1,1371,1397,1398,-1,1371,1398,1372,-1,1372,1398,1399,-1,1372,1399,1373,-1,1373,1399,1400,-1,1373,1400,1374,-1,1374,1400,1401,-1,1374,1401,1375,-1,1375,1401,1402,-1,1375,1402,1376,-1,1376,1402,1403,-1,1376,1403,1377,-1,1377,1403,1404,-1,1377,1404,1378,-1,1378,1404,1405,-1,1378,1405,1379,-1,1379,1405,1406,-1,1379,1406,1380,-1,1380,1406,1407,-1,1380,1407,1381,-1,1381,1407,1408,-1,1381,1408,1382,-1,1382,1408,1409,-1,1382,1409,1383,-1,1383,1409,1410,-1,1383,1410,1384,-1,1384,1410,1411,-1,1384,1411,1385,-1,1385,1411,1412,-1,1385,1412,1386,-1,1386,1412,1413,-1,1386,1413,1387,-1,1387,1413,1414,-1,1387,1414,1388,-1,1388,1414,1415,-1,1388,1415,1389,-1,1389,1415,1416,-1,1389,1416,1390,-1,1390,1416,1417,-1,1390,1417,1391,-1,1391,1417,1392,-1,1417,1418,1392,-1,1392,1418,1419,-1,1392,1419,1393,-1,1393,1419,1420,-1,1393,1420,1394,-1,1394,1420,1421,-1,1394,1421,1395,-1,1395,1421,1422,-1,1395,1422,1396,-1,1396,1422,1423,-1,1396,1423,1397,-1,1397,1423,1424,-1,1397,1424,1398,-1,1398,1424,1425,-1,1398,1425,1399,-1,1399,1425,1426,-1,1399,1426,1400,-1,1400,1426,1427,-1,1400,1427,1401,-1,1401,1427,1428,-1,1401,1428,1402,-1,1402,1428,1429,-1,1402,1429,1403,-1,1403,1429,1430,-1,1403,1430,1404,-1,1404,1430,1431,-1,1404,1431,1405,-1,1405,1431,1432,-1,1405,1432,1406,-1,1406,1432,1433,-1,1406,1433,1407,-1,1407,1433,1434,-1,1407,1434,1408,-1,1408,1434,1435,-1,1408,1435,1409,-1,1409,1435,1436,-1,1409,1436,1410,-1,1410,1436,1437,-1,1410,1437,1411,-1,1411,1437,1438,-1,1411,1438,1412,-1,1412,1438,1439,-1,1412,1439,1413,-1,1413,1439,1440,-1,1413,1440,1414,-1,1414,1440,1441,-1,1414,1441,1415,-1,1415,1441,1442,-1,1415,1442,1416,-1,1416,1442,1443,-1,1416,1443,1417,-1,1417,1443,1418,-1,1443,1444,1418,-1,1418,1444,1445,-1,1418,1445,1419,-1,1419,1445,1446,-1,1419,1446,1420,-1,1420,1446,1447,-1,1420,1447,1421,-1,1421,1447,1448,-1,1421,1448,1422,-1,1422,1448,1449,-1,1422,1449,1423,-1,1423,1449,1450,-1,1423,1450,1424,-1,1424,1450,1451,-1,1424,1451,1425,-1,1425,1451,1452,-1,1425,1452,1426,-1,1426,1452,1453,-1,1426,1453,1427,-1,1427,1453,1454,-1,1427,1454,1428,-1,1428,1454,1455,-1,1428,1455,1429,-1,1429,1455,1456,-1,1429,1456,1430,-1,1430,1456,1457,-1,1430,1457,1431,-1,1431,1457,1458,-1,1431,1458,1432,-1,1432,1458,1459,-1,1432,1459,1433,-1,1433,1459,1460,-1,1433,1460,1434,-1,1434,1460,1461,-1,1434,1461,1435,-1,1435,1461,1462,-1,1435,1462,1436,-1,1436,1462,1463,-1,1436,1463,1437,-1,1437,1463,1464,-1,1437,1464,1438,-1,1438,1464,1465,-1,1438,1465,1439,-1,1439,1465,1466,-1,1439,1466,1440,-1,1440,1466,1467,-1,1440,1467,1441,-1,1441,1467,1468,-1,1441,1468,1442,-1,1442,1468,1469,-1,1442,1469,1443,-1,1443,1469,1444,-1,1469,1261,1444,-1,1444,1261,1260,-1,1444,1260,1445,-1,1445,1260,1263,-1,1445,1263,1446,-1,1446,1263,1264,-1,1446,1264,1447,-1,1447,1264,1265,-1,1447,1265,1448,-1,1448,1265,1266,-1,1448,1266,1449,-1,1449,1266,1267,-1,1449,1267,1450,-1,1450,1267,1268,-1,1450,1268,1451,-1,1451,1268,1269,-1,1451,1269,1452,-1,1452,1269,1270,-1,1452,1270,1453,-1,1453,1270,1271,-1,1453,1271,1454,-1,1454,1271,1272,-1,1454,1272,1455,-1,1455,1272,1273,-1,1455,1273,1456,-1,1456,1273,1274,-1,1456,1274,1457,-1,1457,1274,1275,-1,1457,1275,1458,-1,1458,1275,1276,-1,1458,1276,1459,-1,1459,1276,1277,-1,1459,1277,1460,-1,1460,1277,1278,-1,1460,1278,1461,-1,1461,1278,1279,-1,1461,1279,1462,-1,1462,1279,1280,-1,1462,1280,1463,-1,1463,1280,1281,-1,1463,1281,1464,-1,1464,1281,1282,-1,1464,1282,1465,-1,1465,1282,1283,-1,1465,1283,1466,-1,1466,1283,1284,-1,1466,1284,1467,-1,1467,1284,1285,-1,1467,1285,1468,-1,1468,1285,1286,-1,1468,1286,1469,-1,1469,1286,1261,-1,1470,1471,1472,-1,1470,1472,1473,-1,1474,1473,1472,-1,1475,1474,1472,-1,1476,1475,1472,-1,1477,1476,1472,-1,1478,1477,1472,-1,1479,1478,1472,-1,1480,1479,1472,-1,1481,1480,1472,-1,1482,1481,1472,-1,1483,1482,1472,-1,1484,1483,1472,-1,1485,1484,1472,-1,1486,1485,1472,-1,1487,1486,1472,-1,1488,1487,1472,-1,1489,1488,1472,-1,1490,1489,1472,-1,1491,1490,1472,-1,1492,1491,1472,-1,1493,1492,1472,-1,1494,1493,1472,-1,1495,1494,1472,-1,1496,1495,1472,-1,1471,1496,1472,-1,1497,1498,1499,-1,1499,1498,1500,-1,1499,1500,1501,-1,1501,1500,1502,-1,1501,1502,1503,-1,1503,1502,1504,-1,1503,1504,1505,-1,1505,1504,1506,-1,1505,1506,1507,-1,1507,1506,1508,-1,1507,1508,1509,-1,1509,1508,1510,-1,1509,1510,1511,-1,1511,1510,1512,-1,1511,1512,1513,-1,1513,1512,1514,-1,1513,1514,1515,-1,1515,1514,1516,-1,1515,1516,1517,-1,1517,1516,1518,-1,1517,1518,1519,-1,1519,1518,1520,-1,1519,1520,1521,-1,1521,1520,1522,-1,1521,1522,1523,-1,1523,1522,1524,-1,1523,1524,1525,-1,1525,1524,1526,-1,1525,1526,1527,-1,1527,1526,1528,-1,1527,1528,1529,-1,1529,1528,1530,-1,1529,1530,1531,-1,1531,1530,1532,-1,1531,1532,1533,-1,1533,1532,1534,-1,1533,1534,1535,-1,1535,1534,1536,-1,1535,1536,1537,-1,1537,1536,1538,-1,1537,1538,1539,-1,1539,1538,1540,-1,1539,1540,1541,-1,1541,1540,1542,-1,1541,1542,1543,-1,1543,1542,1544,-1,1543,1544,1545,-1,1545,1544,1546,-1,1545,1546,1547,-1,1547,1546,1548,-1,1547,1548,1549,-1,1549,1548,1497,-1,1549,1497,1499,-1,1537,1550,1535,-1,1535,1550,1551,-1,1535,1551,1533,-1,1533,1551,1552,-1,1533,1552,1531,-1,1531,1552,1553,-1,1531,1553,1529,-1,1529,1553,1554,-1,1529,1554,1527,-1,1527,1554,1555,-1,1527,1555,1525,-1,1525,1555,1556,-1,1525,1556,1523,-1,1523,1556,1557,-1,1523,1557,1521,-1,1521,1557,1558,-1,1521,1558,1519,-1,1519,1558,1559,-1,1519,1559,1517,-1,1517,1559,1560,-1,1517,1560,1515,-1,1515,1560,1561,-1,1515,1561,1513,-1,1513,1561,1562,-1,1513,1562,1511,-1,1511,1562,1563,-1,1511,1563,1509,-1,1509,1563,1564,-1,1509,1564,1507,-1,1507,1564,1565,-1,1507,1565,1505,-1,1505,1565,1566,-1,1505,1566,1503,-1,1503,1566,1567,-1,1503,1567,1501,-1,1501,1567,1568,-1,1501,1568,1499,-1,1499,1568,1569,-1,1499,1569,1549,-1,1549,1569,1570,-1,1549,1570,1547,-1,1547,1570,1571,-1,1547,1571,1545,-1,1545,1571,1572,-1,1545,1572,1543,-1,1543,1572,1573,-1,1543,1573,1541,-1,1541,1573,1574,-1,1541,1574,1539,-1,1539,1574,1575,-1,1539,1575,1537,-1,1537,1575,1550,-1,1575,1576,1550,-1,1550,1576,1577,-1,1550,1577,1551,-1,1551,1577,1578,-1,1551,1578,1552,-1,1552,1578,1579,-1,1552,1579,1553,-1,1553,1579,1580,-1,1553,1580,1554,-1,1554,1580,1581,-1,1554,1581,1555,-1,1555,1581,1582,-1,1555,1582,1556,-1,1556,1582,1583,-1,1556,1583,1557,-1,1557,1583,1584,-1,1557,1584,1558,-1,1558,1584,1585,-1,1558,1585,1559,-1,1559,1585,1586,-1,1559,1586,1560,-1,1560,1586,1587,-1,1560,1587,1561,-1,1561,1587,1588,-1,1561,1588,1562,-1,1562,1588,1589,-1,1562,1589,1563,-1,1563,1589,1590,-1,1563,1590,1564,-1,1564,1590,1591,-1,1564,1591,1565,-1,1565,1591,1592,-1,1565,1592,1566,-1,1566,1592,1593,-1,1566,1593,1567,-1,1567,1593,1594,-1,1567,1594,1568,-1,1568,1594,1595,-1,1568,1595,1569,-1,1569,1595,1596,-1,1569,1596,1570,-1,1570,1596,1597,-1,1570,1597,1571,-1,1571,1597,1598,-1,1571,1598,1572,-1,1572,1598,1599,-1,1572,1599,1573,-1,1573,1599,1600,-1,1573,1600,1574,-1,1574,1600,1601,-1,1574,1601,1575,-1,1575,1601,1576,-1,1601,1602,1576,-1,1576,1602,1603,-1,1576,1603,1577,-1,1577,1603,1604,-1,1577,1604,1578,-1,1578,1604,1605,-1,1578,1605,1579,-1,1579,1605,1606,-1,1579,1606,1580,-1,1580,1606,1607,-1,1580,1607,1581,-1,1581,1607,1608,-1,1581,1608,1582,-1,1582,1608,1609,-1,1582,1609,1583,-1,1583,1609,1610,-1,1583,1610,1584,-1,1584,1610,1611,-1,1584,1611,1585,-1,1585,1611,1612,-1,1585,1612,1586,-1,1586,1612,1613,-1,1586,1613,1587,-1,1587,1613,1614,-1,1587,1614,1588,-1,1588,1614,1615,-1,1588,1615,1589,-1,1589,1615,1616,-1,1589,1616,1590,-1,1590,1616,1617,-1,1590,1617,1591,-1,1591,1617,1618,-1,1591,1618,1592,-1,1592,1618,1619,-1,1592,1619,1593,-1,1593,1619,1620,-1,1593,1620,1594,-1,1594,1620,1621,-1,1594,1621,1595,-1,1595,1621,1622,-1,1595,1622,1596,-1,1596,1622,1623,-1,1596,1623,1597,-1,1597,1623,1624,-1,1597,1624,1598,-1,1598,1624,1625,-1,1598,1625,1599,-1,1599,1625,1626,-1,1599,1626,1600,-1,1600,1626,1627,-1,1600,1627,1601,-1,1601,1627,1602,-1,1627,1628,1602,-1,1602,1628,1629,-1,1602,1629,1603,-1,1603,1629,1630,-1,1603,1630,1604,-1,1604,1630,1631,-1,1604,1631,1605,-1,1605,1631,1632,-1,1605,1632,1606,-1,1606,1632,1633,-1,1606,1633,1607,-1,1607,1633,1634,-1,1607,1634,1608,-1,1608,1634,1635,-1,1608,1635,1609,-1,1609,1635,1636,-1,1609,1636,1610,-1,1610,1636,1637,-1,1610,1637,1611,-1,1611,1637,1638,-1,1611,1638,1612,-1,1612,1638,1639,-1,1612,1639,1613,-1,1613,1639,1640,-1,1613,1640,1614,-1,1614,1640,1641,-1,1614,1641,1615,-1,1615,1641,1642,-1,1615,1642,1616,-1,1616,1642,1643,-1,1616,1643,1617,-1,1617,1643,1644,-1,1617,1644,1618,-1,1618,1644,1645,-1,1618,1645,1619,-1,1619,1645,1646,-1,1619,1646,1620,-1,1620,1646,1647,-1,1620,1647,1621,-1,1621,1647,1648,-1,1621,1648,1622,-1,1622,1648,1649,-1,1622,1649,1623,-1,1623,1649,1650,-1,1623,1650,1624,-1,1624,1650,1651,-1,1624,1651,1625,-1,1625,1651,1652,-1,1625,1652,1626,-1,1626,1652,1653,-1,1626,1653,1627,-1,1627,1653,1628,-1,1653,1654,1628,-1,1628,1654,1655,-1,1628,1655,1629,-1,1629,1655,1656,-1,1629,1656,1630,-1,1630,1656,1657,-1,1630,1657,1631,-1,1631,1657,1658,-1,1631,1658,1632,-1,1632,1658,1659,-1,1632,1659,1633,-1,1633,1659,1660,-1,1633,1660,1634,-1,1634,1660,1661,-1,1634,1661,1635,-1,1635,1661,1662,-1,1635,1662,1636,-1,1636,1662,1663,-1,1636,1663,1637,-1,1637,1663,1664,-1,1637,1664,1638,-1,1638,1664,1665,-1,1638,1665,1639,-1,1639,1665,1666,-1,1639,1666,1640,-1,1640,1666,1667,-1,1640,1667,1641,-1,1641,1667,1668,-1,1641,1668,1642,-1,1642,1668,1669,-1,1642,1669,1643,-1,1643,1669,1670,-1,1643,1670,1644,-1,1644,1670,1671,-1,1644,1671,1645,-1,1645,1671,1672,-1,1645,1672,1646,-1,1646,1672,1673,-1,1646,1673,1647,-1,1647,1673,1674,-1,1647,1674,1648,-1,1648,1674,1675,-1,1648,1675,1649,-1,1649,1675,1676,-1,1649,1676,1650,-1,1650,1676,1677,-1,1650,1677,1651,-1,1651,1677,1678,-1,1651,1678,1652,-1,1652,1678,1679,-1,1652,1679,1653,-1,1653,1679,1654,-1,1679,1471,1654,-1,1654,1471,1470,-1,1654,1470,1655,-1,1655,1470,1473,-1,1655,1473,1656,-1,1656,1473,1474,-1,1656,1474,1657,-1,1657,1474,1475,-1,1657,1475,1658,-1,1658,1475,1476,-1,1658,1476,1659,-1,1659,1476,1477,-1,1659,1477,1660,-1,1660,1477,1478,-1,1660,1478,1661,-1,1661,1478,1479,-1,1661,1479,1662,-1,1662,1479,1480,-1,1662,1480,1663,-1,1663,1480,1481,-1,1663,1481,1664,-1,1664,1481,1482,-1,1664,1482,1665,-1,1665,1482,1483,-1,1665,1483,1666,-1,1666,1483,1484,-1,1666,1484,1667,-1,1667,1484,1485,-1,1667,1485,1668,-1,1668,1485,1486,-1,1668,1486,1669,-1,1669,1486,1487,-1,1669,1487,1670,-1,1670,1487,1488,-1,1670,1488,1671,-1,1671,1488,1489,-1,1671,1489,1672,-1,1672,1489,1490,-1,1672,1490,1673,-1,1673,1490,1491,-1,1673,1491,1674,-1,1674,1491,1492,-1,1674,1492,1675,-1,1675,1492,1493,-1,1675,1493,1676,-1,1676,1493,1494,-1,1676,1494,1677,-1,1677,1494,1495,-1,1677,1495,1678,-1,1678,1495,1496,-1,1678,1496,1679,-1,1679,1496,1471,-1,1680,1681,1682,-1,1680,1682,1683,-1,1684,1683,1682,-1,1685,1684,1682,-1,1686,1685,1682,-1,1687,1686,1682,-1,1688,1687,1682,-1,1689,1688,1682,-1,1690,1689,1682,-1,1691,1690,1682,-1,1692,1691,1682,-1,1693,1692,1682,-1,1694,1693,1682,-1,1695,1694,1682,-1,1696,1695,1682,-1,1697,1696,1682,-1,1698,1697,1682,-1,1699,1698,1682,-1,1700,1699,1682,-1,1701,1700,1682,-1,1702,1701,1682,-1,1703,1702,1682,-1,1704,1703,1682,-1,1705,1704,1682,-1,1706,1705,1682,-1,1681,1706,1682,-1,1707,1708,1709,-1,1709,1708,1710,-1,1709,1710,1711,-1,1711,1710,1712,-1,1711,1712,1713,-1,1713,1712,1714,-1,1713,1714,1715,-1,1715,1714,1716,-1,1715,1716,1717,-1,1717,1716,1718,-1,1717,1718,1719,-1,1719,1718,1720,-1,1719,1720,1721,-1,1721,1720,1722,-1,1721,1722,1723,-1,1723,1722,1724,-1,1723,1724,1725,-1,1725,1724,1726,-1,1725,1726,1727,-1,1727,1726,1728,-1,1727,1728,1729,-1,1729,1728,1730,-1,1729,1730,1731,-1,1731,1730,1732,-1,1731,1732,1733,-1,1733,1732,1734,-1,1733,1734,1735,-1,1735,1734,1736,-1,1735,1736,1737,-1,1737,1736,1738,-1,1737,1738,1739,-1,1739,1738,1740,-1,1739,1740,1741,-1,1741,1740,1742,-1,1741,1742,1743,-1,1743,1742,1744,-1,1743,1744,1745,-1,1745,1744,1746,-1,1745,1746,1747,-1,1747,1746,1748,-1,1747,1748,1749,-1,1749,1748,1750,-1,1749,1750,1751,-1,1751,1750,1752,-1,1751,1752,1753,-1,1753,1752,1754,-1,1753,1754,1755,-1,1755,1754,1756,-1,1755,1756,1757,-1,1757,1756,1758,-1,1757,1758,1759,-1,1759,1758,1707,-1,1759,1707,1709,-1,1747,1760,1745,-1,1745,1760,1761,-1,1745,1761,1743,-1,1743,1761,1762,-1,1743,1762,1741,-1,1741,1762,1763,-1,1741,1763,1739,-1,1739,1763,1764,-1,1739,1764,1737,-1,1737,1764,1765,-1,1737,1765,1735,-1,1735,1765,1766,-1,1735,1766,1733,-1,1733,1766,1767,-1,1733,1767,1731,-1,1731,1767,1768,-1,1731,1768,1729,-1,1729,1768,1769,-1,1729,1769,1727,-1,1727,1769,1770,-1,1727,1770,1725,-1,1725,1770,1771,-1,1725,1771,1723,-1,1723,1771,1772,-1,1723,1772,1721,-1,1721,1772,1773,-1,1721,1773,1719,-1,1719,1773,1774,-1,1719,1774,1717,-1,1717,1774,1775,-1,1717,1775,1715,-1,1715,1775,1776,-1,1715,1776,1713,-1,1713,1776,1777,-1,1713,1777,1711,-1,1711,1777,1778,-1,1711,1778,1709,-1,1709,1778,1779,-1,1709,1779,1759,-1,1759,1779,1780,-1,1759,1780,1757,-1,1757,1780,1781,-1,1757,1781,1755,-1,1755,1781,1782,-1,1755,1782,1753,-1,1753,1782,1783,-1,1753,1783,1751,-1,1751,1783,1784,-1,1751,1784,1749,-1,1749,1784,1785,-1,1749,1785,1747,-1,1747,1785,1760,-1,1785,1786,1760,-1,1760,1786,1787,-1,1760,1787,1761,-1,1761,1787,1788,-1,1761,1788,1762,-1,1762,1788,1789,-1,1762,1789,1763,-1,1763,1789,1790,-1,1763,1790,1764,-1,1764,1790,1791,-1,1764,1791,1765,-1,1765,1791,1792,-1,1765,1792,1766,-1,1766,1792,1793,-1,1766,1793,1767,-1,1767,1793,1794,-1,1767,1794,1768,-1,1768,1794,1795,-1,1768,1795,1769,-1,1769,1795,1796,-1,1769,1796,1770,-1,1770,1796,1797,-1,1770,1797,1771,-1,1771,1797,1798,-1,1771,1798,1772,-1,1772,1798,1799,-1,1772,1799,1773,-1,1773,1799,1800,-1,1773,1800,1774,-1,1774,1800,1801,-1,1774,1801,1775,-1,1775,1801,1802,-1,1775,1802,1776,-1,1776,1802,1803,-1,1776,1803,1777,-1,1777,1803,1804,-1,1777,1804,1778,-1,1778,1804,1805,-1,1778,1805,1779,-1,1779,1805,1806,-1,1779,1806,1780,-1,1780,1806,1807,-1,1780,1807,1781,-1,1781,1807,1808,-1,1781,1808,1782,-1,1782,1808,1809,-1,1782,1809,1783,-1,1783,1809,1810,-1,1783,1810,1784,-1,1784,1810,1811,-1,1784,1811,1785,-1,1785,1811,1786,-1,1811,1812,1786,-1,1786,1812,1813,-1,1786,1813,1787,-1,1787,1813,1814,-1,1787,1814,1788,-1,1788,1814,1815,-1,1788,1815,1789,-1,1789,1815,1816,-1,1789,1816,1790,-1,1790,1816,1817,-1,1790,1817,1791,-1,1791,1817,1818,-1,1791,1818,1792,-1,1792,1818,1819,-1,1792,1819,1793,-1,1793,1819,1820,-1,1793,1820,1794,-1,1794,1820,1821,-1,1794,1821,1795,-1,1795,1821,1822,-1,1795,1822,1796,-1,1796,1822,1823,-1,1796,1823,1797,-1,1797,1823,1824,-1,1797,1824,1798,-1,1798,1824,1825,-1,1798,1825,1799,-1,1799,1825,1826,-1,1799,1826,1800,-1,1800,1826,1827,-1,1800,1827,1801,-1,1801,1827,1828,-1,1801,1828,1802,-1,1802,1828,1829,-1,1802,1829,1803,-1,1803,1829,1830,-1,1803,1830,1804,-1,1804,1830,1831,-1,1804,1831,1805,-1,1805,1831,1832,-1,1805,1832,1806,-1,1806,1832,1833,-1,1806,1833,1807,-1,1807,1833,1834,-1,1807,1834,1808,-1,1808,1834,1835,-1,1808,1835,1809,-1,1809,1835,1836,-1,1809,1836,1810,-1,1810,1836,1837,-1,1810,1837,1811,-1,1811,1837,1812,-1,1837,1838,1812,-1,1812,1838,1839,-1,1812,1839,1813,-1,1813,1839,1840,-1,1813,1840,1814,-1,1814,1840,1841,-1,1814,1841,1815,-1,1815,1841,1842,-1,1815,1842,1816,-1,1816,1842,1843,-1,1816,1843,1817,-1,1817,1843,1844,-1,1817,1844,1818,-1,1818,1844,1845,-1,1818,1845,1819,-1,1819,1845,1846,-1,1819,1846,1820,-1,1820,1846,1847,-1,1820,1847,1821,-1,1821,1847,1848,-1,1821,1848,1822,-1,1822,1848,1849,-1,1822,1849,1823,-1,1823,1849,1850,-1,1823,1850,1824,-1,1824,1850,1851,-1,1824,1851,1825,-1,1825,1851,1852,-1,1825,1852,1826,-1,1826,1852,1853,-1,1826,1853,1827,-1,1827,1853,1854,-1,1827,1854,1828,-1,1828,1854,1855,-1,1828,1855,1829,-1,1829,1855,1856,-1,1829,1856,1830,-1,1830,1856,1857,-1,1830,1857,1831,-1,1831,1857,1858,-1,1831,1858,1832,-1,1832,1858,1859,-1,1832,1859,1833,-1,1833,1859,1860,-1,1833,1860,1834,-1,1834,1860,1861,-1,1834,1861,1835,-1,1835,1861,1862,-1,1835,1862,1836,-1,1836,1862,1863,-1,1836,1863,1837,-1,1837,1863,1838,-1,1863,1864,1838,-1,1838,1864,1865,-1,1838,1865,1839,-1,1839,1865,1866,-1,1839,1866,1840,-1,1840,1866,1867,-1,1840,1867,1841,-1,1841,1867,1868,-1,1841,1868,1842,-1,1842,1868,1869,-1,1842,1869,1843,-1,1843,1869,1870,-1,1843,1870,1844,-1,1844,1870,1871,-1,1844,1871,1845,-1,1845,1871,1872,-1,1845,1872,1846,-1,1846,1872,1873,-1,1846,1873,1847,-1,1847,1873,1874,-1,1847,1874,1848,-1,1848,1874,1875,-1,1848,1875,1849,-1,1849,1875,1876,-1,1849,1876,1850,-1,1850,1876,1877,-1,1850,1877,1851,-1,1851,1877,1878,-1,1851,1878,1852,-1,1852,1878,1879,-1,1852,1879,1853,-1,1853,1879,1880,-1,1853,1880,1854,-1,1854,1880,1881,-1,1854,1881,1855,-1,1855,1881,1882,-1,1855,1882,1856,-1,1856,1882,1883,-1,1856,1883,1857,-1,1857,1883,1884,-1,1857,1884,1858,-1,1858,1884,1885,-1,1858,1885,1859,-1,1859,1885,1886,-1,1859,1886,1860,-1,1860,1886,1887,-1,1860,1887,1861,-1,1861,1887,1888,-1,1861,1888,1862,-1,1862,1888,1889,-1,1862,1889,1863,-1,1863,1889,1864,-1,1889,1681,1864,-1,1864,1681,1680,-1,1864,1680,1865,-1,1865,1680,1683,-1,1865,1683,1866,-1,1866,1683,1684,-1,1866,1684,1867,-1,1867,1684,1685,-1,1867,1685,1868,-1,1868,1685,1686,-1,1868,1686,1869,-1,1869,1686,1687,-1,1869,1687,1870,-1,1870,1687,1688,-1,1870,1688,1871,-1,1871,1688,1689,-1,1871,1689,1872,-1,1872,1689,1690,-1,1872,1690,1873,-1,1873,1690,1691,-1,1873,1691,1874,-1,1874,1691,1692,-1,1874,1692,1875,-1,1875,1692,1693,-1,1875,1693,1876,-1,1876,1693,1694,-1,1876,1694,1877,-1,1877,1694,1695,-1,1877,1695,1878,-1,1878,1695,1696,-1,1878,1696,1879,-1,1879,1696,1697,-1,1879,1697,1880,-1,1880,1697,1698,-1,1880,1698,1881,-1,1881,1698,1699,-1,1881,1699,1882,-1,1882,1699,1700,-1,1882,1700,1883,-1,1883,1700,1701,-1,1883,1701,1884,-1,1884,1701,1702,-1,1884,1702,1885,-1,1885,1702,1703,-1,1885,1703,1886,-1,1886,1703,1704,-1,1886,1704,1887,-1,1887,1704,1705,-1,1887,1705,1888,-1,1888,1705,1706,-1,1888,1706,1889,-1,1889,1706,1681,-1,1890,1891,1892,-1,1890,1892,1893,-1,1894,1893,1892,-1,1895,1894,1892,-1,1896,1895,1892,-1,1897,1896,1892,-1,1898,1897,1892,-1,1899,1898,1892,-1,1900,1899,1892,-1,1901,1900,1892,-1,1902,1901,1892,-1,1903,1902,1892,-1,1904,1903,1892,-1,1905,1904,1892,-1,1906,1905,1892,-1,1907,1906,1892,-1,1908,1907,1892,-1,1909,1908,1892,-1,1910,1909,1892,-1,1911,1910,1892,-1,1912,1911,1892,-1,1913,1912,1892,-1,1914,1913,1892,-1,1915,1914,1892,-1,1916,1915,1892,-1,1891,1916,1892,-1,1917,1918,1919,-1,1919,1918,1920,-1,1919,1920,1921,-1,1921,1920,1922,-1,1921,1922,1923,-1,1923,1922,1924,-1,1923,1924,1925,-1,1925,1924,1926,-1,1925,1926,1927,-1,1927,1926,1928,-1,1927,1928,1929,-1,1929,1928,1930,-1,1929,1930,1931,-1,1931,1930,1932,-1,1931,1932,1933,-1,1933,1932,1934,-1,1933,1934,1935,-1,1935,1934,1936,-1,1935,1936,1937,-1,1937,1936,1938,-1,1937,1938,1939,-1,1939,1938,1940,-1,1939,1940,1941,-1,1941,1940,1942,-1,1941,1942,1943,-1,1943,1942,1944,-1,1943,1944,1945,-1,1945,1944,1946,-1,1945,1946,1947,-1,1947,1946,1948,-1,1947,1948,1949,-1,1949,1948,1950,-1,1949,1950,1951,-1,1951,1950,1952,-1,1951,1952,1953,-1,1953,1952,1954,-1,1953,1954,1955,-1,1955,1954,1956,-1,1955,1956,1957,-1,1957,1956,1958,-1,1957,1958,1959,-1,1959,1958,1960,-1,1959,1960,1961,-1,1961,1960,1962,-1,1961,1962,1963,-1,1963,1962,1964,-1,1963,1964,1965,-1,1965,1964,1966,-1,1965,1966,1967,-1,1967,1966,1968,-1,1967,1968,1969,-1,1969,1968,1917,-1,1969,1917,1919,-1,1957,1970,1955,-1,1955,1970,1971,-1,1955,1971,1953,-1,1953,1971,1972,-1,1953,1972,1951,-1,1951,1972,1973,-1,1951,1973,1949,-1,1949,1973,1974,-1,1949,1974,1947,-1,1947,1974,1975,-1,1947,1975,1945,-1,1945,1975,1976,-1,1945,1976,1943,-1,1943,1976,1977,-1,1943,1977,1941,-1,1941,1977,1978,-1,1941,1978,1939,-1,1939,1978,1979,-1,1939,1979,1937,-1,1937,1979,1980,-1,1937,1980,1935,-1,1935,1980,1981,-1,1935,1981,1933,-1,1933,1981,1982,-1,1933,1982,1931,-1,1931,1982,1983,-1,1931,1983,1929,-1,1929,1983,1984,-1,1929,1984,1927,-1,1927,1984,1985,-1,1927,1985,1925,-1,1925,1985,1986,-1,1925,1986,1923,-1,1923,1986,1987,-1,1923,1987,1921,-1,1921,1987,1988,-1,1921,1988,1919,-1,1919,1988,1989,-1,1919,1989,1969,-1,1969,1989,1990,-1,1969,1990,1967,-1,1967,1990,1991,-1,1967,1991,1965,-1,1965,1991,1992,-1,1965,1992,1963,-1,1963,1992,1993,-1,1963,1993,1961,-1,1961,1993,1994,-1,1961,1994,1959,-1,1959,1994,1995,-1,1959,1995,1957,-1,1957,1995,1970,-1,1995,1996,1970,-1,1970,1996,1997,-1,1970,1997,1971,-1,1971,1997,1998,-1,1971,1998,1972,-1,1972,1998,1999,-1,1972,1999,1973,-1,1973,1999,2000,-1,1973,2000,1974,-1,1974,2000,2001,-1,1974,2001,1975,-1,1975,2001,2002,-1,1975,2002,1976,-1,1976,2002,2003,-1,1976,2003,1977,-1,1977,2003,2004,-1,1977,2004,1978,-1,1978,2004,2005,-1,1978,2005,1979,-1,1979,2005,2006,-1,1979,2006,1980,-1,1980,2006,2007,-1,1980,2007,1981,-1,1981,2007,2008,-1,1981,2008,1982,-1,1982,2008,2009,-1,1982,2009,1983,-1,1983,2009,2010,-1,1983,2010,1984,-1,1984,2010,2011,-1,1984,2011,1985,-1,1985,2011,2012,-1,1985,2012,1986,-1,1986,2012,2013,-1,1986,2013,1987,-1,1987,2013,2014,-1,1987,2014,1988,-1,1988,2014,2015,-1,1988,2015,1989,-1,1989,2015,2016,-1,1989,2016,1990,-1,1990,2016,2017,-1,1990,2017,1991,-1,1991,2017,2018,-1,1991,2018,1992,-1,1992,2018,2019,-1,1992,2019,1993,-1,1993,2019,2020,-1,1993,2020,1994,-1,1994,2020,2021,-1,1994,2021,1995,-1,1995,2021,1996,-1,2021,2022,1996,-1,1996,2022,2023,-1,1996,2023,1997,-1,1997,2023,2024,-1,1997,2024,1998,-1,1998,2024,2025,-1,1998,2025,1999,-1,1999,2025,2026,-1,1999,2026,2000,-1,2000,2026,2027,-1,2000,2027,2001,-1,2001,2027,2028,-1,2001,2028,2002,-1,2002,2028,2029,-1,2002,2029,2003,-1,2003,2029,2030,-1,2003,2030,2004,-1,2004,2030,2031,-1,2004,2031,2005,-1,2005,2031,2032,-1,2005,2032,2006,-1,2006,2032,2033,-1,2006,2033,2007,-1,2007,2033,2034,-1,2007,2034,2008,-1,2008,2034,2035,-1,2008,2035,2009,-1,2009,2035,2036,-1,2009,2036,2010,-1,2010,2036,2037,-1,2010,2037,2011,-1,2011,2037,2038,-1,2011,2038,2012,-1,2012,2038,2039,-1,2012,2039,2013,-1,2013,2039,2040,-1,2013,2040,2014,-1,2014,2040,2041,-1,2014,2041,2015,-1,2015,2041,2042,-1,2015,2042,2016,-1,2016,2042,2043,-1,2016,2043,2017,-1,2017,2043,2044,-1,2017,2044,2018,-1,2018,2044,2045,-1,2018,2045,2019,-1,2019,2045,2046,-1,2019,2046,2020,-1,2020,2046,2047,-1,2020,2047,2021,-1,2021,2047,2022,-1,2047,2048,2022,-1,2022,2048,2049,-1,2022,2049,2023,-1,2023,2049,2050,-1,2023,2050,2024,-1,2024,2050,2051,-1,2024,2051,2025,-1,2025,2051,2052,-1,2025,2052,2026,-1,2026,2052,2053,-1,2026,2053,2027,-1,2027,2053,2054,-1,2027,2054,2028,-1,2028,2054,2055,-1,2028,2055,2029,-1,2029,2055,2056,-1,2029,2056,2030,-1,2030,2056,2057,-1,2030,2057,2031,-1,2031,2057,2058,-1,2031,2058,2032,-1,2032,2058,2059,-1,2032,2059,2033,-1,2033,2059,2060,-1,2033,2060,2034,-1,2034,2060,2061,-1,2034,2061,2035,-1,2035,2061,2062,-1,2035,2062,2036,-1,2036,2062,2063,-1,2036,2063,2037,-1,2037,2063,2064,-1,2037,2064,2038,-1,2038,2064,2065,-1,2038,2065,2039,-1,2039,2065,2066,-1,2039,2066,2040,-1,2040,2066,2067,-1,2040,2067,2041,-1,2041,2067,2068,-1,2041,2068,2042,-1,2042,2068,2069,-1,2042,2069,2043,-1,2043,2069,2070,-1,2043,2070,2044,-1,2044,2070,2071,-1,2044,2071,2045,-1,2045,2071,2072,-1,2045,2072,2046,-1,2046,2072,2073,-1,2046,2073,2047,-1,2047,2073,2048,-1,2073,2074,2048,-1,2048,2074,2075,-1,2048,2075,2049,-1,2049,2075,2076,-1,2049,2076,2050,-1,2050,2076,2077,-1,2050,2077,2051,-1,2051,2077,2078,-1,2051,2078,2052,-1,2052,2078,2079,-1,2052,2079,2053,-1,2053,2079,2080,-1,2053,2080,2054,-1,2054,2080,2081,-1,2054,2081,2055,-1,2055,2081,2082,-1,2055,2082,2056,-1,2056,2082,2083,-1,2056,2083,2057,-1,2057,2083,2084,-1,2057,2084,2058,-1,2058,2084,2085,-1,2058,2085,2059,-1,2059,2085,2086,-1,2059,2086,2060,-1,2060,2086,2087,-1,2060,2087,2061,-1,2061,2087,2088,-1,2061,2088,2062,-1,2062,2088,2089,-1,2062,2089,2063,-1,2063,2089,2090,-1,2063,2090,2064,-1,2064,2090,2091,-1,2064,2091,2065,-1,2065,2091,2092,-1,2065,2092,2066,-1,2066,2092,2093,-1,2066,2093,2067,-1,2067,2093,2094,-1,2067,2094,2068,-1,2068,2094,2095,-1,2068,2095,2069,-1,2069,2095,2096,-1,2069,2096,2070,-1,2070,2096,2097,-1,2070,2097,2071,-1,2071,2097,2098,-1,2071,2098,2072,-1,2072,2098,2099,-1,2072,2099,2073,-1,2073,2099,2074,-1,2099,1891,2074,-1,2074,1891,1890,-1,2074,1890,2075,-1,2075,1890,1893,-1,2075,1893,2076,-1,2076,1893,1894,-1,2076,1894,2077,-1,2077,1894,1895,-1,2077,1895,2078,-1,2078,1895,1896,-1,2078,1896,2079,-1,2079,1896,1897,-1,2079,1897,2080,-1,2080,1897,1898,-1,2080,1898,2081,-1,2081,1898,1899,-1,2081,1899,2082,-1,2082,1899,1900,-1,2082,1900,2083,-1,2083,1900,1901,-1,2083,1901,2084,-1,2084,1901,1902,-1,2084,1902,2085,-1,2085,1902,1903,-1,2085,1903,2086,-1,2086,1903,1904,-1,2086,1904,2087,-1,2087,1904,1905,-1,2087,1905,2088,-1,2088,1905,1906,-1,2088,1906,2089,-1,2089,1906,1907,-1,2089,1907,2090,-1,2090,1907,1908,-1,2090,1908,2091,-1,2091,1908,1909,-1,2091,1909,2092,-1,2092,1909,1910,-1,2092,1910,2093,-1,2093,1910,1911,-1,2093,1911,2094,-1,2094,1911,1912,-1,2094,1912,2095,-1,2095,1912,1913,-1,2095,1913,2096,-1,2096,1913,1914,-1,2096,1914,2097,-1,2097,1914,1915,-1,2097,1915,2098,-1,2098,1915,1916,-1,2098,1916,2099,-1,2099,1916,1891,-1,2100,2101,2102,-1,2100,2102,2103,-1,2104,2103,2102,-1,2105,2104,2102,-1,2106,2105,2102,-1,2107,2106,2102,-1,2108,2107,2102,-1,2109,2108,2102,-1,2110,2109,2102,-1,2111,2110,2102,-1,2112,2111,2102,-1,2113,2112,2102,-1,2114,2113,2102,-1,2115,2114,2102,-1,2116,2115,2102,-1,2117,2116,2102,-1,2118,2117,2102,-1,2119,2118,2102,-1,2120,2119,2102,-1,2121,2120,2102,-1,2122,2121,2102,-1,2123,2122,2102,-1,2124,2123,2102,-1,2125,2124,2102,-1,2126,2125,2102,-1,2101,2126,2102,-1,2127,2128,2129,-1,2129,2128,2130,-1,2129,2130,2131,-1,2131,2130,2132,-1,2131,2132,2133,-1,2133,2132,2134,-1,2133,2134,2135,-1,2135,2134,2136,-1,2135,2136,2137,-1,2137,2136,2138,-1,2137,2138,2139,-1,2139,2138,2140,-1,2139,2140,2141,-1,2141,2140,2142,-1,2141,2142,2143,-1,2143,2142,2144,-1,2143,2144,2145,-1,2145,2144,2146,-1,2145,2146,2147,-1,2147,2146,2148,-1,2147,2148,2149,-1,2149,2148,2150,-1,2149,2150,2151,-1,2151,2150,2152,-1,2151,2152,2153,-1,2153,2152,2154,-1,2153,2154,2155,-1,2155,2154,2156,-1,2155,2156,2157,-1,2157,2156,2158,-1,2157,2158,2159,-1,2159,2158,2160,-1,2159,2160,2161,-1,2161,2160,2162,-1,2161,2162,2163,-1,2163,2162,2164,-1,2163,2164,2165,-1,2165,2164,2166,-1,2165,2166,2167,-1,2167,2166,2168,-1,2167,2168,2169,-1,2169,2168,2170,-1,2169,2170,2171,-1,2171,2170,2172,-1,2171,2172,2173,-1,2173,2172,2174,-1,2173,2174,2175,-1,2175,2174,2176,-1,2175,2176,2177,-1,2177,2176,2178,-1,2177,2178,2179,-1,2179,2178,2127,-1,2179,2127,2129,-1,2167,2180,2165,-1,2165,2180,2181,-1,2165,2181,2163,-1,2163,2181,2182,-1,2163,2182,2161,-1,2161,2182,2183,-1,2161,2183,2159,-1,2159,2183,2184,-1,2159,2184,2157,-1,2157,2184,2185,-1,2157,2185,2155,-1,2155,2185,2186,-1,2155,2186,2153,-1,2153,2186,2187,-1,2153,2187,2151,-1,2151,2187,2188,-1,2151,2188,2149,-1,2149,2188,2189,-1,2149,2189,2147,-1,2147,2189,2190,-1,2147,2190,2145,-1,2145,2190,2191,-1,2145,2191,2143,-1,2143,2191,2192,-1,2143,2192,2141,-1,2141,2192,2193,-1,2141,2193,2139,-1,2139,2193,2194,-1,2139,2194,2137,-1,2137,2194,2195,-1,2137,2195,2135,-1,2135,2195,2196,-1,2135,2196,2133,-1,2133,2196,2197,-1,2133,2197,2131,-1,2131,2197,2198,-1,2131,2198,2129,-1,2129,2198,2199,-1,2129,2199,2179,-1,2179,2199,2200,-1,2179,2200,2177,-1,2177,2200,2201,-1,2177,2201,2175,-1,2175,2201,2202,-1,2175,2202,2173,-1,2173,2202,2203,-1,2173,2203,2171,-1,2171,2203,2204,-1,2171,2204,2169,-1,2169,2204,2205,-1,2169,2205,2167,-1,2167,2205,2180,-1,2205,2206,2180,-1,2180,2206,2207,-1,2180,2207,2181,-1,2181,2207,2208,-1,2181,2208,2182,-1,2182,2208,2209,-1,2182,2209,2183,-1,2183,2209,2210,-1,2183,2210,2184,-1,2184,2210,2211,-1,2184,2211,2185,-1,2185,2211,2212,-1,2185,2212,2186,-1,2186,2212,2213,-1,2186,2213,2187,-1,2187,2213,2214,-1,2187,2214,2188,-1,2188,2214,2215,-1,2188,2215,2189,-1,2189,2215,2216,-1,2189,2216,2190,-1,2190,2216,2217,-1,2190,2217,2191,-1,2191,2217,2218,-1,2191,2218,2192,-1,2192,2218,2219,-1,2192,2219,2193,-1,2193,2219,2220,-1,2193,2220,2194,-1,2194,2220,2221,-1,2194,2221,2195,-1,2195,2221,2222,-1,2195,2222,2196,-1,2196,2222,2223,-1,2196,2223,2197,-1,2197,2223,2224,-1,2197,2224,2198,-1,2198,2224,2225,-1,2198,2225,2199,-1,2199,2225,2226,-1,2199,2226,2200,-1,2200,2226,2227,-1,2200,2227,2201,-1,2201,2227,2228,-1,2201,2228,2202,-1,2202,2228,2229,-1,2202,2229,2203,-1,2203,2229,2230,-1,2203,2230,2204,-1,2204,2230,2231,-1,2204,2231,2205,-1,2205,2231,2206,-1,2231,2232,2206,-1,2206,2232,2233,-1,2206,2233,2207,-1,2207,2233,2234,-1,2207,2234,2208,-1,2208,2234,2235,-1,2208,2235,2209,-1,2209,2235,2236,-1,2209,2236,2210,-1,2210,2236,2237,-1,2210,2237,2211,-1,2211,2237,2238,-1,2211,2238,2212,-1,2212,2238,2239,-1,2212,2239,2213,-1,2213,2239,2240,-1,2213,2240,2214,-1,2214,2240,2241,-1,2214,2241,2215,-1,2215,2241,2242,-1,2215,2242,2216,-1,2216,2242,2243,-1,2216,2243,2217,-1,2217,2243,2244,-1,2217,2244,2218,-1,2218,2244,2245,-1,2218,2245,2219,-1,2219,2245,2246,-1,2219,2246,2220,-1,2220,2246,2247,-1,2220,2247,2221,-1,2221,2247,2248,-1,2221,2248,2222,-1,2222,2248,2249,-1,2222,2249,2223,-1,2223,2249,2250,-1,2223,2250,2224,-1,2224,2250,2251,-1,2224,2251,2225,-1,2225,2251,2252,-1,2225,2252,2226,-1,2226,2252,2253,-1,2226,2253,2227,-1,2227,2253,2254,-1,2227,2254,2228,-1,2228,2254,2255,-1,2228,2255,2229,-1,2229,2255,2256,-1,2229,2256,2230,-1,2230,2256,2257,-1,2230,2257,2231,-1,2231,2257,2232,-1,2257,2258,2232,-1,2232,2258,2259,-1,2232,2259,2233,-1,2233,2259,2260,-1,2233,2260,2234,-1,2234,2260,2261,-1,2234,2261,2235,-1,2235,2261,2262,-1,2235,2262,2236,-1,2236,2262,2263,-1,2236,2263,2237,-1,2237,2263,2264,-1,2237,2264,2238,-1,2238,2264,2265,-1,2238,2265,2239,-1,2239,2265,2266,-1,2239,2266,2240,-1,2240,2266,2267,-1,2240,2267,2241,-1,2241,2267,2268,-1,2241,2268,2242,-1,2242,2268,2269,-1,2242,2269,2243,-1,2243,2269,2270,-1,2243,2270,2244,-1,2244,2270,2271,-1,2244,2271,2245,-1,2245,2271,2272,-1,2245,2272,2246,-1,2246,2272,2273,-1,2246,2273,2247,-1,2247,2273,2274,-1,2247,2274,2248,-1,2248,2274,2275,-1,2248,2275,2249,-1,2249,2275,2276,-1,2249,2276,2250,-1,2250,2276,2277,-1,2250,2277,2251,-1,2251,2277,2278,-1,2251,2278,2252,-1,2252,2278,2279,-1,2252,2279,2253,-1,2253,2279,2280,-1,2253,2280,2254,-1,2254,2280,2281,-1,2254,2281,2255,-1,2255,2281,2282,-1,2255,2282,2256,-1,2256,2282,2283,-1,2256,2283,2257,-1,2257,2283,2258,-1,2283,2284,2258,-1,2258,2284,2285,-1,2258,2285,2259,-1,2259,2285,2286,-1,2259,2286,2260,-1,2260,2286,2287,-1,2260,2287,2261,-1,2261,2287,2288,-1,2261,2288,2262,-1,2262,2288,2289,-1,2262,2289,2263,-1,2263,2289,2290,-1,2263,2290,2264,-1,2264,2290,2291,-1,2264,2291,2265,-1,2265,2291,2292,-1,2265,2292,2266,-1,2266,2292,2293,-1,2266,2293,2267,-1,2267,2293,2294,-1,2267,2294,2268,-1,2268,2294,2295,-1,2268,2295,2269,-1,2269,2295,2296,-1,2269,2296,2270,-1,2270,2296,2297,-1,2270,2297,2271,-1,2271,2297,2298,-1,2271,2298,2272,-1,2272,2298,2299,-1,2272,2299,2273,-1,2273,2299,2300,-1,2273,2300,2274,-1,2274,2300,2301,-1,2274,2301,2275,-1,2275,2301,2302,-1,2275,2302,2276,-1,2276,2302,2303,-1,2276,2303,2277,-1,2277,2303,2304,-1,2277,2304,2278,-1,2278,2304,2305,-1,2278,2305,2279,-1,2279,2305,2306,-1,2279,2306,2280,-1,2280,2306,2307,-1,2280,2307,2281,-1,2281,2307,2308,-1,2281,2308,2282,-1,2282,2308,2309,-1,2282,2309,2283,-1,2283,2309,2284,-1,2309,2101,2284,-1,2284,2101,2100,-1,2284,2100,2285,-1,2285,2100,2103,-1,2285,2103,2286,-1,2286,2103,2104,-1,2286,2104,2287,-1,2287,2104,2105,-1,2287,2105,2288,-1,2288,2105,2106,-1,2288,2106,2289,-1,2289,2106,2107,-1,2289,2107,2290,-1,2290,2107,2108,-1,2290,2108,2291,-1,2291,2108,2109,-1,2291,2109,2292,-1,2292,2109,2110,-1,2292,2110,2293,-1,2293,2110,2111,-1,2293,2111,2294,-1,2294,2111,2112,-1,2294,2112,2295,-1,2295,2112,2113,-1,2295,2113,2296,-1,2296,2113,2114,-1,2296,2114,2297,-1,2297,2114,2115,-1,2297,2115,2298,-1,2298,2115,2116,-1,2298,2116,2299,-1,2299,2116,2117,-1,2299,2117,2300,-1,2300,2117,2118,-1,2300,2118,2301,-1,2301,2118,2119,-1,2301,2119,2302,-1,2302,2119,2120,-1,2302,2120,2303,-1,2303,2120,2121,-1,2303,2121,2304,-1,2304,2121,2122,-1,2304,2122,2305,-1,2305,2122,2123,-1,2305,2123,2306,-1,2306,2123,2124,-1,2306,2124,2307,-1,2307,2124,2125,-1,2307,2125,2308,-1,2308,2125,2126,-1,2308,2126,2309,-1,2309,2126,2101,-1,2310,2311,2312,-1,2310,2312,2313,-1,2314,2313,2312,-1,2315,2314,2312,-1,2316,2315,2312,-1,2317,2316,2312,-1,2318,2317,2312,-1,2319,2318,2312,-1,2320,2319,2312,-1,2321,2320,2312,-1,2322,2321,2312,-1,2323,2322,2312,-1,2324,2323,2312,-1,2325,2324,2312,-1,2326,2325,2312,-1,2327,2326,2312,-1,2328,2327,2312,-1,2329,2328,2312,-1,2330,2329,2312,-1,2331,2330,2312,-1,2332,2331,2312,-1,2333,2332,2312,-1,2334,2333,2312,-1,2335,2334,2312,-1,2336,2335,2312,-1,2311,2336,2312,-1,2337,2338,2339,-1,2339,2338,2340,-1,2339,2340,2341,-1,2341,2340,2342,-1,2341,2342,2343,-1,2343,2342,2344,-1,2343,2344,2345,-1,2345,2344,2346,-1,2345,2346,2347,-1,2347,2346,2348,-1,2347,2348,2349,-1,2349,2348,2350,-1,2349,2350,2351,-1,2351,2350,2352,-1,2351,2352,2353,-1,2353,2352,2354,-1,2353,2354,2355,-1,2355,2354,2356,-1,2355,2356,2357,-1,2357,2356,2358,-1,2357,2358,2359,-1,2359,2358,2360,-1,2359,2360,2361,-1,2361,2360,2362,-1,2361,2362,2363,-1,2363,2362,2364,-1,2363,2364,2365,-1,2365,2364,2366,-1,2365,2366,2367,-1,2367,2366,2368,-1,2367,2368,2369,-1,2369,2368,2370,-1,2369,2370,2371,-1,2371,2370,2372,-1,2371,2372,2373,-1,2373,2372,2374,-1,2373,2374,2375,-1,2375,2374,2376,-1,2375,2376,2377,-1,2377,2376,2378,-1,2377,2378,2379,-1,2379,2378,2380,-1,2379,2380,2381,-1,2381,2380,2382,-1,2381,2382,2383,-1,2383,2382,2384,-1,2383,2384,2385,-1,2385,2384,2386,-1,2385,2386,2387,-1,2387,2386,2388,-1,2387,2388,2389,-1,2389,2388,2337,-1,2389,2337,2339,-1,2377,2390,2375,-1,2375,2390,2391,-1,2375,2391,2373,-1,2373,2391,2392,-1,2373,2392,2371,-1,2371,2392,2393,-1,2371,2393,2369,-1,2369,2393,2394,-1,2369,2394,2367,-1,2367,2394,2395,-1,2367,2395,2365,-1,2365,2395,2396,-1,2365,2396,2363,-1,2363,2396,2397,-1,2363,2397,2361,-1,2361,2397,2398,-1,2361,2398,2359,-1,2359,2398,2399,-1,2359,2399,2357,-1,2357,2399,2400,-1,2357,2400,2355,-1,2355,2400,2401,-1,2355,2401,2353,-1,2353,2401,2402,-1,2353,2402,2351,-1,2351,2402,2403,-1,2351,2403,2349,-1,2349,2403,2404,-1,2349,2404,2347,-1,2347,2404,2405,-1,2347,2405,2345,-1,2345,2405,2406,-1,2345,2406,2343,-1,2343,2406,2407,-1,2343,2407,2341,-1,2341,2407,2408,-1,2341,2408,2339,-1,2339,2408,2409,-1,2339,2409,2389,-1,2389,2409,2410,-1,2389,2410,2387,-1,2387,2410,2411,-1,2387,2411,2385,-1,2385,2411,2412,-1,2385,2412,2383,-1,2383,2412,2413,-1,2383,2413,2381,-1,2381,2413,2414,-1,2381,2414,2379,-1,2379,2414,2415,-1,2379,2415,2377,-1,2377,2415,2390,-1,2415,2416,2390,-1,2390,2416,2417,-1,2390,2417,2391,-1,2391,2417,2418,-1,2391,2418,2392,-1,2392,2418,2419,-1,2392,2419,2393,-1,2393,2419,2420,-1,2393,2420,2394,-1,2394,2420,2421,-1,2394,2421,2395,-1,2395,2421,2422,-1,2395,2422,2396,-1,2396,2422,2423,-1,2396,2423,2397,-1,2397,2423,2424,-1,2397,2424,2398,-1,2398,2424,2425,-1,2398,2425,2399,-1,2399,2425,2426,-1,2399,2426,2400,-1,2400,2426,2427,-1,2400,2427,2401,-1,2401,2427,2428,-1,2401,2428,2402,-1,2402,2428,2429,-1,2402,2429,2403,-1,2403,2429,2430,-1,2403,2430,2404,-1,2404,2430,2431,-1,2404,2431,2405,-1,2405,2431,2432,-1,2405,2432,2406,-1,2406,2432,2433,-1,2406,2433,2407,-1,2407,2433,2434,-1,2407,2434,2408,-1,2408,2434,2435,-1,2408,2435,2409,-1,2409,2435,2436,-1,2409,2436,2410,-1,2410,2436,2437,-1,2410,2437,2411,-1,2411,2437,2438,-1,2411,2438,2412,-1,2412,2438,2439,-1,2412,2439,2413,-1,2413,2439,2440,-1,2413,2440,2414,-1,2414,2440,2441,-1,2414,2441,2415,-1,2415,2441,2416,-1,2441,2442,2416,-1,2416,2442,2443,-1,2416,2443,2417,-1,2417,2443,2444,-1,2417,2444,2418,-1,2418,2444,2445,-1,2418,2445,2419,-1,2419,2445,2446,-1,2419,2446,2420,-1,2420,2446,2447,-1,2420,2447,2421,-1,2421,2447,2448,-1,2421,2448,2422,-1,2422,2448,2449,-1,2422,2449,2423,-1,2423,2449,2450,-1,2423,2450,2424,-1,2424,2450,2451,-1,2424,2451,2425,-1,2425,2451,2452,-1,2425,2452,2426,-1,2426,2452,2453,-1,2426,2453,2427,-1,2427,2453,2454,-1,2427,2454,2428,-1,2428,2454,2455,-1,2428,2455,2429,-1,2429,2455,2456,-1,2429,2456,2430,-1,2430,2456,2457,-1,2430,2457,2431,-1,2431,2457,2458,-1,2431,2458,2432,-1,2432,2458,2459,-1,2432,2459,2433,-1,2433,2459,2460,-1,2433,2460,2434,-1,2434,2460,2461,-1,2434,2461,2435,-1,2435,2461,2462,-1,2435,2462,2436,-1,2436,2462,2463,-1,2436,2463,2437,-1,2437,2463,2464,-1,2437,2464,2438,-1,2438,2464,2465,-1,2438,2465,2439,-1,2439,2465,2466,-1,2439,2466,2440,-1,2440,2466,2467,-1,2440,2467,2441,-1,2441,2467,2442,-1,2467,2468,2442,-1,2442,2468,2469,-1,2442,2469,2443,-1,2443,2469,2470,-1,2443,2470,2444,-1,2444,2470,2471,-1,2444,2471,2445,-1,2445,2471,2472,-1,2445,2472,2446,-1,2446,2472,2473,-1,2446,2473,2447,-1,2447,2473,2474,-1,2447,2474,2448,-1,2448,2474,2475,-1,2448,2475,2449,-1,2449,2475,2476,-1,2449,2476,2450,-1,2450,2476,2477,-1,2450,2477,2451,-1,2451,2477,2478,-1,2451,2478,2452,-1,2452,2478,2479,-1,2452,2479,2453,-1,2453,2479,2480,-1,2453,2480,2454,-1,2454,2480,2481,-1,2454,2481,2455,-1,2455,2481,2482,-1,2455,2482,2456,-1,2456,2482,2483,-1,2456,2483,2457,-1,2457,2483,2484,-1,2457,2484,2458,-1,2458,2484,2485,-1,2458,2485,2459,-1,2459,2485,2486,-1,2459,2486,2460,-1,2460,2486,2487,-1,2460,2487,2461,-1,2461,2487,2488,-1,2461,2488,2462,-1,2462,2488,2489,-1,2462,2489,2463,-1,2463,2489,2490,-1,2463,2490,2464,-1,2464,2490,2491,-1,2464,2491,2465,-1,2465,2491,2492,-1,2465,2492,2466,-1,2466,2492,2493,-1,2466,2493,2467,-1,2467,2493,2468,-1,2493,2494,2468,-1,2468,2494,2495,-1,2468,2495,2469,-1,2469,2495,2496,-1,2469,2496,2470,-1,2470,2496,2497,-1,2470,2497,2471,-1,2471,2497,2498,-1,2471,2498,2472,-1,2472,2498,2499,-1,2472,2499,2473,-1,2473,2499,2500,-1,2473,2500,2474,-1,2474,2500,2501,-1,2474,2501,2475,-1,2475,2501,2502,-1,2475,2502,2476,-1,2476,2502,2503,-1,2476,2503,2477,-1,2477,2503,2504,-1,2477,2504,2478,-1,2478,2504,2505,-1,2478,2505,2479,-1,2479,2505,2506,-1,2479,2506,2480,-1,2480,2506,2507,-1,2480,2507,2481,-1,2481,2507,2508,-1,2481,2508,2482,-1,2482,2508,2509,-1,2482,2509,2483,-1,2483,2509,2510,-1,2483,2510,2484,-1,2484,2510,2511,-1,2484,2511,2485,-1,2485,2511,2512,-1,2485,2512,2486,-1,2486,2512,2513,-1,2486,2513,2487,-1,2487,2513,2514,-1,2487,2514,2488,-1,2488,2514,2515,-1,2488,2515,2489,-1,2489,2515,2516,-1,2489,2516,2490,-1,2490,2516,2517,-1,2490,2517,2491,-1,2491,2517,2518,-1,2491,2518,2492,-1,2492,2518,2519,-1,2492,2519,2493,-1,2493,2519,2494,-1,2519,2311,2494,-1,2494,2311,2310,-1,2494,2310,2495,-1,2495,2310,2313,-1,2495,2313,2496,-1,2496,2313,2314,-1,2496,2314,2497,-1,2497,2314,2315,-1,2497,2315,2498,-1,2498,2315,2316,-1,2498,2316,2499,-1,2499,2316,2317,-1,2499,2317,2500,-1,2500,2317,2318,-1,2500,2318,2501,-1,2501,2318,2319,-1,2501,2319,2502,-1,2502,2319,2320,-1,2502,2320,2503,-1,2503,2320,2321,-1,2503,2321,2504,-1,2504,2321,2322,-1,2504,2322,2505,-1,2505,2322,2323,-1,2505,2323,2506,-1,2506,2323,2324,-1,2506,2324,2507,-1,2507,2324,2325,-1,2507,2325,2508,-1,2508,2325,2326,-1,2508,2326,2509,-1,2509,2326,2327,-1,2509,2327,2510,-1,2510,2327,2328,-1,2510,2328,2511,-1,2511,2328,2329,-1,2511,2329,2512,-1,2512,2329,2330,-1,2512,2330,2513,-1,2513,2330,2331,-1,2513,2331,2514,-1,2514,2331,2332,-1,2514,2332,2515,-1,2515,2332,2333,-1,2515,2333,2516,-1,2516,2333,2334,-1,2516,2334,2517,-1,2517,2334,2335,-1,2517,2335,2518,-1,2518,2335,2336,-1,2518,2336,2519,-1,2519,2336,2311,-1,2520,2521,2522,-1,2520,2522,2523,-1,2524,2523,2522,-1,2525,2524,2522,-1,2526,2525,2522,-1,2527,2526,2522,-1,2528,2527,2522,-1,2529,2528,2522,-1,2530,2529,2522,-1,2531,2530,2522,-1,2532,2531,2522,-1,2533,2532,2522,-1,2534,2533,2522,-1,2535,2534,2522,-1,2536,2535,2522,-1,2537,2536,2522,-1,2538,2537,2522,-1,2539,2538,2522,-1,2540,2539,2522,-1,2541,2540,2522,-1,2542,2541,2522,-1,2543,2542,2522,-1,2544,2543,2522,-1,2545,2544,2522,-1,2546,2545,2522,-1,2521,2546,2522,-1,2547,2548,2549,-1,2549,2548,2550,-1,2549,2550,2551,-1,2551,2550,2552,-1,2551,2552,2553,-1,2553,2552,2554,-1,2553,2554,2555,-1,2555,2554,2556,-1,2555,2556,2557,-1,2557,2556,2558,-1,2557,2558,2559,-1,2559,2558,2560,-1,2559,2560,2561,-1,2561,2560,2562,-1,2561,2562,2563,-1,2563,2562,2564,-1,2563,2564,2565,-1,2565,2564,2566,-1,2565,2566,2567,-1,2567,2566,2568,-1,2567,2568,2569,-1,2569,2568,2570,-1,2569,2570,2571,-1,2571,2570,2572,-1,2571,2572,2573,-1,2573,2572,2574,-1,2573,2574,2575,-1,2575,2574,2576,-1,2575,2576,2577,-1,2577,2576,2578,-1,2577,2578,2579,-1,2579,2578,2580,-1,2579,2580,2581,-1,2581,2580,2582,-1,2581,2582,2583,-1,2583,2582,2584,-1,2583,2584,2585,-1,2585,2584,2586,-1,2585,2586,2587,-1,2587,2586,2588,-1,2587,2588,2589,-1,2589,2588,2590,-1,2589,2590,2591,-1,2591,2590,2592,-1,2591,2592,2593,-1,2593,2592,2594,-1,2593,2594,2595,-1,2595,2594,2596,-1,2595,2596,2597,-1,2597,2596,2598,-1,2597,2598,2599,-1,2599,2598,2547,-1,2599,2547,2549,-1,2587,2600,2585,-1,2585,2600,2601,-1,2585,2601,2583,-1,2583,2601,2602,-1,2583,2602,2581,-1,2581,2602,2603,-1,2581,2603,2579,-1,2579,2603,2604,-1,2579,2604,2577,-1,2577,2604,2605,-1,2577,2605,2575,-1,2575,2605,2606,-1,2575,2606,2573,-1,2573,2606,2607,-1,2573,2607,2571,-1,2571,2607,2608,-1,2571,2608,2569,-1,2569,2608,2609,-1,2569,2609,2567,-1,2567,2609,2610,-1,2567,2610,2565,-1,2565,2610,2611,-1,2565,2611,2563,-1,2563,2611,2612,-1,2563,2612,2561,-1,2561,2612,2613,-1,2561,2613,2559,-1,2559,2613,2614,-1,2559,2614,2557,-1,2557,2614,2615,-1,2557,2615,2555,-1,2555,2615,2616,-1,2555,2616,2553,-1,2553,2616,2617,-1,2553,2617,2551,-1,2551,2617,2618,-1,2551,2618,2549,-1,2549,2618,2619,-1,2549,2619,2599,-1,2599,2619,2620,-1,2599,2620,2597,-1,2597,2620,2621,-1,2597,2621,2595,-1,2595,2621,2622,-1,2595,2622,2593,-1,2593,2622,2623,-1,2593,2623,2591,-1,2591,2623,2624,-1,2591,2624,2589,-1,2589,2624,2625,-1,2589,2625,2587,-1,2587,2625,2600,-1,2625,2626,2600,-1,2600,2626,2627,-1,2600,2627,2601,-1,2601,2627,2628,-1,2601,2628,2602,-1,2602,2628,2629,-1,2602,2629,2603,-1,2603,2629,2630,-1,2603,2630,2604,-1,2604,2630,2631,-1,2604,2631,2605,-1,2605,2631,2632,-1,2605,2632,2606,-1,2606,2632,2633,-1,2606,2633,2607,-1,2607,2633,2634,-1,2607,2634,2608,-1,2608,2634,2635,-1,2608,2635,2609,-1,2609,2635,2636,-1,2609,2636,2610,-1,2610,2636,2637,-1,2610,2637,2611,-1,2611,2637,2638,-1,2611,2638,2612,-1,2612,2638,2639,-1,2612,2639,2613,-1,2613,2639,2640,-1,2613,2640,2614,-1,2614,2640,2641,-1,2614,2641,2615,-1,2615,2641,2642,-1,2615,2642,2616,-1,2616,2642,2643,-1,2616,2643,2617,-1,2617,2643,2644,-1,2617,2644,2618,-1,2618,2644,2645,-1,2618,2645,2619,-1,2619,2645,2646,-1,2619,2646,2620,-1,2620,2646,2647,-1,2620,2647,2621,-1,2621,2647,2648,-1,2621,2648,2622,-1,2622,2648,2649,-1,2622,2649,2623,-1,2623,2649,2650,-1,2623,2650,2624,-1,2624,2650,2651,-1,2624,2651,2625,-1,2625,2651,2626,-1,2651,2652,2626,-1,2626,2652,2653,-1,2626,2653,2627,-1,2627,2653,2654,-1,2627,2654,2628,-1,2628,2654,2655,-1,2628,2655,2629,-1,2629,2655,2656,-1,2629,2656,2630,-1,2630,2656,2657,-1,2630,2657,2631,-1,2631,2657,2658,-1,2631,2658,2632,-1,2632,2658,2659,-1,2632,2659,2633,-1,2633,2659,2660,-1,2633,2660,2634,-1,2634,2660,2661,-1,2634,2661,2635,-1,2635,2661,2662,-1,2635,2662,2636,-1,2636,2662,2663,-1,2636,2663,2637,-1,2637,2663,2664,-1,2637,2664,2638,-1,2638,2664,2665,-1,2638,2665,2639,-1,2639,2665,2666,-1,2639,2666,2640,-1,2640,2666,2667,-1,2640,2667,2641,-1,2641,2667,2668,-1,2641,2668,2642,-1,2642,2668,2669,-1,2642,2669,2643,-1,2643,2669,2670,-1,2643,2670,2644,-1,2644,2670,2671,-1,2644,2671,2645,-1,2645,2671,2672,-1,2645,2672,2646,-1,2646,2672,2673,-1,2646,2673,2647,-1,2647,2673,2674,-1,2647,2674,2648,-1,2648,2674,2675,-1,2648,2675,2649,-1,2649,2675,2676,-1,2649,2676,2650,-1,2650,2676,2677,-1,2650,2677,2651,-1,2651,2677,2652,-1,2677,2678,2652,-1,2652,2678,2679,-1,2652,2679,2653,-1,2653,2679,2680,-1,2653,2680,2654,-1,2654,2680,2681,-1,2654,2681,2655,-1,2655,2681,2682,-1,2655,2682,2656,-1,2656,2682,2683,-1,2656,2683,2657,-1,2657,2683,2684,-1,2657,2684,2658,-1,2658,2684,2685,-1,2658,2685,2659,-1,2659,2685,2686,-1,2659,2686,2660,-1,2660,2686,2687,-1,2660,2687,2661,-1,2661,2687,2688,-1,2661,2688,2662,-1,2662,2688,2689,-1,2662,2689,2663,-1,2663,2689,2690,-1,2663,2690,2664,-1,2664,2690,2691,-1,2664,2691,2665,-1,2665,2691,2692,-1,2665,2692,2666,-1,2666,2692,2693,-1,2666,2693,2667,-1,2667,2693,2694,-1,2667,2694,2668,-1,2668,2694,2695,-1,2668,2695,2669,-1,2669,2695,2696,-1,2669,2696,2670,-1,2670,2696,2697,-1,2670,2697,2671,-1,2671,2697,2698,-1,2671,2698,2672,-1,2672,2698,2699,-1,2672,2699,2673,-1,2673,2699,2700,-1,2673,2700,2674,-1,2674,2700,2701,-1,2674,2701,2675,-1,2675,2701,2702,-1,2675,2702,2676,-1,2676,2702,2703,-1,2676,2703,2677,-1,2677,2703,2678,-1,2703,2704,2678,-1,2678,2704,2705,-1,2678,2705,2679,-1,2679,2705,2706,-1,2679,2706,2680,-1,2680,2706,2707,-1,2680,2707,2681,-1,2681,2707,2708,-1,2681,2708,2682,-1,2682,2708,2709,-1,2682,2709,2683,-1,2683,2709,2710,-1,2683,2710,2684,-1,2684,2710,2711,-1,2684,2711,2685,-1,2685,2711,2712,-1,2685,2712,2686,-1,2686,2712,2713,-1,2686,2713,2687,-1,2687,2713,2714,-1,2687,2714,2688,-1,2688,2714,2715,-1,2688,2715,2689,-1,2689,2715,2716,-1,2689,2716,2690,-1,2690,2716,2717,-1,2690,2717,2691,-1,2691,2717,2718,-1,2691,2718,2692,-1,2692,2718,2719,-1,2692,2719,2693,-1,2693,2719,2720,-1,2693,2720,2694,-1,2694,2720,2721,-1,2694,2721,2695,-1,2695,2721,2722,-1,2695,2722,2696,-1,2696,2722,2723,-1,2696,2723,2697,-1,2697,2723,2724,-1,2697,2724,2698,-1,2698,2724,2725,-1,2698,2725,2699,-1,2699,2725,2726,-1,2699,2726,2700,-1,2700,2726,2727,-1,2700,2727,2701,-1,2701,2727,2728,-1,2701,2728,2702,-1,2702,2728,2729,-1,2702,2729,2703,-1,2703,2729,2704,-1,2729,2521,2704,-1,2704,2521,2520,-1,2704,2520,2705,-1,2705,2520,2523,-1,2705,2523,2706,-1,2706,2523,2524,-1,2706,2524,2707,-1,2707,2524,2525,-1,2707,2525,2708,-1,2708,2525,2526,-1,2708,2526,2709,-1,2709,2526,2527,-1,2709,2527,2710,-1,2710,2527,2528,-1,2710,2528,2711,-1,2711,2528,2529,-1,2711,2529,2712,-1,2712,2529,2530,-1,2712,2530,2713,-1,2713,2530,2531,-1,2713,2531,2714,-1,2714,2531,2532,-1,2714,2532,2715,-1,2715,2532,2533,-1,2715,2533,2716,-1,2716,2533,2534,-1,2716,2534,2717,-1,2717,2534,2535,-1,2717,2535,2718,-1,2718,2535,2536,-1,2718,2536,2719,-1,2719,2536,2537,-1,2719,2537,2720,-1,2720,2537,2538,-1,2720,2538,2721,-1,2721,2538,2539,-1,2721,2539,2722,-1,2722,2539,2540,-1,2722,2540,2723,-1,2723,2540,2541,-1,2723,2541,2724,-1,2724,2541,2542,-1,2724,2542,2725,-1,2725,2542,2543,-1,2725,2543,2726,-1,2726,2543,2544,-1,2726,2544,2727,-1,2727,2544,2545,-1,2727,2545,2728,-1,2728,2545,2546,-1,2728,2546,2729,-1,2729,2546,2521,-1,2730,2731,2732,-1,2730,2732,2733,-1,2734,2733,2732,-1,2735,2734,2732,-1,2736,2735,2732,-1,2737,2736,2732,-1,2738,2737,2732,-1,2739,2738,2732,-1,2740,2739,2732,-1,2741,2740,2732,-1,2742,2741,2732,-1,2743,2742,2732,-1,2744,2743,2732,-1,2745,2744,2732,-1,2746,2745,2732,-1,2747,2746,2732,-1,2748,2747,2732,-1,2749,2748,2732,-1,2750,2749,2732,-1,2751,2750,2732,-1,2752,2751,2732,-1,2753,2752,2732,-1,2754,2753,2732,-1,2755,2754,2732,-1,2756,2755,2732,-1,2731,2756,2732,-1,2757,2758,2759,-1,2759,2758,2760,-1,2759,2760,2761,-1,2761,2760,2762,-1,2761,2762,2763,-1,2763,2762,2764,-1,2763,2764,2765,-1,2765,2764,2766,-1,2765,2766,2767,-1,2767,2766,2768,-1,2767,2768,2769,-1,2769,2768,2770,-1,2769,2770,2771,-1,2771,2770,2772,-1,2771,2772,2773,-1,2773,2772,2774,-1,2773,2774,2775,-1,2775,2774,2776,-1,2775,2776,2777,-1,2777,2776,2778,-1,2777,2778,2779,-1,2779,2778,2780,-1,2779,2780,2781,-1,2781,2780,2782,-1,2781,2782,2783,-1,2783,2782,2784,-1,2783,2784,2785,-1,2785,2784,2786,-1,2785,2786,2787,-1,2787,2786,2788,-1,2787,2788,2789,-1,2789,2788,2790,-1,2789,2790,2791,-1,2791,2790,2792,-1,2791,2792,2793,-1,2793,2792,2794,-1,2793,2794,2795,-1,2795,2794,2796,-1,2795,2796,2797,-1,2797,2796,2798,-1,2797,2798,2799,-1,2799,2798,2800,-1,2799,2800,2801,-1,2801,2800,2802,-1,2801,2802,2803,-1,2803,2802,2804,-1,2803,2804,2805,-1,2805,2804,2806,-1,2805,2806,2807,-1,2807,2806,2808,-1,2807,2808,2809,-1,2809,2808,2757,-1,2809,2757,2759,-1,2797,2810,2795,-1,2795,2810,2811,-1,2795,2811,2793,-1,2793,2811,2812,-1,2793,2812,2791,-1,2791,2812,2813,-1,2791,2813,2789,-1,2789,2813,2814,-1,2789,2814,2787,-1,2787,2814,2815,-1,2787,2815,2785,-1,2785,2815,2816,-1,2785,2816,2783,-1,2783,2816,2817,-1,2783,2817,2781,-1,2781,2817,2818,-1,2781,2818,2779,-1,2779,2818,2819,-1,2779,2819,2777,-1,2777,2819,2820,-1,2777,2820,2775,-1,2775,2820,2821,-1,2775,2821,2773,-1,2773,2821,2822,-1,2773,2822,2771,-1,2771,2822,2823,-1,2771,2823,2769,-1,2769,2823,2824,-1,2769,2824,2767,-1,2767,2824,2825,-1,2767,2825,2765,-1,2765,2825,2826,-1,2765,2826,2763,-1,2763,2826,2827,-1,2763,2827,2761,-1,2761,2827,2828,-1,2761,2828,2759,-1,2759,2828,2829,-1,2759,2829,2809,-1,2809,2829,2830,-1,2809,2830,2807,-1,2807,2830,2831,-1,2807,2831,2805,-1,2805,2831,2832,-1,2805,2832,2803,-1,2803,2832,2833,-1,2803,2833,2801,-1,2801,2833,2834,-1,2801,2834,2799,-1,2799,2834,2835,-1,2799,2835,2797,-1,2797,2835,2810,-1,2835,2836,2810,-1,2810,2836,2837,-1,2810,2837,2811,-1,2811,2837,2838,-1,2811,2838,2812,-1,2812,2838,2839,-1,2812,2839,2813,-1,2813,2839,2840,-1,2813,2840,2814,-1,2814,2840,2841,-1,2814,2841,2815,-1,2815,2841,2842,-1,2815,2842,2816,-1,2816,2842,2843,-1,2816,2843,2817,-1,2817,2843,2844,-1,2817,2844,2818,-1,2818,2844,2845,-1,2818,2845,2819,-1,2819,2845,2846,-1,2819,2846,2820,-1,2820,2846,2847,-1,2820,2847,2821,-1,2821,2847,2848,-1,2821,2848,2822,-1,2822,2848,2849,-1,2822,2849,2823,-1,2823,2849,2850,-1,2823,2850,2824,-1,2824,2850,2851,-1,2824,2851,2825,-1,2825,2851,2852,-1,2825,2852,2826,-1,2826,2852,2853,-1,2826,2853,2827,-1,2827,2853,2854,-1,2827,2854,2828,-1,2828,2854,2855,-1,2828,2855,2829,-1,2829,2855,2856,-1,2829,2856,2830,-1,2830,2856,2857,-1,2830,2857,2831,-1,2831,2857,2858,-1,2831,2858,2832,-1,2832,2858,2859,-1,2832,2859,2833,-1,2833,2859,2860,-1,2833,2860,2834,-1,2834,2860,2861,-1,2834,2861,2835,-1,2835,2861,2836,-1,2861,2862,2836,-1,2836,2862,2863,-1,2836,2863,2837,-1,2837,2863,2864,-1,2837,2864,2838,-1,2838,2864,2865,-1,2838,2865,2839,-1,2839,2865,2866,-1,2839,2866,2840,-1,2840,2866,2867,-1,2840,2867,2841,-1,2841,2867,2868,-1,2841,2868,2842,-1,2842,2868,2869,-1,2842,2869,2843,-1,2843,2869,2870,-1,2843,2870,2844,-1,2844,2870,2871,-1,2844,2871,2845,-1,2845,2871,2872,-1,2845,2872,2846,-1,2846,2872,2873,-1,2846,2873,2847,-1,2847,2873,2874,-1,2847,2874,2848,-1,2848,2874,2875,-1,2848,2875,2849,-1,2849,2875,2876,-1,2849,2876,2850,-1,2850,2876,2877,-1,2850,2877,2851,-1,2851,2877,2878,-1,2851,2878,2852,-1,2852,2878,2879,-1,2852,2879,2853,-1,2853,2879,2880,-1,2853,2880,2854,-1,2854,2880,2881,-1,2854,2881,2855,-1,2855,2881,2882,-1,2855,2882,2856,-1,2856,2882,2883,-1,2856,2883,2857,-1,2857,2883,2884,-1,2857,2884,2858,-1,2858,2884,2885,-1,2858,2885,2859,-1,2859,2885,2886,-1,2859,2886,2860,-1,2860,2886,2887,-1,2860,2887,2861,-1,2861,2887,2862,-1,2887,2888,2862,-1,2862,2888,2889,-1,2862,2889,2863,-1,2863,2889,2890,-1,2863,2890,2864,-1,2864,2890,2891,-1,2864,2891,2865,-1,2865,2891,2892,-1,2865,2892,2866,-1,2866,2892,2893,-1,2866,2893,2867,-1,2867,2893,2894,-1,2867,2894,2868,-1,2868,2894,2895,-1,2868,2895,2869,-1,2869,2895,2896,-1,2869,2896,2870,-1,2870,2896,2897,-1,2870,2897,2871,-1,2871,2897,2898,-1,2871,2898,2872,-1,2872,2898,2899,-1,2872,2899,2873,-1,2873,2899,2900,-1,2873,2900,2874,-1,2874,2900,2901,-1,2874,2901,2875,-1,2875,2901,2902,-1,2875,2902,2876,-1,2876,2902,2903,-1,2876,2903,2877,-1,2877,2903,2904,-1,2877,2904,2878,-1,2878,2904,2905,-1,2878,2905,2879,-1,2879,2905,2906,-1,2879,2906,2880,-1,2880,2906,2907,-1,2880,2907,2881,-1,2881,2907,2908,-1,2881,2908,2882,-1,2882,2908,2909,-1,2882,2909,2883,-1,2883,2909,2910,-1,2883,2910,2884,-1,2884,2910,2911,-1,2884,2911,2885,-1,2885,2911,2912,-1,2885,2912,2886,-1,2886,2912,2913,-1,2886,2913,2887,-1,2887,2913,2888,-1,2913,2914,2888,-1,2888,2914,2915,-1,2888,2915,2889,-1,2889,2915,2916,-1,2889,2916,2890,-1,2890,2916,2917,-1,2890,2917,2891,-1,2891,2917,2918,-1,2891,2918,2892,-1,2892,2918,2919,-1,2892,2919,2893,-1,2893,2919,2920,-1,2893,2920,2894,-1,2894,2920,2921,-1,2894,2921,2895,-1,2895,2921,2922,-1,2895,2922,2896,-1,2896,2922,2923,-1,2896,2923,2897,-1,2897,2923,2924,-1,2897,2924,2898,-1,2898,2924,2925,-1,2898,2925,2899,-1,2899,2925,2926,-1,2899,2926,2900,-1,2900,2926,2927,-1,2900,2927,2901,-1,2901,2927,2928,-1,2901,2928,2902,-1,2902,2928,2929,-1,2902,2929,2903,-1,2903,2929,2930,-1,2903,2930,2904,-1,2904,2930,2931,-1,2904,2931,2905,-1,2905,2931,2932,-1,2905,2932,2906,-1,2906,2932,2933,-1,2906,2933,2907,-1,2907,2933,2934,-1,2907,2934,2908,-1,2908,2934,2935,-1,2908,2935,2909,-1,2909,2935,2936,-1,2909,2936,2910,-1,2910,2936,2937,-1,2910,2937,2911,-1,2911,2937,2938,-1,2911,2938,2912,-1,2912,2938,2939,-1,2912,2939,2913,-1,2913,2939,2914,-1,2939,2731,2914,-1,2914,2731,2730,-1,2914,2730,2915,-1,2915,2730,2733,-1,2915,2733,2916,-1,2916,2733,2734,-1,2916,2734,2917,-1,2917,2734,2735,-1,2917,2735,2918,-1,2918,2735,2736,-1,2918,2736,2919,-1,2919,2736,2737,-1,2919,2737,2920,-1,2920,2737,2738,-1,2920,2738,2921,-1,2921,2738,2739,-1,2921,2739,2922,-1,2922,2739,2740,-1,2922,2740,2923,-1,2923,2740,2741,-1,2923,2741,2924,-1,2924,2741,2742,-1,2924,2742,2925,-1,2925,2742,2743,-1,2925,2743,2926,-1,2926,2743,2744,-1,2926,2744,2927,-1,2927,2744,2745,-1,2927,2745,2928,-1,2928,2745,2746,-1,2928,2746,2929,-1,2929,2746,2747,-1,2929,2747,2930,-1,2930,2747,2748,-1,2930,2748,2931,-1,2931,2748,2749,-1,2931,2749,2932,-1,2932,2749,2750,-1,2932,2750,2933,-1,2933,2750,2751,-1,2933,2751,2934,-1,2934,2751,2752,-1,2934,2752,2935,-1,2935,2752,2753,-1,2935,2753,2936,-1,2936,2753,2754,-1,2936,2754,2937,-1,2937,2754,2755,-1,2937,2755,2938,-1,2938,2755,2756,-1,2938,2756,2939,-1,2939,2756,2731,-1,2940,2941,2942,-1,2940,2942,2943,-1,2944,2943,2942,-1,2945,2944,2942,-1,2946,2945,2942,-1,2947,2946,2942,-1,2948,2947,2942,-1,2949,2948,2942,-1,2950,2949,2942,-1,2951,2950,2942,-1,2952,2951,2942,-1,2953,2952,2942,-1,2954,2953,2942,-1,2955,2954,2942,-1,2956,2955,2942,-1,2957,2956,2942,-1,2958,2957,2942,-1,2959,2958,2942,-1,2960,2959,2942,-1,2961,2960,2942,-1,2962,2961,2942,-1,2963,2962,2942,-1,2964,2963,2942,-1,2965,2964,2942,-1,2966,2965,2942,-1,2941,2966,2942,-1,2967,2968,2969,-1,2969,2968,2970,-1,2969,2970,2971,-1,2971,2970,2972,-1,2971,2972,2973,-1,2973,2972,2974,-1,2973,2974,2975,-1,2975,2974,2976,-1,2975,2976,2977,-1,2977,2976,2978,-1,2977,2978,2979,-1,2979,2978,2980,-1,2979,2980,2981,-1,2981,2980,2982,-1,2981,2982,2983,-1,2983,2982,2984,-1,2983,2984,2985,-1,2985,2984,2986,-1,2985,2986,2987,-1,2987,2986,2988,-1,2987,2988,2989,-1,2989,2988,2990,-1,2989,2990,2991,-1,2991,2990,2992,-1,2991,2992,2993,-1,2993,2992,2994,-1,2993,2994,2995,-1,2995,2994,2996,-1,2995,2996,2997,-1,2997,2996,2998,-1,2997,2998,2999,-1,2999,2998,3000,-1,2999,3000,3001,-1,3001,3000,3002,-1,3001,3002,3003,-1,3003,3002,3004,-1,3003,3004,3005,-1,3005,3004,3006,-1,3005,3006,3007,-1,3007,3006,3008,-1,3007,3008,3009,-1,3009,3008,3010,-1,3009,3010,3011,-1,3011,3010,3012,-1,3011,3012,3013,-1,3013,3012,3014,-1,3013,3014,3015,-1,3015,3014,3016,-1,3015,3016,3017,-1,3017,3016,3018,-1,3017,3018,3019,-1,3019,3018,2967,-1,3019,2967,2969,-1,3007,3020,3005,-1,3005,3020,3021,-1,3005,3021,3003,-1,3003,3021,3022,-1,3003,3022,3001,-1,3001,3022,3023,-1,3001,3023,2999,-1,2999,3023,3024,-1,2999,3024,2997,-1,2997,3024,3025,-1,2997,3025,2995,-1,2995,3025,3026,-1,2995,3026,2993,-1,2993,3026,3027,-1,2993,3027,2991,-1,2991,3027,3028,-1,2991,3028,2989,-1,2989,3028,3029,-1,2989,3029,2987,-1,2987,3029,3030,-1,2987,3030,2985,-1,2985,3030,3031,-1,2985,3031,2983,-1,2983,3031,3032,-1,2983,3032,2981,-1,2981,3032,3033,-1,2981,3033,2979,-1,2979,3033,3034,-1,2979,3034,2977,-1,2977,3034,3035,-1,2977,3035,2975,-1,2975,3035,3036,-1,2975,3036,2973,-1,2973,3036,3037,-1,2973,3037,2971,-1,2971,3037,3038,-1,2971,3038,2969,-1,2969,3038,3039,-1,2969,3039,3019,-1,3019,3039,3040,-1,3019,3040,3017,-1,3017,3040,3041,-1,3017,3041,3015,-1,3015,3041,3042,-1,3015,3042,3013,-1,3013,3042,3043,-1,3013,3043,3011,-1,3011,3043,3044,-1,3011,3044,3009,-1,3009,3044,3045,-1,3009,3045,3007,-1,3007,3045,3020,-1,3045,3046,3020,-1,3020,3046,3047,-1,3020,3047,3021,-1,3021,3047,3048,-1,3021,3048,3022,-1,3022,3048,3049,-1,3022,3049,3023,-1,3023,3049,3050,-1,3023,3050,3024,-1,3024,3050,3051,-1,3024,3051,3025,-1,3025,3051,3052,-1,3025,3052,3026,-1,3026,3052,3053,-1,3026,3053,3027,-1,3027,3053,3054,-1,3027,3054,3028,-1,3028,3054,3055,-1,3028,3055,3029,-1,3029,3055,3056,-1,3029,3056,3030,-1,3030,3056,3057,-1,3030,3057,3031,-1,3031,3057,3058,-1,3031,3058,3032,-1,3032,3058,3059,-1,3032,3059,3033,-1,3033,3059,3060,-1,3033,3060,3034,-1,3034,3060,3061,-1,3034,3061,3035,-1,3035,3061,3062,-1,3035,3062,3036,-1,3036,3062,3063,-1,3036,3063,3037,-1,3037,3063,3064,-1,3037,3064,3038,-1,3038,3064,3065,-1,3038,3065,3039,-1,3039,3065,3066,-1,3039,3066,3040,-1,3040,3066,3067,-1,3040,3067,3041,-1,3041,3067,3068,-1,3041,3068,3042,-1,3042,3068,3069,-1,3042,3069,3043,-1,3043,3069,3070,-1,3043,3070,3044,-1,3044,3070,3071,-1,3044,3071,3045,-1,3045,3071,3046,-1,3071,3072,3046,-1,3046,3072,3073,-1,3046,3073,3047,-1,3047,3073,3074,-1,3047,3074,3048,-1,3048,3074,3075,-1,3048,3075,3049,-1,3049,3075,3076,-1,3049,3076,3050,-1,3050,3076,3077,-1,3050,3077,3051,-1,3051,3077,3078,-1,3051,3078,3052,-1,3052,3078,3079,-1,3052,3079,3053,-1,3053,3079,3080,-1,3053,3080,3054,-1,3054,3080,3081,-1,3054,3081,3055,-1,3055,3081,3082,-1,3055,3082,3056,-1,3056,3082,3083,-1,3056,3083,3057,-1,3057,3083,3084,-1,3057,3084,3058,-1,3058,3084,3085,-1,3058,3085,3059,-1,3059,3085,3086,-1,3059,3086,3060,-1,3060,3086,3087,-1,3060,3087,3061,-1,3061,3087,3088,-1,3061,3088,3062,-1,3062,3088,3089,-1,3062,3089,3063,-1,3063,3089,3090,-1,3063,3090,3064,-1,3064,3090,3091,-1,3064,3091,3065,-1,3065,3091,3092,-1,3065,3092,3066,-1,3066,3092,3093,-1,3066,3093,3067,-1,3067,3093,3094,-1,3067,3094,3068,-1,3068,3094,3095,-1,3068,3095,3069,-1,3069,3095,3096,-1,3069,3096,3070,-1,3070,3096,3097,-1,3070,3097,3071,-1,3071,3097,3072,-1,3097,3098,3072,-1,3072,3098,3099,-1,3072,3099,3073,-1,3073,3099,3100,-1,3073,3100,3074,-1,3074,3100,3101,-1,3074,3101,3075,-1,3075,3101,3102,-1,3075,3102,3076,-1,3076,3102,3103,-1,3076,3103,3077,-1,3077,3103,3104,-1,3077,3104,3078,-1,3078,3104,3105,-1,3078,3105,3079,-1,3079,3105,3106,-1,3079,3106,3080,-1,3080,3106,3107,-1,3080,3107,3081,-1,3081,3107,3108,-1,3081,3108,3082,-1,3082,3108,3109,-1,3082,3109,3083,-1,3083,3109,3110,-1,3083,3110,3084,-1,3084,3110,3111,-1,3084,3111,3085,-1,3085,3111,3112,-1,3085,3112,3086,-1,3086,3112,3113,-1,3086,3113,3087,-1,3087,3113,3114,-1,3087,3114,3088,-1,3088,3114,3115,-1,3088,3115,3089,-1,3089,3115,3116,-1,3089,3116,3090,-1,3090,3116,3117,-1,3090,3117,3091,-1,3091,3117,3118,-1,3091,3118,3092,-1,3092,3118,3119,-1,3092,3119,3093,-1,3093,3119,3120,-1,3093,3120,3094,-1,3094,3120,3121,-1,3094,3121,3095,-1,3095,3121,3122,-1,3095,3122,3096,-1,3096,3122,3123,-1,3096,3123,3097,-1,3097,3123,3098,-1,3123,3124,3098,-1,3098,3124,3125,-1,3098,3125,3099,-1,3099,3125,3126,-1,3099,3126,3100,-1,3100,3126,3127,-1,3100,3127,3101,-1,3101,3127,3128,-1,3101,3128,3102,-1,3102,3128,3129,-1,3102,3129,3103,-1,3103,3129,3130,-1,3103,3130,3104,-1,3104,3130,3131,-1,3104,3131,3105,-1,3105,3131,3132,-1,3105,3132,3106,-1,3106,3132,3133,-1,3106,3133,3107,-1,3107,3133,3134,-1,3107,3134,3108,-1,3108,3134,3135,-1,3108,3135,3109,-1,3109,3135,3136,-1,3109,3136,3110,-1,3110,3136,3137,-1,3110,3137,3111,-1,3111,3137,3138,-1,3111,3138,3112,-1,3112,3138,3139,-1,3112,3139,3113,-1,3113,3139,3140,-1,3113,3140,3114,-1,3114,3140,3141,-1,3114,3141,3115,-1,3115,3141,3142,-1,3115,3142,3116,-1,3116,3142,3143,-1,3116,3143,3117,-1,3117,3143,3144,-1,3117,3144,3118,-1,3118,3144,3145,-1,3118,3145,3119,-1,3119,3145,3146,-1,3119,3146,3120,-1,3120,3146,3147,-1,3120,3147,3121,-1,3121,3147,3148,-1,3121,3148,3122,-1,3122,3148,3149,-1,3122,3149,3123,-1,3123,3149,3124,-1,3149,2941,3124,-1,3124,2941,2940,-1,3124,2940,3125,-1,3125,2940,2943,-1,3125,2943,3126,-1,3126,2943,2944,-1,3126,2944,3127,-1,3127,2944,2945,-1,3127,2945,3128,-1,3128,2945,2946,-1,3128,2946,3129,-1,3129,2946,2947,-1,3129,2947,3130,-1,3130,2947,2948,-1,3130,2948,3131,-1,3131,2948,2949,-1,3131,2949,3132,-1,3132,2949,2950,-1,3132,2950,3133,-1,3133,2950,2951,-1,3133,2951,3134,-1,3134,2951,2952,-1,3134,2952,3135,-1,3135,2952,2953,-1,3135,2953,3136,-1,3136,2953,2954,-1,3136,2954,3137,-1,3137,2954,2955,-1,3137,2955,3138,-1,3138,2955,2956,-1,3138,2956,3139,-1,3139,2956,2957,-1,3139,2957,3140,-1,3140,2957,2958,-1,3140,2958,3141,-1,3141,2958,2959,-1,3141,2959,3142,-1,3142,2959,2960,-1,3142,2960,3143,-1,3143,2960,2961,-1,3143,2961,3144,-1,3144,2961,2962,-1,3144,2962,3145,-1,3145,2962,2963,-1,3145,2963,3146,-1,3146,2963,2964,-1,3146,2964,3147,-1,3147,2964,2965,-1,3147,2965,3148,-1,3148,2965,2966,-1,3148,2966,3149,-1,3149,2966,2941,-1,3150,3151,3152,-1,3150,3152,3153,-1,3154,3153,3152,-1,3155,3154,3152,-1,3156,3155,3152,-1,3157,3156,3152,-1,3158,3157,3152,-1,3159,3158,3152,-1,3160,3159,3152,-1,3161,3160,3152,-1,3162,3161,3152,-1,3163,3162,3152,-1,3164,3163,3152,-1,3165,3164,3152,-1,3166,3165,3152,-1,3167,3166,3152,-1,3168,3167,3152,-1,3169,3168,3152,-1,3170,3169,3152,-1,3171,3170,3152,-1,3172,3171,3152,-1,3173,3172,3152,-1,3174,3173,3152,-1,3175,3174,3152,-1,3176,3175,3152,-1,3151,3176,3152,-1,3177,3178,3179,-1,3179,3178,3180,-1,3179,3180,3181,-1,3181,3180,3182,-1,3181,3182,3183,-1,3183,3182,3184,-1,3183,3184,3185,-1,3185,3184,3186,-1,3185,3186,3187,-1,3187,3186,3188,-1,3187,3188,3189,-1,3189,3188,3190,-1,3189,3190,3191,-1,3191,3190,3192,-1,3191,3192,3193,-1,3193,3192,3194,-1,3193,3194,3195,-1,3195,3194,3196,-1,3195,3196,3197,-1,3197,3196,3198,-1,3197,3198,3199,-1,3199,3198,3200,-1,3199,3200,3201,-1,3201,3200,3202,-1,3201,3202,3203,-1,3203,3202,3204,-1,3203,3204,3205,-1,3205,3204,3206,-1,3205,3206,3207,-1,3207,3206,3208,-1,3207,3208,3209,-1,3209,3208,3210,-1,3209,3210,3211,-1,3211,3210,3212,-1,3211,3212,3213,-1,3213,3212,3214,-1,3213,3214,3215,-1,3215,3214,3216,-1,3215,3216,3217,-1,3217,3216,3218,-1,3217,3218,3219,-1,3219,3218,3220,-1,3219,3220,3221,-1,3221,3220,3222,-1,3221,3222,3223,-1,3223,3222,3224,-1,3223,3224,3225,-1,3225,3224,3226,-1,3225,3226,3227,-1,3227,3226,3228,-1,3227,3228,3229,-1,3229,3228,3177,-1,3229,3177,3179,-1,3217,3230,3215,-1,3215,3230,3231,-1,3215,3231,3213,-1,3213,3231,3232,-1,3213,3232,3211,-1,3211,3232,3233,-1,3211,3233,3209,-1,3209,3233,3234,-1,3209,3234,3207,-1,3207,3234,3235,-1,3207,3235,3205,-1,3205,3235,3236,-1,3205,3236,3203,-1,3203,3236,3237,-1,3203,3237,3201,-1,3201,3237,3238,-1,3201,3238,3199,-1,3199,3238,3239,-1,3199,3239,3197,-1,3197,3239,3240,-1,3197,3240,3195,-1,3195,3240,3241,-1,3195,3241,3193,-1,3193,3241,3242,-1,3193,3242,3191,-1,3191,3242,3243,-1,3191,3243,3189,-1,3189,3243,3244,-1,3189,3244,3187,-1,3187,3244,3245,-1,3187,3245,3185,-1,3185,3245,3246,-1,3185,3246,3183,-1,3183,3246,3247,-1,3183,3247,3181,-1,3181,3247,3248,-1,3181,3248,3179,-1,3179,3248,3249,-1,3179,3249,3229,-1,3229,3249,3250,-1,3229,3250,3227,-1,3227,3250,3251,-1,3227,3251,3225,-1,3225,3251,3252,-1,3225,3252,3223,-1,3223,3252,3253,-1,3223,3253,3221,-1,3221,3253,3254,-1,3221,3254,3219,-1,3219,3254,3255,-1,3219,3255,3217,-1,3217,3255,3230,-1,3255,3256,3230,-1,3230,3256,3257,-1,3230,3257,3231,-1,3231,3257,3258,-1,3231,3258,3232,-1,3232,3258,3259,-1,3232,3259,3233,-1,3233,3259,3260,-1,3233,3260,3234,-1,3234,3260,3261,-1,3234,3261,3235,-1,3235,3261,3262,-1,3235,3262,3236,-1,3236,3262,3263,-1,3236,3263,3237,-1,3237,3263,3264,-1,3237,3264,3238,-1,3238,3264,3265,-1,3238,3265,3239,-1,3239,3265,3266,-1,3239,3266,3240,-1,3240,3266,3267,-1,3240,3267,3241,-1,3241,3267,3268,-1,3241,3268,3242,-1,3242,3268,3269,-1,3242,3269,3243,-1,3243,3269,3270,-1,3243,3270,3244,-1,3244,3270,3271,-1,3244,3271,3245,-1,3245,3271,3272,-1,3245,3272,3246,-1,3246,3272,3273,-1,3246,3273,3247,-1,3247,3273,3274,-1,3247,3274,3248,-1,3248,3274,3275,-1,3248,3275,3249,-1,3249,3275,3276,-1,3249,3276,3250,-1,3250,3276,3277,-1,3250,3277,3251,-1,3251,3277,3278,-1,3251,3278,3252,-1,3252,3278,3279,-1,3252,3279,3253,-1,3253,3279,3280,-1,3253,3280,3254,-1,3254,3280,3281,-1,3254,3281,3255,-1,3255,3281,3256,-1,3281,3282,3256,-1,3256,3282,3283,-1,3256,3283,3257,-1,3257,3283,3284,-1,3257,3284,3258,-1,3258,3284,3285,-1,3258,3285,3259,-1,3259,3285,3286,-1,3259,3286,3260,-1,3260,3286,3287,-1,3260,3287,3261,-1,3261,3287,3288,-1,3261,3288,3262,-1,3262,3288,3289,-1,3262,3289,3263,-1,3263,3289,3290,-1,3263,3290,3264,-1,3264,3290,3291,-1,3264,3291,3265,-1,3265,3291,3292,-1,3265,3292,3266,-1,3266,3292,3293,-1,3266,3293,3267,-1,3267,3293,3294,-1,3267,3294,3268,-1,3268,3294,3295,-1,3268,3295,3269,-1,3269,3295,3296,-1,3269,3296,3270,-1,3270,3296,3297,-1,3270,3297,3271,-1,3271,3297,3298,-1,3271,3298,3272,-1,3272,3298,3299,-1,3272,3299,3273,-1,3273,3299,3300,-1,3273,3300,3274,-1,3274,3300,3301,-1,3274,3301,3275,-1,3275,3301,3302,-1,3275,3302,3276,-1,3276,3302,3303,-1,3276,3303,3277,-1,3277,3303,3304,-1,3277,3304,3278,-1,3278,3304,3305,-1,3278,3305,3279,-1,3279,3305,3306,-1,3279,3306,3280,-1,3280,3306,3307,-1,3280,3307,3281,-1,3281,3307,3282,-1,3307,3308,3282,-1,3282,3308,3309,-1,3282,3309,3283,-1,3283,3309,3310,-1,3283,3310,3284,-1,3284,3310,3311,-1,3284,3311,3285,-1,3285,3311,3312,-1,3285,3312,3286,-1,3286,3312,3313,-1,3286,3313,3287,-1,3287,3313,3314,-1,3287,3314,3288,-1,3288,3314,3315,-1,3288,3315,3289,-1,3289,3315,3316,-1,3289,3316,3290,-1,3290,3316,3317,-1,3290,3317,3291,-1,3291,3317,3318,-1,3291,3318,3292,-1,3292,3318,3319,-1,3292,3319,3293,-1,3293,3319,3320,-1,3293,3320,3294,-1,3294,3320,3321,-1,3294,3321,3295,-1,3295,3321,3322,-1,3295,3322,3296,-1,3296,3322,3323,-1,3296,3323,3297,-1,3297,3323,3324,-1,3297,3324,3298,-1,3298,3324,3325,-1,3298,3325,3299,-1,3299,3325,3326,-1,3299,3326,3300,-1,3300,3326,3327,-1,3300,3327,3301,-1,3301,3327,3328,-1,3301,3328,3302,-1,3302,3328,3329,-1,3302,3329,3303,-1,3303,3329,3330,-1,3303,3330,3304,-1,3304,3330,3331,-1,3304,3331,3305,-1,3305,3331,3332,-1,3305,3332,3306,-1,3306,3332,3333,-1,3306,3333,3307,-1,3307,3333,3308,-1,3333,3334,3308,-1,3308,3334,3335,-1,3308,3335,3309,-1,3309,3335,3336,-1,3309,3336,3310,-1,3310,3336,3337,-1,3310,3337,3311,-1,3311,3337,3338,-1,3311,3338,3312,-1,3312,3338,3339,-1,3312,3339,3313,-1,3313,3339,3340,-1,3313,3340,3314,-1,3314,3340,3341,-1,3314,3341,3315,-1,3315,3341,3342,-1,3315,3342,3316,-1,3316,3342,3343,-1,3316,3343,3317,-1,3317,3343,3344,-1,3317,3344,3318,-1,3318,3344,3345,-1,3318,3345,3319,-1,3319,3345,3346,-1,3319,3346,3320,-1,3320,3346,3347,-1,3320,3347,3321,-1,3321,3347,3348,-1,3321,3348,3322,-1,3322,3348,3349,-1,3322,3349,3323,-1,3323,3349,3350,-1,3323,3350,3324,-1,3324,3350,3351,-1,3324,3351,3325,-1,3325,3351,3352,-1,3325,3352,3326,-1,3326,3352,3353,-1,3326,3353,3327,-1,3327,3353,3354,-1,3327,3354,3328,-1,3328,3354,3355,-1,3328,3355,3329,-1,3329,3355,3356,-1,3329,3356,3330,-1,3330,3356,3357,-1,3330,3357,3331,-1,3331,3357,3358,-1,3331,3358,3332,-1,3332,3358,3359,-1,3332,3359,3333,-1,3333,3359,3334,-1,3359,3151,3334,-1,3334,3151,3150,-1,3334,3150,3335,-1,3335,3150,3153,-1,3335,3153,3336,-1,3336,3153,3154,-1,3336,3154,3337,-1,3337,3154,3155,-1,3337,3155,3338,-1,3338,3155,3156,-1,3338,3156,3339,-1,3339,3156,3157,-1,3339,3157,3340,-1,3340,3157,3158,-1,3340,3158,3341,-1,3341,3158,3159,-1,3341,3159,3342,-1,3342,3159,3160,-1,3342,3160,3343,-1,3343,3160,3161,-1,3343,3161,3344,-1,3344,3161,3162,-1,3344,3162,3345,-1,3345,3162,3163,-1,3345,3163,3346,-1,3346,3163,3164,-1,3346,3164,3347,-1,3347,3164,3165,-1,3347,3165,3348,-1,3348,3165,3166,-1,3348,3166,3349,-1,3349,3166,3167,-1,3349,3167,3350,-1,3350,3167,3168,-1,3350,3168,3351,-1,3351,3168,3169,-1,3351,3169,3352,-1,3352,3169,3170,-1,3352,3170,3353,-1,3353,3170,3171,-1,3353,3171,3354,-1,3354,3171,3172,-1,3354,3172,3355,-1,3355,3172,3173,-1,3355,3173,3356,-1,3356,3173,3174,-1,3356,3174,3357,-1,3357,3174,3175,-1,3357,3175,3358,-1,3358,3175,3176,-1,3358,3176,3359,-1,3359,3176,3151,-1,3360,3361,3362,-1,3360,3362,3363,-1,3364,3363,3362,-1,3365,3364,3362,-1,3366,3365,3362,-1,3367,3366,3362,-1,3368,3367,3362,-1,3369,3368,3362,-1,3370,3369,3362,-1,3371,3370,3362,-1,3372,3371,3362,-1,3373,3372,3362,-1,3374,3373,3362,-1,3375,3374,3362,-1,3376,3375,3362,-1,3377,3376,3362,-1,3378,3377,3362,-1,3379,3378,3362,-1,3380,3379,3362,-1,3381,3380,3362,-1,3382,3381,3362,-1,3383,3382,3362,-1,3384,3383,3362,-1,3385,3384,3362,-1,3386,3385,3362,-1,3361,3386,3362,-1,3387,3388,3389,-1,3389,3388,3390,-1,3389,3390,3391,-1,3391,3390,3392,-1,3391,3392,3393,-1,3393,3392,3394,-1,3393,3394,3395,-1,3395,3394,3396,-1,3395,3396,3397,-1,3397,3396,3398,-1,3397,3398,3399,-1,3399,3398,3400,-1,3399,3400,3401,-1,3401,3400,3402,-1,3401,3402,3403,-1,3403,3402,3404,-1,3403,3404,3405,-1,3405,3404,3406,-1,3405,3406,3407,-1,3407,3406,3408,-1,3407,3408,3409,-1,3409,3408,3410,-1,3409,3410,3411,-1,3411,3410,3412,-1,3411,3412,3413,-1,3413,3412,3414,-1,3413,3414,3415,-1,3415,3414,3416,-1,3415,3416,3417,-1,3417,3416,3418,-1,3417,3418,3419,-1,3419,3418,3420,-1,3419,3420,3421,-1,3421,3420,3422,-1,3421,3422,3423,-1,3423,3422,3424,-1,3423,3424,3425,-1,3425,3424,3426,-1,3425,3426,3427,-1,3427,3426,3428,-1,3427,3428,3429,-1,3429,3428,3430,-1,3429,3430,3431,-1,3431,3430,3432,-1,3431,3432,3433,-1,3433,3432,3434,-1,3433,3434,3435,-1,3435,3434,3436,-1,3435,3436,3437,-1,3437,3436,3438,-1,3437,3438,3439,-1,3439,3438,3387,-1,3439,3387,3389,-1,3427,3440,3425,-1,3425,3440,3441,-1,3425,3441,3423,-1,3423,3441,3442,-1,3423,3442,3421,-1,3421,3442,3443,-1,3421,3443,3419,-1,3419,3443,3444,-1,3419,3444,3417,-1,3417,3444,3445,-1,3417,3445,3415,-1,3415,3445,3446,-1,3415,3446,3413,-1,3413,3446,3447,-1,3413,3447,3411,-1,3411,3447,3448,-1,3411,3448,3409,-1,3409,3448,3449,-1,3409,3449,3407,-1,3407,3449,3450,-1,3407,3450,3405,-1,3405,3450,3451,-1,3405,3451,3403,-1,3403,3451,3452,-1,3403,3452,3401,-1,3401,3452,3453,-1,3401,3453,3399,-1,3399,3453,3454,-1,3399,3454,3397,-1,3397,3454,3455,-1,3397,3455,3395,-1,3395,3455,3456,-1,3395,3456,3393,-1,3393,3456,3457,-1,3393,3457,3391,-1,3391,3457,3458,-1,3391,3458,3389,-1,3389,3458,3459,-1,3389,3459,3439,-1,3439,3459,3460,-1,3439,3460,3437,-1,3437,3460,3461,-1,3437,3461,3435,-1,3435,3461,3462,-1,3435,3462,3433,-1,3433,3462,3463,-1,3433,3463,3431,-1,3431,3463,3464,-1,3431,3464,3429,-1,3429,3464,3465,-1,3429,3465,3427,-1,3427,3465,3440,-1,3465,3466,3440,-1,3440,3466,3467,-1,3440,3467,3441,-1,3441,3467,3468,-1,3441,3468,3442,-1,3442,3468,3469,-1,3442,3469,3443,-1,3443,3469,3470,-1,3443,3470,3444,-1,3444,3470,3471,-1,3444,3471,3445,-1,3445,3471,3472,-1,3445,3472,3446,-1,3446,3472,3473,-1,3446,3473,3447,-1,3447,3473,3474,-1,3447,3474,3448,-1,3448,3474,3475,-1,3448,3475,3449,-1,3449,3475,3476,-1,3449,3476,3450,-1,3450,3476,3477,-1,3450,3477,3451,-1,3451,3477,3478,-1,3451,3478,3452,-1,3452,3478,3479,-1,3452,3479,3453,-1,3453,3479,3480,-1,3453,3480,3454,-1,3454,3480,3481,-1,3454,3481,3455,-1,3455,3481,3482,-1,3455,3482,3456,-1,3456,3482,3483,-1,3456,3483,3457,-1,3457,3483,3484,-1,3457,3484,3458,-1,3458,3484,3485,-1,3458,3485,3459,-1,3459,3485,3486,-1,3459,3486,3460,-1,3460,3486,3487,-1,3460,3487,3461,-1,3461,3487,3488,-1,3461,3488,3462,-1,3462,3488,3489,-1,3462,3489,3463,-1,3463,3489,3490,-1,3463,3490,3464,-1,3464,3490,3491,-1,3464,3491,3465,-1,3465,3491,3466,-1,3491,3492,3466,-1,3466,3492,3493,-1,3466,3493,3467,-1,3467,3493,3494,-1,3467,3494,3468,-1,3468,3494,3495,-1,3468,3495,3469,-1,3469,3495,3496,-1,3469,3496,3470,-1,3470,3496,3497,-1,3470,3497,3471,-1,3471,3497,3498,-1,3471,3498,3472,-1,3472,3498,3499,-1,3472,3499,3473,-1,3473,3499,3500,-1,3473,3500,3474,-1,3474,3500,3501,-1,3474,3501,3475,-1,3475,3501,3502,-1,3475,3502,3476,-1,3476,3502,3503,-1,3476,3503,3477,-1,3477,3503,3504,-1,3477,3504,3478,-1,3478,3504,3505,-1,3478,3505,3479,-1,3479,3505,3506,-1,3479,3506,3480,-1,3480,3506,3507,-1,3480,3507,3481,-1,3481,3507,3508,-1,3481,3508,3482,-1,3482,3508,3509,-1,3482,3509,3483,-1,3483,3509,3510,-1,3483,3510,3484,-1,3484,3510,3511,-1,3484,3511,3485,-1,3485,3511,3512,-1,3485,3512,3486,-1,3486,3512,3513,-1,3486,3513,3487,-1,3487,3513,3514,-1,3487,3514,3488,-1,3488,3514,3515,-1,3488,3515,3489,-1,3489,3515,3516,-1,3489,3516,3490,-1,3490,3516,3517,-1,3490,3517,3491,-1,3491,3517,3492,-1,3517,3518,3492,-1,3492,3518,3519,-1,3492,3519,3493,-1,3493,3519,3520,-1,3493,3520,3494,-1,3494,3520,3521,-1,3494,3521,3495,-1,3495,3521,3522,-1,3495,3522,3496,-1,3496,3522,3523,-1,3496,3523,3497,-1,3497,3523,3524,-1,3497,3524,3498,-1,3498,3524,3525,-1,3498,3525,3499,-1,3499,3525,3526,-1,3499,3526,3500,-1,3500,3526,3527,-1,3500,3527,3501,-1,3501,3527,3528,-1,3501,3528,3502,-1,3502,3528,3529,-1,3502,3529,3503,-1,3503,3529,3530,-1,3503,3530,3504,-1,3504,3530,3531,-1,3504,3531,3505,-1,3505,3531,3532,-1,3505,3532,3506,-1,3506,3532,3533,-1,3506,3533,3507,-1,3507,3533,3534,-1,3507,3534,3508,-1,3508,3534,3535,-1,3508,3535,3509,-1,3509,3535,3536,-1,3509,3536,3510,-1,3510,3536,3537,-1,3510,3537,3511,-1,3511,3537,3538,-1,3511,3538,3512,-1,3512,3538,3539,-1,3512,3539,3513,-1,3513,3539,3540,-1,3513,3540,3514,-1,3514,3540,3541,-1,3514,3541,3515,-1,3515,3541,3542,-1,3515,3542,3516,-1,3516,3542,3543,-1,3516,3543,3517,-1,3517,3543,3518,-1,3543,3544,3518,-1,3518,3544,3545,-1,3518,3545,3519,-1,3519,3545,3546,-1,3519,3546,3520,-1,3520,3546,3547,-1,3520,3547,3521,-1,3521,3547,3548,-1,3521,3548,3522,-1,3522,3548,3549,-1,3522,3549,3523,-1,3523,3549,3550,-1,3523,3550,3524,-1,3524,3550,3551,-1,3524,3551,3525,-1,3525,3551,3552,-1,3525,3552,3526,-1,3526,3552,3553,-1,3526,3553,3527,-1,3527,3553,3554,-1,3527,3554,3528,-1,3528,3554,3555,-1,3528,3555,3529,-1,3529,3555,3556,-1,3529,3556,3530,-1,3530,3556,3557,-1,3530,3557,3531,-1,3531,3557,3558,-1,3531,3558,3532,-1,3532,3558,3559,-1,3532,3559,3533,-1,3533,3559,3560,-1,3533,3560,3534,-1,3534,3560,3561,-1,3534,3561,3535,-1,3535,3561,3562,-1,3535,3562,3536,-1,3536,3562,3563,-1,3536,3563,3537,-1,3537,3563,3564,-1,3537,3564,3538,-1,3538,3564,3565,-1,3538,3565,3539,-1,3539,3565,3566,-1,3539,3566,3540,-1,3540,3566,3567,-1,3540,3567,3541,-1,3541,3567,3568,-1,3541,3568,3542,-1,3542,3568,3569,-1,3542,3569,3543,-1,3543,3569,3544,-1,3569,3361,3544,-1,3544,3361,3360,-1,3544,3360,3545,-1,3545,3360,3363,-1,3545,3363,3546,-1,3546,3363,3364,-1,3546,3364,3547,-1,3547,3364,3365,-1,3547,3365,3548,-1,3548,3365,3366,-1,3548,3366,3549,-1,3549,3366,3367,-1,3549,3367,3550,-1,3550,3367,3368,-1,3550,3368,3551,-1,3551,3368,3369,-1,3551,3369,3552,-1,3552,3369,3370,-1,3552,3370,3553,-1,3553,3370,3371,-1,3553,3371,3554,-1,3554,3371,3372,-1,3554,3372,3555,-1,3555,3372,3373,-1,3555,3373,3556,-1,3556,3373,3374,-1,3556,3374,3557,-1,3557,3374,3375,-1,3557,3375,3558,-1,3558,3375,3376,-1,3558,3376,3559,-1,3559,3376,3377,-1,3559,3377,3560,-1,3560,3377,3378,-1,3560,3378,3561,-1,3561,3378,3379,-1,3561,3379,3562,-1,3562,3379,3380,-1,3562,3380,3563,-1,3563,3380,3381,-1,3563,3381,3564,-1,3564,3381,3382,-1,3564,3382,3565,-1,3565,3382,3383,-1,3565,3383,3566,-1,3566,3383,3384,-1,3566,3384,3567,-1,3567,3384,3385,-1,3567,3385,3568,-1,3568,3385,3386,-1,3568,3386,3569,-1,3569,3386,3361,-1,3570,3571,3572,-1,3570,3572,3573,-1,3574,3573,3572,-1,3575,3574,3572,-1,3576,3575,3572,-1,3577,3576,3572,-1,3578,3577,3572,-1,3579,3578,3572,-1,3580,3579,3572,-1,3581,3580,3572,-1,3582,3581,3572,-1,3583,3582,3572,-1,3584,3583,3572,-1,3585,3584,3572,-1,3586,3585,3572,-1,3587,3586,3572,-1,3588,3587,3572,-1,3589,3588,3572,-1,3590,3589,3572,-1,3591,3590,3572,-1,3592,3591,3572,-1,3593,3592,3572,-1,3594,3593,3572,-1,3595,3594,3572,-1,3596,3595,3572,-1,3571,3596,3572,-1,3597,3598,3599,-1,3599,3598,3600,-1,3599,3600,3601,-1,3601,3600,3602,-1,3601,3602,3603,-1,3603,3602,3604,-1,3603,3604,3605,-1,3605,3604,3606,-1,3605,3606,3607,-1,3607,3606,3608,-1,3607,3608,3609,-1,3609,3608,3610,-1,3609,3610,3611,-1,3611,3610,3612,-1,3611,3612,3613,-1,3613,3612,3614,-1,3613,3614,3615,-1,3615,3614,3616,-1,3615,3616,3617,-1,3617,3616,3618,-1,3617,3618,3619,-1,3619,3618,3620,-1,3619,3620,3621,-1,3621,3620,3622,-1,3621,3622,3623,-1,3623,3622,3624,-1,3623,3624,3625,-1,3625,3624,3626,-1,3625,3626,3627,-1,3627,3626,3628,-1,3627,3628,3629,-1,3629,3628,3630,-1,3629,3630,3631,-1,3631,3630,3632,-1,3631,3632,3633,-1,3633,3632,3634,-1,3633,3634,3635,-1,3635,3634,3636,-1,3635,3636,3637,-1,3637,3636,3638,-1,3637,3638,3639,-1,3639,3638,3640,-1,3639,3640,3641,-1,3641,3640,3642,-1,3641,3642,3643,-1,3643,3642,3644,-1,3643,3644,3645,-1,3645,3644,3646,-1,3645,3646,3647,-1,3647,3646,3648,-1,3647,3648,3649,-1,3649,3648,3597,-1,3649,3597,3599,-1,3637,3650,3635,-1,3635,3650,3651,-1,3635,3651,3633,-1,3633,3651,3652,-1,3633,3652,3631,-1,3631,3652,3653,-1,3631,3653,3629,-1,3629,3653,3654,-1,3629,3654,3627,-1,3627,3654,3655,-1,3627,3655,3625,-1,3625,3655,3656,-1,3625,3656,3623,-1,3623,3656,3657,-1,3623,3657,3621,-1,3621,3657,3658,-1,3621,3658,3619,-1,3619,3658,3659,-1,3619,3659,3617,-1,3617,3659,3660,-1,3617,3660,3615,-1,3615,3660,3661,-1,3615,3661,3613,-1,3613,3661,3662,-1,3613,3662,3611,-1,3611,3662,3663,-1,3611,3663,3609,-1,3609,3663,3664,-1,3609,3664,3607,-1,3607,3664,3665,-1,3607,3665,3605,-1,3605,3665,3666,-1,3605,3666,3603,-1,3603,3666,3667,-1,3603,3667,3601,-1,3601,3667,3668,-1,3601,3668,3599,-1,3599,3668,3669,-1,3599,3669,3649,-1,3649,3669,3670,-1,3649,3670,3647,-1,3647,3670,3671,-1,3647,3671,3645,-1,3645,3671,3672,-1,3645,3672,3643,-1,3643,3672,3673,-1,3643,3673,3641,-1,3641,3673,3674,-1,3641,3674,3639,-1,3639,3674,3675,-1,3639,3675,3637,-1,3637,3675,3650,-1,3675,3676,3650,-1,3650,3676,3677,-1,3650,3677,3651,-1,3651,3677,3678,-1,3651,3678,3652,-1,3652,3678,3679,-1,3652,3679,3653,-1,3653,3679,3680,-1,3653,3680,3654,-1,3654,3680,3681,-1,3654,3681,3655,-1,3655,3681,3682,-1,3655,3682,3656,-1,3656,3682,3683,-1,3656,3683,3657,-1,3657,3683,3684,-1,3657,3684,3658,-1,3658,3684,3685,-1,3658,3685,3659,-1,3659,3685,3686,-1,3659,3686,3660,-1,3660,3686,3687,-1,3660,3687,3661,-1,3661,3687,3688,-1,3661,3688,3662,-1,3662,3688,3689,-1,3662,3689,3663,-1,3663,3689,3690,-1,3663,3690,3664,-1,3664,3690,3691,-1,3664,3691,3665,-1,3665,3691,3692,-1,3665,3692,3666,-1,3666,3692,3693,-1,3666,3693,3667,-1,3667,3693,3694,-1,3667,3694,3668,-1,3668,3694,3695,-1,3668,3695,3669,-1,3669,3695,3696,-1,3669,3696,3670,-1,3670,3696,3697,-1,3670,3697,3671,-1,3671,3697,3698,-1,3671,3698,3672,-1,3672,3698,3699,-1,3672,3699,3673,-1,3673,3699,3700,-1,3673,3700,3674,-1,3674,3700,3701,-1,3674,3701,3675,-1,3675,3701,3676,-1,3701,3702,3676,-1,3676,3702,3703,-1,3676,3703,3677,-1,3677,3703,3704,-1,3677,3704,3678,-1,3678,3704,3705,-1,3678,3705,3679,-1,3679,3705,3706,-1,3679,3706,3680,-1,3680,3706,3707,-1,3680,3707,3681,-1,3681,3707,3708,-1,3681,3708,3682,-1,3682,3708,3709,-1,3682,3709,3683,-1,3683,3709,3710,-1,3683,3710,3684,-1,3684,3710,3711,-1,3684,3711,3685,-1,3685,3711,3712,-1,3685,3712,3686,-1,3686,3712,3713,-1,3686,3713,3687,-1,3687,3713,3714,-1,3687,3714,3688,-1,3688,3714,3715,-1,3688,3715,3689,-1,3689,3715,3716,-1,3689,3716,3690,-1,3690,3716,3717,-1,3690,3717,3691,-1,3691,3717,3718,-1,3691,3718,3692,-1,3692,3718,3719,-1,3692,3719,3693,-1,3693,3719,3720,-1,3693,3720,3694,-1,3694,3720,3721,-1,3694,3721,3695,-1,3695,3721,3722,-1,3695,3722,3696,-1,3696,3722,3723,-1,3696,3723,3697,-1,3697,3723,3724,-1,3697,3724,3698,-1,3698,3724,3725,-1,3698,3725,3699,-1,3699,3725,3726,-1,3699,3726,3700,-1,3700,3726,3727,-1,3700,3727,3701,-1,3701,3727,3702,-1,3727,3728,3702,-1,3702,3728,3729,-1,3702,3729,3703,-1,3703,3729,3730,-1,3703,3730,3704,-1,3704,3730,3731,-1,3704,3731,3705,-1,3705,3731,3732,-1,3705,3732,3706,-1,3706,3732,3733,-1,3706,3733,3707,-1,3707,3733,3734,-1,3707,3734,3708,-1,3708,3734,3735,-1,3708,3735,3709,-1,3709,3735,3736,-1,3709,3736,3710,-1,3710,3736,3737,-1,3710,3737,3711,-1,3711,3737,3738,-1,3711,3738,3712,-1,3712,3738,3739,-1,3712,3739,3713,-1,3713,3739,3740,-1,3713,3740,3714,-1,3714,3740,3741,-1,3714,3741,3715,-1,3715,3741,3742,-1,3715,3742,3716,-1,3716,3742,3743,-1,3716,3743,3717,-1,3717,3743,3744,-1,3717,3744,3718,-1,3718,3744,3745,-1,3718,3745,3719,-1,3719,3745,3746,-1,3719,3746,3720,-1,3720,3746,3747,-1,3720,3747,3721,-1,3721,3747,3748,-1,3721,3748,3722,-1,3722,3748,3749,-1,3722,3749,3723,-1,3723,3749,3750,-1,3723,3750,3724,-1,3724,3750,3751,-1,3724,3751,3725,-1,3725,3751,3752,-1,3725,3752,3726,-1,3726,3752,3753,-1,3726,3753,3727,-1,3727,3753,3728,-1,3753,3754,3728,-1,3728,3754,3755,-1,3728,3755,3729,-1,3729,3755,3756,-1,3729,3756,3730,-1,3730,3756,3757,-1,3730,3757,3731,-1,3731,3757,3758,-1,3731,3758,3732,-1,3732,3758,3759,-1,3732,3759,3733,-1,3733,3759,3760,-1,3733,3760,3734,-1,3734,3760,3761,-1,3734,3761,3735,-1,3735,3761,3762,-1,3735,3762,3736,-1,3736,3762,3763,-1,3736,3763,3737,-1,3737,3763,3764,-1,3737,3764,3738,-1,3738,3764,3765,-1,3738,3765,3739,-1,3739,3765,3766,-1,3739,3766,3740,-1,3740,3766,3767,-1,3740,3767,3741,-1,3741,3767,3768,-1,3741,3768,3742,-1,3742,3768,3769,-1,3742,3769,3743,-1,3743,3769,3770,-1,3743,3770,3744,-1,3744,3770,3771,-1,3744,3771,3745,-1,3745,3771,3772,-1,3745,3772,3746,-1,3746,3772,3773,-1,3746,3773,3747,-1,3747,3773,3774,-1,3747,3774,3748,-1,3748,3774,3775,-1,3748,3775,3749,-1,3749,3775,3776,-1,3749,3776,3750,-1,3750,3776,3777,-1,3750,3777,3751,-1,3751,3777,3778,-1,3751,3778,3752,-1,3752,3778,3779,-1,3752,3779,3753,-1,3753,3779,3754,-1,3779,3571,3754,-1,3754,3571,3570,-1,3754,3570,3755,-1,3755,3570,3573,-1,3755,3573,3756,-1,3756,3573,3574,-1,3756,3574,3757,-1,3757,3574,3575,-1,3757,3575,3758,-1,3758,3575,3576,-1,3758,3576,3759,-1,3759,3576,3577,-1,3759,3577,3760,-1,3760,3577,3578,-1,3760,3578,3761,-1,3761,3578,3579,-1,3761,3579,3762,-1,3762,3579,3580,-1,3762,3580,3763,-1,3763,3580,3581,-1,3763,3581,3764,-1,3764,3581,3582,-1,3764,3582,3765,-1,3765,3582,3583,-1,3765,3583,3766,-1,3766,3583,3584,-1,3766,3584,3767,-1,3767,3584,3585,-1,3767,3585,3768,-1,3768,3585,3586,-1,3768,3586,3769,-1,3769,3586,3587,-1,3769,3587,3770,-1,3770,3587,3588,-1,3770,3588,3771,-1,3771,3588,3589,-1,3771,3589,3772,-1,3772,3589,3590,-1,3772,3590,3773,-1,3773,3590,3591,-1,3773,3591,3774,-1,3774,3591,3592,-1,3774,3592,3775,-1,3775,3592,3593,-1,3775,3593,3776,-1,3776,3593,3594,-1,3776,3594,3777,-1,3777,3594,3595,-1,3777,3595,3778,-1,3778,3595,3596,-1,3778,3596,3779,-1,3779,3596,3571,-1,3780,3781,3782,-1,3780,3782,3783,-1,3784,3783,3782,-1,3785,3784,3782,-1,3786,3785,3782,-1,3787,3786,3782,-1,3788,3787,3782,-1,3789,3788,3782,-1,3790,3789,3782,-1,3791,3790,3782,-1,3792,3791,3782,-1,3793,3792,3782,-1,3794,3793,3782,-1,3795,3794,3782,-1,3796,3795,3782,-1,3797,3796,3782,-1,3798,3797,3782,-1,3799,3798,3782,-1,3800,3799,3782,-1,3801,3800,3782,-1,3802,3801,3782,-1,3803,3802,3782,-1,3804,3803,3782,-1,3805,3804,3782,-1,3806,3805,3782,-1,3781,3806,3782,-1,3807,3808,3809,-1,3809,3808,3810,-1,3809,3810,3811,-1,3811,3810,3812,-1,3811,3812,3813,-1,3813,3812,3814,-1,3813,3814,3815,-1,3815,3814,3816,-1,3815,3816,3817,-1,3817,3816,3818,-1,3817,3818,3819,-1,3819,3818,3820,-1,3819,3820,3821,-1,3821,3820,3822,-1,3821,3822,3823,-1,3823,3822,3824,-1,3823,3824,3825,-1,3825,3824,3826,-1,3825,3826,3827,-1,3827,3826,3828,-1,3827,3828,3829,-1,3829,3828,3830,-1,3829,3830,3831,-1,3831,3830,3832,-1,3831,3832,3833,-1,3833,3832,3834,-1,3833,3834,3835,-1,3835,3834,3836,-1,3835,3836,3837,-1,3837,3836,3838,-1,3837,3838,3839,-1,3839,3838,3840,-1,3839,3840,3841,-1,3841,3840,3842,-1,3841,3842,3843,-1,3843,3842,3844,-1,3843,3844,3845,-1,3845,3844,3846,-1,3845,3846,3847,-1,3847,3846,3848,-1,3847,3848,3849,-1,3849,3848,3850,-1,3849,3850,3851,-1,3851,3850,3852,-1,3851,3852,3853,-1,3853,3852,3854,-1,3853,3854,3855,-1,3855,3854,3856,-1,3855,3856,3857,-1,3857,3856,3858,-1,3857,3858,3859,-1,3859,3858,3807,-1,3859,3807,3809,-1,3847,3860,3845,-1,3845,3860,3861,-1,3845,3861,3843,-1,3843,3861,3862,-1,3843,3862,3841,-1,3841,3862,3863,-1,3841,3863,3839,-1,3839,3863,3864,-1,3839,3864,3837,-1,3837,3864,3865,-1,3837,3865,3835,-1,3835,3865,3866,-1,3835,3866,3833,-1,3833,3866,3867,-1,3833,3867,3831,-1,3831,3867,3868,-1,3831,3868,3829,-1,3829,3868,3869,-1,3829,3869,3827,-1,3827,3869,3870,-1,3827,3870,3825,-1,3825,3870,3871,-1,3825,3871,3823,-1,3823,3871,3872,-1,3823,3872,3821,-1,3821,3872,3873,-1,3821,3873,3819,-1,3819,3873,3874,-1,3819,3874,3817,-1,3817,3874,3875,-1,3817,3875,3815,-1,3815,3875,3876,-1,3815,3876,3813,-1,3813,3876,3877,-1,3813,3877,3811,-1,3811,3877,3878,-1,3811,3878,3809,-1,3809,3878,3879,-1,3809,3879,3859,-1,3859,3879,3880,-1,3859,3880,3857,-1,3857,3880,3881,-1,3857,3881,3855,-1,3855,3881,3882,-1,3855,3882,3853,-1,3853,3882,3883,-1,3853,3883,3851,-1,3851,3883,3884,-1,3851,3884,3849,-1,3849,3884,3885,-1,3849,3885,3847,-1,3847,3885,3860,-1,3885,3886,3860,-1,3860,3886,3887,-1,3860,3887,3861,-1,3861,3887,3888,-1,3861,3888,3862,-1,3862,3888,3889,-1,3862,3889,3863,-1,3863,3889,3890,-1,3863,3890,3864,-1,3864,3890,3891,-1,3864,3891,3865,-1,3865,3891,3892,-1,3865,3892,3866,-1,3866,3892,3893,-1,3866,3893,3867,-1,3867,3893,3894,-1,3867,3894,3868,-1,3868,3894,3895,-1,3868,3895,3869,-1,3869,3895,3896,-1,3869,3896,3870,-1,3870,3896,3897,-1,3870,3897,3871,-1,3871,3897,3898,-1,3871,3898,3872,-1,3872,3898,3899,-1,3872,3899,3873,-1,3873,3899,3900,-1,3873,3900,3874,-1,3874,3900,3901,-1,3874,3901,3875,-1,3875,3901,3902,-1,3875,3902,3876,-1,3876,3902,3903,-1,3876,3903,3877,-1,3877,3903,3904,-1,3877,3904,3878,-1,3878,3904,3905,-1,3878,3905,3879,-1,3879,3905,3906,-1,3879,3906,3880,-1,3880,3906,3907,-1,3880,3907,3881,-1,3881,3907,3908,-1,3881,3908,3882,-1,3882,3908,3909,-1,3882,3909,3883,-1,3883,3909,3910,-1,3883,3910,3884,-1,3884,3910,3911,-1,3884,3911,3885,-1,3885,3911,3886,-1,3911,3912,3886,-1,3886,3912,3913,-1,3886,3913,3887,-1,3887,3913,3914,-1,3887,3914,3888,-1,3888,3914,3915,-1,3888,3915,3889,-1,3889,3915,3916,-1,3889,3916,3890,-1,3890,3916,3917,-1,3890,3917,3891,-1,3891,3917,3918,-1,3891,3918,3892,-1,3892,3918,3919,-1,3892,3919,3893,-1,3893,3919,3920,-1,3893,3920,3894,-1,3894,3920,3921,-1,3894,3921,3895,-1,3895,3921,3922,-1,3895,3922,3896,-1,3896,3922,3923,-1,3896,3923,3897,-1,3897,3923,3924,-1,3897,3924,3898,-1,3898,3924,3925,-1,3898,3925,3899,-1,3899,3925,3926,-1,3899,3926,3900,-1,3900,3926,3927,-1,3900,3927,3901,-1,3901,3927,3928,-1,3901,3928,3902,-1,3902,3928,3929,-1,3902,3929,3903,-1,3903,3929,3930,-1,3903,3930,3904,-1,3904,3930,3931,-1,3904,3931,3905,-1,3905,3931,3932,-1,3905,3932,3906,-1,3906,3932,3933,-1,3906,3933,3907,-1,3907,3933,3934,-1,3907,3934,3908,-1,3908,3934,3935,-1,3908,3935,3909,-1,3909,3935,3936,-1,3909,3936,3910,-1,3910,3936,3937,-1,3910,3937,3911,-1,3911,3937,3912,-1,3937,3938,3912,-1,3912,3938,3939,-1,3912,3939,3913,-1,3913,3939,3940,-1,3913,3940,3914,-1,3914,3940,3941,-1,3914,3941,3915,-1,3915,3941,3942,-1,3915,3942,3916,-1,3916,3942,3943,-1,3916,3943,3917,-1,3917,3943,3944,-1,3917,3944,3918,-1,3918,3944,3945,-1,3918,3945,3919,-1,3919,3945,3946,-1,3919,3946,3920,-1,3920,3946,3947,-1,3920,3947,3921,-1,3921,3947,3948,-1,3921,3948,3922,-1,3922,3948,3949,-1,3922,3949,3923,-1,3923,3949,3950,-1,3923,3950,3924,-1,3924,3950,3951,-1,3924,3951,3925,-1,3925,3951,3952,-1,3925,3952,3926,-1,3926,3952,3953,-1,3926,3953,3927,-1,3927,3953,3954,-1,3927,3954,3928,-1,3928,3954,3955,-1,3928,3955,3929,-1,3929,3955,3956,-1,3929,3956,3930,-1,3930,3956,3957,-1,3930,3957,3931,-1,3931,3957,3958,-1,3931,3958,3932,-1,3932,3958,3959,-1,3932,3959,3933,-1,3933,3959,3960,-1,3933,3960,3934,-1,3934,3960,3961,-1,3934,3961,3935,-1,3935,3961,3962,-1,3935,3962,3936,-1,3936,3962,3963,-1,3936,3963,3937,-1,3937,3963,3938,-1,3963,3964,3938,-1,3938,3964,3965,-1,3938,3965,3939,-1,3939,3965,3966,-1,3939,3966,3940,-1,3940,3966,3967,-1,3940,3967,3941,-1,3941,3967,3968,-1,3941,3968,3942,-1,3942,3968,3969,-1,3942,3969,3943,-1,3943,3969,3970,-1,3943,3970,3944,-1,3944,3970,3971,-1,3944,3971,3945,-1,3945,3971,3972,-1,3945,3972,3946,-1,3946,3972,3973,-1,3946,3973,3947,-1,3947,3973,3974,-1,3947,3974,3948,-1,3948,3974,3975,-1,3948,3975,3949,-1,3949,3975,3976,-1,3949,3976,3950,-1,3950,3976,3977,-1,3950,3977,3951,-1,3951,3977,3978,-1,3951,3978,3952,-1,3952,3978,3979,-1,3952,3979,3953,-1,3953,3979,3980,-1,3953,3980,3954,-1,3954,3980,3981,-1,3954,3981,3955,-1,3955,3981,3982,-1,3955,3982,3956,-1,3956,3982,3983,-1,3956,3983,3957,-1,3957,3983,3984,-1,3957,3984,3958,-1,3958,3984,3985,-1,3958,3985,3959,-1,3959,3985,3986,-1,3959,3986,3960,-1,3960,3986,3987,-1,3960,3987,3961,-1,3961,3987,3988,-1,3961,3988,3962,-1,3962,3988,3989,-1,3962,3989,3963,-1,3963,3989,3964,-1,3989,3781,3964,-1,3964,3781,3780,-1,3964,3780,3965,-1,3965,3780,3783,-1,3965,3783,3966,-1,3966,3783,3784,-1,3966,3784,3967,-1,3967,3784,3785,-1,3967,3785,3968,-1,3968,3785,3786,-1,3968,3786,3969,-1,3969,3786,3787,-1,3969,3787,3970,-1,3970,3787,3788,-1,3970,3788,3971,-1,3971,3788,3789,-1,3971,3789,3972,-1,3972,3789,3790,-1,3972,3790,3973,-1,3973,3790,3791,-1,3973,3791,3974,-1,3974,3791,3792,-1,3974,3792,3975,-1,3975,3792,3793,-1,3975,3793,3976,-1,3976,3793,3794,-1,3976,3794,3977,-1,3977,3794,3795,-1,3977,3795,3978,-1,3978,3795,3796,-1,3978,3796,3979,-1,3979,3796,3797,-1,3979,3797,3980,-1,3980,3797,3798,-1,3980,3798,3981,-1,3981,3798,3799,-1,3981,3799,3982,-1,3982,3799,3800,-1,3982,3800,3983,-1,3983,3800,3801,-1,3983,3801,3984,-1,3984,3801,3802,-1,3984,3802,3985,-1,3985,3802,3803,-1,3985,3803,3986,-1,3986,3803,3804,-1,3986,3804,3987,-1,3987,3804,3805,-1,3987,3805,3988,-1,3988,3805,3806,-1,3988,3806,3989,-1,3989,3806,3781,-1,3990,3991,3992,-1,3990,3992,3993,-1,3994,3993,3992,-1,3995,3994,3992,-1,3996,3995,3992,-1,3997,3996,3992,-1,3998,3997,3992,-1,3999,3998,3992,-1,4000,3999,3992,-1,4001,4000,3992,-1,4002,4001,3992,-1,4003,4002,3992,-1,4004,4003,3992,-1,4005,4004,3992,-1,4006,4005,3992,-1,4007,4006,3992,-1,4008,4007,3992,-1,4009,4008,3992,-1,4010,4009,3992,-1,4011,4010,3992,-1,4012,4011,3992,-1,4013,4012,3992,-1,4014,4013,3992,-1,4015,4014,3992,-1,4016,4015,3992,-1,3991,4016,3992,-1,4017,4018,4019,-1,4019,4018,4020,-1,4019,4020,4021,-1,4021,4020,4022,-1,4021,4022,4023,-1,4023,4022,4024,-1,4023,4024,4025,-1,4025,4024,4026,-1,4025,4026,4027,-1,4027,4026,4028,-1,4027,4028,4029,-1,4029,4028,4030,-1,4029,4030,4031,-1,4031,4030,4032,-1,4031,4032,4033,-1,4033,4032,4034,-1,4033,4034,4035,-1,4035,4034,4036,-1,4035,4036,4037,-1,4037,4036,4038,-1,4037,4038,4039,-1,4039,4038,4040,-1,4039,4040,4041,-1,4041,4040,4042,-1,4041,4042,4043,-1,4043,4042,4044,-1,4043,4044,4045,-1,4045,4044,4046,-1,4045,4046,4047,-1,4047,4046,4048,-1,4047,4048,4049,-1,4049,4048,4050,-1,4049,4050,4051,-1,4051,4050,4052,-1,4051,4052,4053,-1,4053,4052,4054,-1,4053,4054,4055,-1,4055,4054,4056,-1,4055,4056,4057,-1,4057,4056,4058,-1,4057,4058,4059,-1,4059,4058,4060,-1,4059,4060,4061,-1,4061,4060,4062,-1,4061,4062,4063,-1,4063,4062,4064,-1,4063,4064,4065,-1,4065,4064,4066,-1,4065,4066,4067,-1,4067,4066,4068,-1,4067,4068,4069,-1,4069,4068,4017,-1,4069,4017,4019,-1,4057,4070,4055,-1,4055,4070,4071,-1,4055,4071,4053,-1,4053,4071,4072,-1,4053,4072,4051,-1,4051,4072,4073,-1,4051,4073,4049,-1,4049,4073,4074,-1,4049,4074,4047,-1,4047,4074,4075,-1,4047,4075,4045,-1,4045,4075,4076,-1,4045,4076,4043,-1,4043,4076,4077,-1,4043,4077,4041,-1,4041,4077,4078,-1,4041,4078,4039,-1,4039,4078,4079,-1,4039,4079,4037,-1,4037,4079,4080,-1,4037,4080,4035,-1,4035,4080,4081,-1,4035,4081,4033,-1,4033,4081,4082,-1,4033,4082,4031,-1,4031,4082,4083,-1,4031,4083,4029,-1,4029,4083,4084,-1,4029,4084,4027,-1,4027,4084,4085,-1,4027,4085,4025,-1,4025,4085,4086,-1,4025,4086,4023,-1,4023,4086,4087,-1,4023,4087,4021,-1,4021,4087,4088,-1,4021,4088,4019,-1,4019,4088,4089,-1,4019,4089,4069,-1,4069,4089,4090,-1,4069,4090,4067,-1,4067,4090,4091,-1,4067,4091,4065,-1,4065,4091,4092,-1,4065,4092,4063,-1,4063,4092,4093,-1,4063,4093,4061,-1,4061,4093,4094,-1,4061,4094,4059,-1,4059,4094,4095,-1,4059,4095,4057,-1,4057,4095,4070,-1,4095,4096,4070,-1,4070,4096,4097,-1,4070,4097,4071,-1,4071,4097,4098,-1,4071,4098,4072,-1,4072,4098,4099,-1,4072,4099,4073,-1,4073,4099,4100,-1,4073,4100,4074,-1,4074,4100,4101,-1,4074,4101,4075,-1,4075,4101,4102,-1,4075,4102,4076,-1,4076,4102,4103,-1,4076,4103,4077,-1,4077,4103,4104,-1,4077,4104,4078,-1,4078,4104,4105,-1,4078,4105,4079,-1,4079,4105,4106,-1,4079,4106,4080,-1,4080,4106,4107,-1,4080,4107,4081,-1,4081,4107,4108,-1,4081,4108,4082,-1,4082,4108,4109,-1,4082,4109,4083,-1,4083,4109,4110,-1,4083,4110,4084,-1,4084,4110,4111,-1,4084,4111,4085,-1,4085,4111,4112,-1,4085,4112,4086,-1,4086,4112,4113,-1,4086,4113,4087,-1,4087,4113,4114,-1,4087,4114,4088,-1,4088,4114,4115,-1,4088,4115,4089,-1,4089,4115,4116,-1,4089,4116,4090,-1,4090,4116,4117,-1,4090,4117,4091,-1,4091,4117,4118,-1,4091,4118,4092,-1,4092,4118,4119,-1,4092,4119,4093,-1,4093,4119,4120,-1,4093,4120,4094,-1,4094,4120,4121,-1,4094,4121,4095,-1,4095,4121,4096,-1,4121,4122,4096,-1,4096,4122,4123,-1,4096,4123,4097,-1,4097,4123,4124,-1,4097,4124,4098,-1,4098,4124,4125,-1,4098,4125,4099,-1,4099,4125,4126,-1,4099,4126,4100,-1,4100,4126,4127,-1,4100,4127,4101,-1,4101,4127,4128,-1,4101,4128,4102,-1,4102,4128,4129,-1,4102,4129,4103,-1,4103,4129,4130,-1,4103,4130,4104,-1,4104,4130,4131,-1,4104,4131,4105,-1,4105,4131,4132,-1,4105,4132,4106,-1,4106,4132,4133,-1,4106,4133,4107,-1,4107,4133,4134,-1,4107,4134,4108,-1,4108,4134,4135,-1,4108,4135,4109,-1,4109,4135,4136,-1,4109,4136,4110,-1,4110,4136,4137,-1,4110,4137,4111,-1,4111,4137,4138,-1,4111,4138,4112,-1,4112,4138,4139,-1,4112,4139,4113,-1,4113,4139,4140,-1,4113,4140,4114,-1,4114,4140,4141,-1,4114,4141,4115,-1,4115,4141,4142,-1,4115,4142,4116,-1,4116,4142,4143,-1,4116,4143,4117,-1,4117,4143,4144,-1,4117,4144,4118,-1,4118,4144,4145,-1,4118,4145,4119,-1,4119,4145,4146,-1,4119,4146,4120,-1,4120,4146,4147,-1,4120,4147,4121,-1,4121,4147,4122,-1,4147,4148,4122,-1,4122,4148,4149,-1,4122,4149,4123,-1,4123,4149,4150,-1,4123,4150,4124,-1,4124,4150,4151,-1,4124,4151,4125,-1,4125,4151,4152,-1,4125,4152,4126,-1,4126,4152,4153,-1,4126,4153,4127,-1,4127,4153,4154,-1,4127,4154,4128,-1,4128,4154,4155,-1,4128,4155,4129,-1,4129,4155,4156,-1,4129,4156,4130,-1,4130,4156,4157,-1,4130,4157,4131,-1,4131,4157,4158,-1,4131,4158,4132,-1,4132,4158,4159,-1,4132,4159,4133,-1,4133,4159,4160,-1,4133,4160,4134,-1,4134,4160,4161,-1,4134,4161,4135,-1,4135,4161,4162,-1,4135,4162,4136,-1,4136,4162,4163,-1,4136,4163,4137,-1,4137,4163,4164,-1,4137,4164,4138,-1,4138,4164,4165,-1,4138,4165,4139,-1,4139,4165,4166,-1,4139,4166,4140,-1,4140,4166,4167,-1,4140,4167,4141,-1,4141,4167,4168,-1,4141,4168,4142,-1,4142,4168,4169,-1,4142,4169,4143,-1,4143,4169,4170,-1,4143,4170,4144,-1,4144,4170,4171,-1,4144,4171,4145,-1,4145,4171,4172,-1,4145,4172,4146,-1,4146,4172,4173,-1,4146,4173,4147,-1,4147,4173,4148,-1,4173,4174,4148,-1,4148,4174,4175,-1,4148,4175,4149,-1,4149,4175,4176,-1,4149,4176,4150,-1,4150,4176,4177,-1,4150,4177,4151,-1,4151,4177,4178,-1,4151,4178,4152,-1,4152,4178,4179,-1,4152,4179,4153,-1,4153,4179,4180,-1,4153,4180,4154,-1,4154,4180,4181,-1,4154,4181,4155,-1,4155,4181,4182,-1,4155,4182,4156,-1,4156,4182,4183,-1,4156,4183,4157,-1,4157,4183,4184,-1,4157,4184,4158,-1,4158,4184,4185,-1,4158,4185,4159,-1,4159,4185,4186,-1,4159,4186,4160,-1,4160,4186,4187,-1,4160,4187,4161,-1,4161,4187,4188,-1,4161,4188,4162,-1,4162,4188,4189,-1,4162,4189,4163,-1,4163,4189,4190,-1,4163,4190,4164,-1,4164,4190,4191,-1,4164,4191,4165,-1,4165,4191,4192,-1,4165,4192,4166,-1,4166,4192,4193,-1,4166,4193,4167,-1,4167,4193,4194,-1,4167,4194,4168,-1,4168,4194,4195,-1,4168,4195,4169,-1,4169,4195,4196,-1,4169,4196,4170,-1,4170,4196,4197,-1,4170,4197,4171,-1,4171,4197,4198,-1,4171,4198,4172,-1,4172,4198,4199,-1,4172,4199,4173,-1,4173,4199,4174,-1,4199,3991,4174,-1,4174,3991,3990,-1,4174,3990,4175,-1,4175,3990,3993,-1,4175,3993,4176,-1,4176,3993,3994,-1,4176,3994,4177,-1,4177,3994,3995,-1,4177,3995,4178,-1,4178,3995,3996,-1,4178,3996,4179,-1,4179,3996,3997,-1,4179,3997,4180,-1,4180,3997,3998,-1,4180,3998,4181,-1,4181,3998,3999,-1,4181,3999,4182,-1,4182,3999,4000,-1,4182,4000,4183,-1,4183,4000,4001,-1,4183,4001,4184,-1,4184,4001,4002,-1,4184,4002,4185,-1,4185,4002,4003,-1,4185,4003,4186,-1,4186,4003,4004,-1,4186,4004,4187,-1,4187,4004,4005,-1,4187,4005,4188,-1,4188,4005,4006,-1,4188,4006,4189,-1,4189,4006,4007,-1,4189,4007,4190,-1,4190,4007,4008,-1,4190,4008,4191,-1,4191,4008,4009,-1,4191,4009,4192,-1,4192,4009,4010,-1,4192,4010,4193,-1,4193,4010,4011,-1,4193,4011,4194,-1,4194,4011,4012,-1,4194,4012,4195,-1,4195,4012,4013,-1,4195,4013,4196,-1,4196,4013,4014,-1,4196,4014,4197,-1,4197,4014,4015,-1,4197,4015,4198,-1,4198,4015,4016,-1,4198,4016,4199,-1,4199,4016,3991,-1,4200,4201,4202,-1,4200,4202,4203,-1,4204,4203,4202,-1,4205,4204,4202,-1,4206,4205,4202,-1,4207,4206,4202,-1,4208,4207,4202,-1,4209,4208,4202,-1,4210,4209,4202,-1,4211,4210,4202,-1,4212,4211,4202,-1,4213,4212,4202,-1,4214,4213,4202,-1,4215,4214,4202,-1,4216,4215,4202,-1,4217,4216,4202,-1,4218,4217,4202,-1,4219,4218,4202,-1,4220,4219,4202,-1,4221,4220,4202,-1,4222,4221,4202,-1,4223,4222,4202,-1,4224,4223,4202,-1,4225,4224,4202,-1,4226,4225,4202,-1,4201,4226,4202,-1,4227,4228,4229,-1,4229,4228,4230,-1,4229,4230,4231,-1,4231,4230,4232,-1,4231,4232,4233,-1,4233,4232,4234,-1,4233,4234,4235,-1,4235,4234,4236,-1,4235,4236,4237,-1,4237,4236,4238,-1,4237,4238,4239,-1,4239,4238,4240,-1,4239,4240,4241,-1,4241,4240,4242,-1,4241,4242,4243,-1,4243,4242,4244,-1,4243,4244,4245,-1,4245,4244,4246,-1,4245,4246,4247,-1,4247,4246,4248,-1,4247,4248,4249,-1,4249,4248,4250,-1,4249,4250,4251,-1,4251,4250,4252,-1,4251,4252,4253,-1,4253,4252,4254,-1,4253,4254,4255,-1,4255,4254,4256,-1,4255,4256,4257,-1,4257,4256,4258,-1,4257,4258,4259,-1,4259,4258,4260,-1,4259,4260,4261,-1,4261,4260,4262,-1,4261,4262,4263,-1,4263,4262,4264,-1,4263,4264,4265,-1,4265,4264,4266,-1,4265,4266,4267,-1,4267,4266,4268,-1,4267,4268,4269,-1,4269,4268,4270,-1,4269,4270,4271,-1,4271,4270,4272,-1,4271,4272,4273,-1,4273,4272,4274,-1,4273,4274,4275,-1,4275,4274,4276,-1,4275,4276,4277,-1,4277,4276,4278,-1,4277,4278,4279,-1,4279,4278,4227,-1,4279,4227,4229,-1,4267,4280,4265,-1,4265,4280,4281,-1,4265,4281,4263,-1,4263,4281,4282,-1,4263,4282,4261,-1,4261,4282,4283,-1,4261,4283,4259,-1,4259,4283,4284,-1,4259,4284,4257,-1,4257,4284,4285,-1,4257,4285,4255,-1,4255,4285,4286,-1,4255,4286,4253,-1,4253,4286,4287,-1,4253,4287,4251,-1,4251,4287,4288,-1,4251,4288,4249,-1,4249,4288,4289,-1,4249,4289,4247,-1,4247,4289,4290,-1,4247,4290,4245,-1,4245,4290,4291,-1,4245,4291,4243,-1,4243,4291,4292,-1,4243,4292,4241,-1,4241,4292,4293,-1,4241,4293,4239,-1,4239,4293,4294,-1,4239,4294,4237,-1,4237,4294,4295,-1,4237,4295,4235,-1,4235,4295,4296,-1,4235,4296,4233,-1,4233,4296,4297,-1,4233,4297,4231,-1,4231,4297,4298,-1,4231,4298,4229,-1,4229,4298,4299,-1,4229,4299,4279,-1,4279,4299,4300,-1,4279,4300,4277,-1,4277,4300,4301,-1,4277,4301,4275,-1,4275,4301,4302,-1,4275,4302,4273,-1,4273,4302,4303,-1,4273,4303,4271,-1,4271,4303,4304,-1,4271,4304,4269,-1,4269,4304,4305,-1,4269,4305,4267,-1,4267,4305,4280,-1,4305,4306,4280,-1,4280,4306,4307,-1,4280,4307,4281,-1,4281,4307,4308,-1,4281,4308,4282,-1,4282,4308,4309,-1,4282,4309,4283,-1,4283,4309,4310,-1,4283,4310,4284,-1,4284,4310,4311,-1,4284,4311,4285,-1,4285,4311,4312,-1,4285,4312,4286,-1,4286,4312,4313,-1,4286,4313,4287,-1,4287,4313,4314,-1,4287,4314,4288,-1,4288,4314,4315,-1,4288,4315,4289,-1,4289,4315,4316,-1,4289,4316,4290,-1,4290,4316,4317,-1,4290,4317,4291,-1,4291,4317,4318,-1,4291,4318,4292,-1,4292,4318,4319,-1,4292,4319,4293,-1,4293,4319,4320,-1,4293,4320,4294,-1,4294,4320,4321,-1,4294,4321,4295,-1,4295,4321,4322,-1,4295,4322,4296,-1,4296,4322,4323,-1,4296,4323,4297,-1,4297,4323,4324,-1,4297,4324,4298,-1,4298,4324,4325,-1,4298,4325,4299,-1,4299,4325,4326,-1,4299,4326,4300,-1,4300,4326,4327,-1,4300,4327,4301,-1,4301,4327,4328,-1,4301,4328,4302,-1,4302,4328,4329,-1,4302,4329,4303,-1,4303,4329,4330,-1,4303,4330,4304,-1,4304,4330,4331,-1,4304,4331,4305,-1,4305,4331,4306,-1,4331,4332,4306,-1,4306,4332,4333,-1,4306,4333,4307,-1,4307,4333,4334,-1,4307,4334,4308,-1,4308,4334,4335,-1,4308,4335,4309,-1,4309,4335,4336,-1,4309,4336,4310,-1,4310,4336,4337,-1,4310,4337,4311,-1,4311,4337,4338,-1,4311,4338,4312,-1,4312,4338,4339,-1,4312,4339,4313,-1,4313,4339,4340,-1,4313,4340,4314,-1,4314,4340,4341,-1,4314,4341,4315,-1,4315,4341,4342,-1,4315,4342,4316,-1,4316,4342,4343,-1,4316,4343,4317,-1,4317,4343,4344,-1,4317,4344,4318,-1,4318,4344,4345,-1,4318,4345,4319,-1,4319,4345,4346,-1,4319,4346,4320,-1,4320,4346,4347,-1,4320,4347,4321,-1,4321,4347,4348,-1,4321,4348,4322,-1,4322,4348,4349,-1,4322,4349,4323,-1,4323,4349,4350,-1,4323,4350,4324,-1,4324,4350,4351,-1,4324,4351,4325,-1,4325,4351,4352,-1,4325,4352,4326,-1,4326,4352,4353,-1,4326,4353,4327,-1,4327,4353,4354,-1,4327,4354,4328,-1,4328,4354,4355,-1,4328,4355,4329,-1,4329,4355,4356,-1,4329,4356,4330,-1,4330,4356,4357,-1,4330,4357,4331,-1,4331,4357,4332,-1,4357,4358,4332,-1,4332,4358,4359,-1,4332,4359,4333,-1,4333,4359,4360,-1,4333,4360,4334,-1,4334,4360,4361,-1,4334,4361,4335,-1,4335,4361,4362,-1,4335,4362,4336,-1,4336,4362,4363,-1,4336,4363,4337,-1,4337,4363,4364,-1,4337,4364,4338,-1,4338,4364,4365,-1,4338,4365,4339,-1,4339,4365,4366,-1,4339,4366,4340,-1,4340,4366,4367,-1,4340,4367,4341,-1,4341,4367,4368,-1,4341,4368,4342,-1,4342,4368,4369,-1,4342,4369,4343,-1,4343,4369,4370,-1,4343,4370,4344,-1,4344,4370,4371,-1,4344,4371,4345,-1,4345,4371,4372,-1,4345,4372,4346,-1,4346,4372,4373,-1,4346,4373,4347,-1,4347,4373,4374,-1,4347,4374,4348,-1,4348,4374,4375,-1,4348,4375,4349,-1,4349,4375,4376,-1,4349,4376,4350,-1,4350,4376,4377,-1,4350,4377,4351,-1,4351,4377,4378,-1,4351,4378,4352,-1,4352,4378,4379,-1,4352,4379,4353,-1,4353,4379,4380,-1,4353,4380,4354,-1,4354,4380,4381,-1,4354,4381,4355,-1,4355,4381,4382,-1,4355,4382,4356,-1,4356,4382,4383,-1,4356,4383,4357,-1,4357,4383,4358,-1,4383,4384,4358,-1,4358,4384,4385,-1,4358,4385,4359,-1,4359,4385,4386,-1,4359,4386,4360,-1,4360,4386,4387,-1,4360,4387,4361,-1,4361,4387,4388,-1,4361,4388,4362,-1,4362,4388,4389,-1,4362,4389,4363,-1,4363,4389,4390,-1,4363,4390,4364,-1,4364,4390,4391,-1,4364,4391,4365,-1,4365,4391,4392,-1,4365,4392,4366,-1,4366,4392,4393,-1,4366,4393,4367,-1,4367,4393,4394,-1,4367,4394,4368,-1,4368,4394,4395,-1,4368,4395,4369,-1,4369,4395,4396,-1,4369,4396,4370,-1,4370,4396,4397,-1,4370,4397,4371,-1,4371,4397,4398,-1,4371,4398,4372,-1,4372,4398,4399,-1,4372,4399,4373,-1,4373,4399,4400,-1,4373,4400,4374,-1,4374,4400,4401,-1,4374,4401,4375,-1,4375,4401,4402,-1,4375,4402,4376,-1,4376,4402,4403,-1,4376,4403,4377,-1,4377,4403,4404,-1,4377,4404,4378,-1,4378,4404,4405,-1,4378,4405,4379,-1,4379,4405,4406,-1,4379,4406,4380,-1,4380,4406,4407,-1,4380,4407,4381,-1,4381,4407,4408,-1,4381,4408,4382,-1,4382,4408,4409,-1,4382,4409,4383,-1,4383,4409,4384,-1,4409,4201,4384,-1,4384,4201,4200,-1,4384,4200,4385,-1,4385,4200,4203,-1,4385,4203,4386,-1,4386,4203,4204,-1,4386,4204,4387,-1,4387,4204,4205,-1,4387,4205,4388,-1,4388,4205,4206,-1,4388,4206,4389,-1,4389,4206,4207,-1,4389,4207,4390,-1,4390,4207,4208,-1,4390,4208,4391,-1,4391,4208,4209,-1,4391,4209,4392,-1,4392,4209,4210,-1,4392,4210,4393,-1,4393,4210,4211,-1,4393,4211,4394,-1,4394,4211,4212,-1,4394,4212,4395,-1,4395,4212,4213,-1,4395,4213,4396,-1,4396,4213,4214,-1,4396,4214,4397,-1,4397,4214,4215,-1,4397,4215,4398,-1,4398,4215,4216,-1,4398,4216,4399,-1,4399,4216,4217,-1,4399,4217,4400,-1,4400,4217,4218,-1,4400,4218,4401,-1,4401,4218,4219,-1,4401,4219,4402,-1,4402,4219,4220,-1,4402,4220,4403,-1,4403,4220,4221,-1,4403,4221,4404,-1,4404,4221,4222,-1,4404,4222,4405,-1,4405,4222,4223,-1,4405,4223,4406,-1,4406,4223,4224,-1,4406,4224,4407,-1,4407,4224,4225,-1,4407,4225,4408,-1,4408,4225,4226,-1,4408,4226,4409,-1,4409,4226,4201,-1,4410,4411,4412,-1,4410,4412,4413,-1,4414,4413,4412,-1,4415,4414,4412,-1,4416,4415,4412,-1,4417,4416,4412,-1,4418,4417,4412,-1,4419,4418,4412,-1,4420,4419,4412,-1,4421,4420,4412,-1,4422,4421,4412,-1,4423,4422,4412,-1,4424,4423,4412,-1,4425,4424,4412,-1,4426,4425,4412,-1,4427,4426,4412,-1,4428,4427,4412,-1,4429,4428,4412,-1,4430,4429,4412,-1,4431,4430,4412,-1,4432,4431,4412,-1,4433,4432,4412,-1,4434,4433,4412,-1,4435,4434,4412,-1,4436,4435,4412,-1,4411,4436,4412,-1,4437,4438,4439,-1,4439,4438,4440,-1,4439,4440,4441,-1,4441,4440,4442,-1,4441,4442,4443,-1,4443,4442,4444,-1,4443,4444,4445,-1,4445,4444,4446,-1,4445,4446,4447,-1,4447,4446,4448,-1,4447,4448,4449,-1,4449,4448,4450,-1,4449,4450,4451,-1,4451,4450,4452,-1,4451,4452,4453,-1,4453,4452,4454,-1,4453,4454,4455,-1,4455,4454,4456,-1,4455,4456,4457,-1,4457,4456,4458,-1,4457,4458,4459,-1,4459,4458,4460,-1,4459,4460,4461,-1,4461,4460,4462,-1,4461,4462,4463,-1,4463,4462,4464,-1,4463,4464,4465,-1,4465,4464,4466,-1,4465,4466,4467,-1,4467,4466,4468,-1,4467,4468,4469,-1,4469,4468,4470,-1,4469,4470,4471,-1,4471,4470,4472,-1,4471,4472,4473,-1,4473,4472,4474,-1,4473,4474,4475,-1,4475,4474,4476,-1,4475,4476,4477,-1,4477,4476,4478,-1,4477,4478,4479,-1,4479,4478,4480,-1,4479,4480,4481,-1,4481,4480,4482,-1,4481,4482,4483,-1,4483,4482,4484,-1,4483,4484,4485,-1,4485,4484,4486,-1,4485,4486,4487,-1,4487,4486,4488,-1,4487,4488,4489,-1,4489,4488,4437,-1,4489,4437,4439,-1,4477,4490,4475,-1,4475,4490,4491,-1,4475,4491,4473,-1,4473,4491,4492,-1,4473,4492,4471,-1,4471,4492,4493,-1,4471,4493,4469,-1,4469,4493,4494,-1,4469,4494,4467,-1,4467,4494,4495,-1,4467,4495,4465,-1,4465,4495,4496,-1,4465,4496,4463,-1,4463,4496,4497,-1,4463,4497,4461,-1,4461,4497,4498,-1,4461,4498,4459,-1,4459,4498,4499,-1,4459,4499,4457,-1,4457,4499,4500,-1,4457,4500,4455,-1,4455,4500,4501,-1,4455,4501,4453,-1,4453,4501,4502,-1,4453,4502,4451,-1,4451,4502,4503,-1,4451,4503,4449,-1,4449,4503,4504,-1,4449,4504,4447,-1,4447,4504,4505,-1,4447,4505,4445,-1,4445,4505,4506,-1,4445,4506,4443,-1,4443,4506,4507,-1,4443,4507,4441,-1,4441,4507,4508,-1,4441,4508,4439,-1,4439,4508,4509,-1,4439,4509,4489,-1,4489,4509,4510,-1,4489,4510,4487,-1,4487,4510,4511,-1,4487,4511,4485,-1,4485,4511,4512,-1,4485,4512,4483,-1,4483,4512,4513,-1,4483,4513,4481,-1,4481,4513,4514,-1,4481,4514,4479,-1,4479,4514,4515,-1,4479,4515,4477,-1,4477,4515,4490,-1,4515,4516,4490,-1,4490,4516,4517,-1,4490,4517,4491,-1,4491,4517,4518,-1,4491,4518,4492,-1,4492,4518,4519,-1,4492,4519,4493,-1,4493,4519,4520,-1,4493,4520,4494,-1,4494,4520,4521,-1,4494,4521,4495,-1,4495,4521,4522,-1,4495,4522,4496,-1,4496,4522,4523,-1,4496,4523,4497,-1,4497,4523,4524,-1,4497,4524,4498,-1,4498,4524,4525,-1,4498,4525,4499,-1,4499,4525,4526,-1,4499,4526,4500,-1,4500,4526,4527,-1,4500,4527,4501,-1,4501,4527,4528,-1,4501,4528,4502,-1,4502,4528,4529,-1,4502,4529,4503,-1,4503,4529,4530,-1,4503,4530,4504,-1,4504,4530,4531,-1,4504,4531,4505,-1,4505,4531,4532,-1,4505,4532,4506,-1,4506,4532,4533,-1,4506,4533,4507,-1,4507,4533,4534,-1,4507,4534,4508,-1,4508,4534,4535,-1,4508,4535,4509,-1,4509,4535,4536,-1,4509,4536,4510,-1,4510,4536,4537,-1,4510,4537,4511,-1,4511,4537,4538,-1,4511,4538,4512,-1,4512,4538,4539,-1,4512,4539,4513,-1,4513,4539,4540,-1,4513,4540,4514,-1,4514,4540,4541,-1,4514,4541,4515,-1,4515,4541,4516,-1,4541,4542,4516,-1,4516,4542,4543,-1,4516,4543,4517,-1,4517,4543,4544,-1,4517,4544,4518,-1,4518,4544,4545,-1,4518,4545,4519,-1,4519,4545,4546,-1,4519,4546,4520,-1,4520,4546,4547,-1,4520,4547,4521,-1,4521,4547,4548,-1,4521,4548,4522,-1,4522,4548,4549,-1,4522,4549,4523,-1,4523,4549,4550,-1,4523,4550,4524,-1,4524,4550,4551,-1,4524,4551,4525,-1,4525,4551,4552,-1,4525,4552,4526,-1,4526,4552,4553,-1,4526,4553,4527,-1,4527,4553,4554,-1,4527,4554,4528,-1,4528,4554,4555,-1,4528,4555,4529,-1,4529,4555,4556,-1,4529,4556,4530,-1,4530,4556,4557,-1,4530,4557,4531,-1,4531,4557,4558,-1,4531,4558,4532,-1,4532,4558,4559,-1,4532,4559,4533,-1,4533,4559,4560,-1,4533,4560,4534,-1,4534,4560,4561,-1,4534,4561,4535,-1,4535,4561,4562,-1,4535,4562,4536,-1,4536,4562,4563,-1,4536,4563,4537,-1,4537,4563,4564,-1,4537,4564,4538,-1,4538,4564,4565,-1,4538,4565,4539,-1,4539,4565,4566,-1,4539,4566,4540,-1,4540,4566,4567,-1,4540,4567,4541,-1,4541,4567,4542,-1,4567,4568,4542,-1,4542,4568,4569,-1,4542,4569,4543,-1,4543,4569,4570,-1,4543,4570,4544,-1,4544,4570,4571,-1,4544,4571,4545,-1,4545,4571,4572,-1,4545,4572,4546,-1,4546,4572,4573,-1,4546,4573,4547,-1,4547,4573,4574,-1,4547,4574,4548,-1,4548,4574,4575,-1,4548,4575,4549,-1,4549,4575,4576,-1,4549,4576,4550,-1,4550,4576,4577,-1,4550,4577,4551,-1,4551,4577,4578,-1,4551,4578,4552,-1,4552,4578,4579,-1,4552,4579,4553,-1,4553,4579,4580,-1,4553,4580,4554,-1,4554,4580,4581,-1,4554,4581,4555,-1,4555,4581,4582,-1,4555,4582,4556,-1,4556,4582,4583,-1,4556,4583,4557,-1,4557,4583,4584,-1,4557,4584,4558,-1,4558,4584,4585,-1,4558,4585,4559,-1,4559,4585,4586,-1,4559,4586,4560,-1,4560,4586,4587,-1,4560,4587,4561,-1,4561,4587,4588,-1,4561,4588,4562,-1,4562,4588,4589,-1,4562,4589,4563,-1,4563,4589,4590,-1,4563,4590,4564,-1,4564,4590,4591,-1,4564,4591,4565,-1,4565,4591,4592,-1,4565,4592,4566,-1,4566,4592,4593,-1,4566,4593,4567,-1,4567,4593,4568,-1,4593,4594,4568,-1,4568,4594,4595,-1,4568,4595,4569,-1,4569,4595,4596,-1,4569,4596,4570,-1,4570,4596,4597,-1,4570,4597,4571,-1,4571,4597,4598,-1,4571,4598,4572,-1,4572,4598,4599,-1,4572,4599,4573,-1,4573,4599,4600,-1,4573,4600,4574,-1,4574,4600,4601,-1,4574,4601,4575,-1,4575,4601,4602,-1,4575,4602,4576,-1,4576,4602,4603,-1,4576,4603,4577,-1,4577,4603,4604,-1,4577,4604,4578,-1,4578,4604,4605,-1,4578,4605,4579,-1,4579,4605,4606,-1,4579,4606,4580,-1,4580,4606,4607,-1,4580,4607,4581,-1,4581,4607,4608,-1,4581,4608,4582,-1,4582,4608,4609,-1,4582,4609,4583,-1,4583,4609,4610,-1,4583,4610,4584,-1,4584,4610,4611,-1,4584,4611,4585,-1,4585,4611,4612,-1,4585,4612,4586,-1,4586,4612,4613,-1,4586,4613,4587,-1,4587,4613,4614,-1,4587,4614,4588,-1,4588,4614,4615,-1,4588,4615,4589,-1,4589,4615,4616,-1,4589,4616,4590,-1,4590,4616,4617,-1,4590,4617,4591,-1,4591,4617,4618,-1,4591,4618,4592,-1,4592,4618,4619,-1,4592,4619,4593,-1,4593,4619,4594,-1,4619,4411,4594,-1,4594,4411,4410,-1,4594,4410,4595,-1,4595,4410,4413,-1,4595,4413,4596,-1,4596,4413,4414,-1,4596,4414,4597,-1,4597,4414,4415,-1,4597,4415,4598,-1,4598,4415,4416,-1,4598,4416,4599,-1,4599,4416,4417,-1,4599,4417,4600,-1,4600,4417,4418,-1,4600,4418,4601,-1,4601,4418,4419,-1,4601,4419,4602,-1,4602,4419,4420,-1,4602,4420,4603,-1,4603,4420,4421,-1,4603,4421,4604,-1,4604,4421,4422,-1,4604,4422,4605,-1,4605,4422,4423,-1,4605,4423,4606,-1,4606,4423,4424,-1,4606,4424,4607,-1,4607,4424,4425,-1,4607,4425,4608,-1,4608,4425,4426,-1,4608,4426,4609,-1,4609,4426,4427,-1,4609,4427,4610,-1,4610,4427,4428,-1,4610,4428,4611,-1,4611,4428,4429,-1,4611,4429,4612,-1,4612,4429,4430,-1,4612,4430,4613,-1,4613,4430,4431,-1,4613,4431,4614,-1,4614,4431,4432,-1,4614,4432,4615,-1,4615,4432,4433,-1,4615,4433,4616,-1,4616,4433,4434,-1,4616,4434,4617,-1,4617,4434,4435,-1,4617,4435,4618,-1,4618,4435,4436,-1,4618,4436,4619,-1,4619,4436,4411,-1,4620,4621,4622,-1,4620,4622,4623,-1,4624,4623,4622,-1,4625,4624,4622,-1,4626,4625,4622,-1,4627,4626,4622,-1,4628,4627,4622,-1,4629,4628,4622,-1,4630,4629,4622,-1,4631,4630,4622,-1,4632,4631,4622,-1,4633,4632,4622,-1,4634,4633,4622,-1,4635,4634,4622,-1,4636,4635,4622,-1,4637,4636,4622,-1,4638,4637,4622,-1,4639,4638,4622,-1,4640,4639,4622,-1,4641,4640,4622,-1,4642,4641,4622,-1,4643,4642,4622,-1,4644,4643,4622,-1,4645,4644,4622,-1,4646,4645,4622,-1,4621,4646,4622,-1,4647,4648,4649,-1,4649,4648,4650,-1,4649,4650,4651,-1,4651,4650,4652,-1,4651,4652,4653,-1,4653,4652,4654,-1,4653,4654,4655,-1,4655,4654,4656,-1,4655,4656,4657,-1,4657,4656,4658,-1,4657,4658,4659,-1,4659,4658,4660,-1,4659,4660,4661,-1,4661,4660,4662,-1,4661,4662,4663,-1,4663,4662,4664,-1,4663,4664,4665,-1,4665,4664,4666,-1,4665,4666,4667,-1,4667,4666,4668,-1,4667,4668,4669,-1,4669,4668,4670,-1,4669,4670,4671,-1,4671,4670,4672,-1,4671,4672,4673,-1,4673,4672,4674,-1,4673,4674,4675,-1,4675,4674,4676,-1,4675,4676,4677,-1,4677,4676,4678,-1,4677,4678,4679,-1,4679,4678,4680,-1,4679,4680,4681,-1,4681,4680,4682,-1,4681,4682,4683,-1,4683,4682,4684,-1,4683,4684,4685,-1,4685,4684,4686,-1,4685,4686,4687,-1,4687,4686,4688,-1,4687,4688,4689,-1,4689,4688,4690,-1,4689,4690,4691,-1,4691,4690,4692,-1,4691,4692,4693,-1,4693,4692,4694,-1,4693,4694,4695,-1,4695,4694,4696,-1,4695,4696,4697,-1,4697,4696,4698,-1,4697,4698,4699,-1,4699,4698,4647,-1,4699,4647,4649,-1,4687,4700,4685,-1,4685,4700,4701,-1,4685,4701,4683,-1,4683,4701,4702,-1,4683,4702,4681,-1,4681,4702,4703,-1,4681,4703,4679,-1,4679,4703,4704,-1,4679,4704,4677,-1,4677,4704,4705,-1,4677,4705,4675,-1,4675,4705,4706,-1,4675,4706,4673,-1,4673,4706,4707,-1,4673,4707,4671,-1,4671,4707,4708,-1,4671,4708,4669,-1,4669,4708,4709,-1,4669,4709,4667,-1,4667,4709,4710,-1,4667,4710,4665,-1,4665,4710,4711,-1,4665,4711,4663,-1,4663,4711,4712,-1,4663,4712,4661,-1,4661,4712,4713,-1,4661,4713,4659,-1,4659,4713,4714,-1,4659,4714,4657,-1,4657,4714,4715,-1,4657,4715,4655,-1,4655,4715,4716,-1,4655,4716,4653,-1,4653,4716,4717,-1,4653,4717,4651,-1,4651,4717,4718,-1,4651,4718,4649,-1,4649,4718,4719,-1,4649,4719,4699,-1,4699,4719,4720,-1,4699,4720,4697,-1,4697,4720,4721,-1,4697,4721,4695,-1,4695,4721,4722,-1,4695,4722,4693,-1,4693,4722,4723,-1,4693,4723,4691,-1,4691,4723,4724,-1,4691,4724,4689,-1,4689,4724,4725,-1,4689,4725,4687,-1,4687,4725,4700,-1,4725,4726,4700,-1,4700,4726,4727,-1,4700,4727,4701,-1,4701,4727,4728,-1,4701,4728,4702,-1,4702,4728,4729,-1,4702,4729,4703,-1,4703,4729,4730,-1,4703,4730,4704,-1,4704,4730,4731,-1,4704,4731,4705,-1,4705,4731,4732,-1,4705,4732,4706,-1,4706,4732,4733,-1,4706,4733,4707,-1,4707,4733,4734,-1,4707,4734,4708,-1,4708,4734,4735,-1,4708,4735,4709,-1,4709,4735,4736,-1,4709,4736,4710,-1,4710,4736,4737,-1,4710,4737,4711,-1,4711,4737,4738,-1,4711,4738,4712,-1,4712,4738,4739,-1,4712,4739,4713,-1,4713,4739,4740,-1,4713,4740,4714,-1,4714,4740,4741,-1,4714,4741,4715,-1,4715,4741,4742,-1,4715,4742,4716,-1,4716,4742,4743,-1,4716,4743,4717,-1,4717,4743,4744,-1,4717,4744,4718,-1,4718,4744,4745,-1,4718,4745,4719,-1,4719,4745,4746,-1,4719,4746,4720,-1,4720,4746,4747,-1,4720,4747,4721,-1,4721,4747,4748,-1,4721,4748,4722,-1,4722,4748,4749,-1,4722,4749,4723,-1,4723,4749,4750,-1,4723,4750,4724,-1,4724,4750,4751,-1,4724,4751,4725,-1,4725,4751,4726,-1,4751,4752,4726,-1,4726,4752,4753,-1,4726,4753,4727,-1,4727,4753,4754,-1,4727,4754,4728,-1,4728,4754,4755,-1,4728,4755,4729,-1,4729,4755,4756,-1,4729,4756,4730,-1,4730,4756,4757,-1,4730,4757,4731,-1,4731,4757,4758,-1,4731,4758,4732,-1,4732,4758,4759,-1,4732,4759,4733,-1,4733,4759,4760,-1,4733,4760,4734,-1,4734,4760,4761,-1,4734,4761,4735,-1,4735,4761,4762,-1,4735,4762,4736,-1,4736,4762,4763,-1,4736,4763,4737,-1,4737,4763,4764,-1,4737,4764,4738,-1,4738,4764,4765,-1,4738,4765,4739,-1,4739,4765,4766,-1,4739,4766,4740,-1,4740,4766,4767,-1,4740,4767,4741,-1,4741,4767,4768,-1,4741,4768,4742,-1,4742,4768,4769,-1,4742,4769,4743,-1,4743,4769,4770,-1,4743,4770,4744,-1,4744,4770,4771,-1,4744,4771,4745,-1,4745,4771,4772,-1,4745,4772,4746,-1,4746,4772,4773,-1,4746,4773,4747,-1,4747,4773,4774,-1,4747,4774,4748,-1,4748,4774,4775,-1,4748,4775,4749,-1,4749,4775,4776,-1,4749,4776,4750,-1,4750,4776,4777,-1,4750,4777,4751,-1,4751,4777,4752,-1,4777,4778,4752,-1,4752,4778,4779,-1,4752,4779,4753,-1,4753,4779,4780,-1,4753,4780,4754,-1,4754,4780,4781,-1,4754,4781,4755,-1,4755,4781,4782,-1,4755,4782,4756,-1,4756,4782,4783,-1,4756,4783,4757,-1,4757,4783,4784,-1,4757,4784,4758,-1,4758,4784,4785,-1,4758,4785,4759,-1,4759,4785,4786,-1,4759,4786,4760,-1,4760,4786,4787,-1,4760,4787,4761,-1,4761,4787,4788,-1,4761,4788,4762,-1,4762,4788,4789,-1,4762,4789,4763,-1,4763,4789,4790,-1,4763,4790,4764,-1,4764,4790,4791,-1,4764,4791,4765,-1,4765,4791,4792,-1,4765,4792,4766,-1,4766,4792,4793,-1,4766,4793,4767,-1,4767,4793,4794,-1,4767,4794,4768,-1,4768,4794,4795,-1,4768,4795,4769,-1,4769,4795,4796,-1,4769,4796,4770,-1,4770,4796,4797,-1,4770,4797,4771,-1,4771,4797,4798,-1,4771,4798,4772,-1,4772,4798,4799,-1,4772,4799,4773,-1,4773,4799,4800,-1,4773,4800,4774,-1,4774,4800,4801,-1,4774,4801,4775,-1,4775,4801,4802,-1,4775,4802,4776,-1,4776,4802,4803,-1,4776,4803,4777,-1,4777,4803,4778,-1,4803,4804,4778,-1,4778,4804,4805,-1,4778,4805,4779,-1,4779,4805,4806,-1,4779,4806,4780,-1,4780,4806,4807,-1,4780,4807,4781,-1,4781,4807,4808,-1,4781,4808,4782,-1,4782,4808,4809,-1,4782,4809,4783,-1,4783,4809,4810,-1,4783,4810,4784,-1,4784,4810,4811,-1,4784,4811,4785,-1,4785,4811,4812,-1,4785,4812,4786,-1,4786,4812,4813,-1,4786,4813,4787,-1,4787,4813,4814,-1,4787,4814,4788,-1,4788,4814,4815,-1,4788,4815,4789,-1,4789,4815,4816,-1,4789,4816,4790,-1,4790,4816,4817,-1,4790,4817,4791,-1,4791,4817,4818,-1,4791,4818,4792,-1,4792,4818,4819,-1,4792,4819,4793,-1,4793,4819,4820,-1,4793,4820,4794,-1,4794,4820,4821,-1,4794,4821,4795,-1,4795,4821,4822,-1,4795,4822,4796,-1,4796,4822,4823,-1,4796,4823,4797,-1,4797,4823,4824,-1,4797,4824,4798,-1,4798,4824,4825,-1,4798,4825,4799,-1,4799,4825,4826,-1,4799,4826,4800,-1,4800,4826,4827,-1,4800,4827,4801,-1,4801,4827,4828,-1,4801,4828,4802,-1,4802,4828,4829,-1,4802,4829,4803,-1,4803,4829,4804,-1,4829,4621,4804,-1,4804,4621,4620,-1,4804,4620,4805,-1,4805,4620,4623,-1,4805,4623,4806,-1,4806,4623,4624,-1,4806,4624,4807,-1,4807,4624,4625,-1,4807,4625,4808,-1,4808,4625,4626,-1,4808,4626,4809,-1,4809,4626,4627,-1,4809,4627,4810,-1,4810,4627,4628,-1,4810,4628,4811,-1,4811,4628,4629,-1,4811,4629,4812,-1,4812,4629,4630,-1,4812,4630,4813,-1,4813,4630,4631,-1,4813,4631,4814,-1,4814,4631,4632,-1,4814,4632,4815,-1,4815,4632,4633,-1,4815,4633,4816,-1,4816,4633,4634,-1,4816,4634,4817,-1,4817,4634,4635,-1,4817,4635,4818,-1,4818,4635,4636,-1,4818,4636,4819,-1,4819,4636,4637,-1,4819,4637,4820,-1,4820,4637,4638,-1,4820,4638,4821,-1,4821,4638,4639,-1,4821,4639,4822,-1,4822,4639,4640,-1,4822,4640,4823,-1,4823,4640,4641,-1,4823,4641,4824,-1,4824,4641,4642,-1,4824,4642,4825,-1,4825,4642,4643,-1,4825,4643,4826,-1,4826,4643,4644,-1,4826,4644,4827,-1,4827,4644,4645,-1,4827,4645,4828,-1,4828,4645,4646,-1,4828,4646,4829,-1,4829,4646,4621,-1,4830,4831,4832,-1,4830,4832,4833,-1,4834,4833,4832,-1,4835,4834,4832,-1,4836,4835,4832,-1,4837,4836,4832,-1,4838,4837,4832,-1,4839,4838,4832,-1,4840,4839,4832,-1,4841,4840,4832,-1,4842,4841,4832,-1,4843,4842,4832,-1,4844,4843,4832,-1,4845,4844,4832,-1,4846,4845,4832,-1,4847,4846,4832,-1,4848,4847,4832,-1,4849,4848,4832,-1,4850,4849,4832,-1,4851,4850,4832,-1,4852,4851,4832,-1,4853,4852,4832,-1,4854,4853,4832,-1,4855,4854,4832,-1,4856,4855,4832,-1,4831,4856,4832,-1,4857,4858,4859,-1,4859,4858,4860,-1,4859,4860,4861,-1,4861,4860,4862,-1,4861,4862,4863,-1,4863,4862,4864,-1,4863,4864,4865,-1,4865,4864,4866,-1,4865,4866,4867,-1,4867,4866,4868,-1,4867,4868,4869,-1,4869,4868,4870,-1,4869,4870,4871,-1,4871,4870,4872,-1,4871,4872,4873,-1,4873,4872,4874,-1,4873,4874,4875,-1,4875,4874,4876,-1,4875,4876,4877,-1,4877,4876,4878,-1,4877,4878,4879,-1,4879,4878,4880,-1,4879,4880,4881,-1,4881,4880,4882,-1,4881,4882,4883,-1,4883,4882,4884,-1,4883,4884,4885,-1,4885,4884,4886,-1,4885,4886,4887,-1,4887,4886,4888,-1,4887,4888,4889,-1,4889,4888,4890,-1,4889,4890,4891,-1,4891,4890,4892,-1,4891,4892,4893,-1,4893,4892,4894,-1,4893,4894,4895,-1,4895,4894,4896,-1,4895,4896,4897,-1,4897,4896,4898,-1,4897,4898,4899,-1,4899,4898,4900,-1,4899,4900,4901,-1,4901,4900,4902,-1,4901,4902,4903,-1,4903,4902,4904,-1,4903,4904,4905,-1,4905,4904,4906,-1,4905,4906,4907,-1,4907,4906,4908,-1,4907,4908,4909,-1,4909,4908,4857,-1,4909,4857,4859,-1,4897,4910,4895,-1,4895,4910,4911,-1,4895,4911,4893,-1,4893,4911,4912,-1,4893,4912,4891,-1,4891,4912,4913,-1,4891,4913,4889,-1,4889,4913,4914,-1,4889,4914,4887,-1,4887,4914,4915,-1,4887,4915,4885,-1,4885,4915,4916,-1,4885,4916,4883,-1,4883,4916,4917,-1,4883,4917,4881,-1,4881,4917,4918,-1,4881,4918,4879,-1,4879,4918,4919,-1,4879,4919,4877,-1,4877,4919,4920,-1,4877,4920,4875,-1,4875,4920,4921,-1,4875,4921,4873,-1,4873,4921,4922,-1,4873,4922,4871,-1,4871,4922,4923,-1,4871,4923,4869,-1,4869,4923,4924,-1,4869,4924,4867,-1,4867,4924,4925,-1,4867,4925,4865,-1,4865,4925,4926,-1,4865,4926,4863,-1,4863,4926,4927,-1,4863,4927,4861,-1,4861,4927,4928,-1,4861,4928,4859,-1,4859,4928,4929,-1,4859,4929,4909,-1,4909,4929,4930,-1,4909,4930,4907,-1,4907,4930,4931,-1,4907,4931,4905,-1,4905,4931,4932,-1,4905,4932,4903,-1,4903,4932,4933,-1,4903,4933,4901,-1,4901,4933,4934,-1,4901,4934,4899,-1,4899,4934,4935,-1,4899,4935,4897,-1,4897,4935,4910,-1,4935,4936,4910,-1,4910,4936,4937,-1,4910,4937,4911,-1,4911,4937,4938,-1,4911,4938,4912,-1,4912,4938,4939,-1,4912,4939,4913,-1,4913,4939,4940,-1,4913,4940,4914,-1,4914,4940,4941,-1,4914,4941,4915,-1,4915,4941,4942,-1,4915,4942,4916,-1,4916,4942,4943,-1,4916,4943,4917,-1,4917,4943,4944,-1,4917,4944,4918,-1,4918,4944,4945,-1,4918,4945,4919,-1,4919,4945,4946,-1,4919,4946,4920,-1,4920,4946,4947,-1,4920,4947,4921,-1,4921,4947,4948,-1,4921,4948,4922,-1,4922,4948,4949,-1,4922,4949,4923,-1,4923,4949,4950,-1,4923,4950,4924,-1,4924,4950,4951,-1,4924,4951,4925,-1,4925,4951,4952,-1,4925,4952,4926,-1,4926,4952,4953,-1,4926,4953,4927,-1,4927,4953,4954,-1,4927,4954,4928,-1,4928,4954,4955,-1,4928,4955,4929,-1,4929,4955,4956,-1,4929,4956,4930,-1,4930,4956,4957,-1,4930,4957,4931,-1,4931,4957,4958,-1,4931,4958,4932,-1,4932,4958,4959,-1,4932,4959,4933,-1,4933,4959,4960,-1,4933,4960,4934,-1,4934,4960,4961,-1,4934,4961,4935,-1,4935,4961,4936,-1,4961,4962,4936,-1,4936,4962,4963,-1,4936,4963,4937,-1,4937,4963,4964,-1,4937,4964,4938,-1,4938,4964,4965,-1,4938,4965,4939,-1,4939,4965,4966,-1,4939,4966,4940,-1,4940,4966,4967,-1,4940,4967,4941,-1,4941,4967,4968,-1,4941,4968,4942,-1,4942,4968,4969,-1,4942,4969,4943,-1,4943,4969,4970,-1,4943,4970,4944,-1,4944,4970,4971,-1,4944,4971,4945,-1,4945,4971,4972,-1,4945,4972,4946,-1,4946,4972,4973,-1,4946,4973,4947,-1,4947,4973,4974,-1,4947,4974,4948,-1,4948,4974,4975,-1,4948,4975,4949,-1,4949,4975,4976,-1,4949,4976,4950,-1,4950,4976,4977,-1,4950,4977,4951,-1,4951,4977,4978,-1,4951,4978,4952,-1,4952,4978,4979,-1,4952,4979,4953,-1,4953,4979,4980,-1,4953,4980,4954,-1,4954,4980,4981,-1,4954,4981,4955,-1,4955,4981,4982,-1,4955,4982,4956,-1,4956,4982,4983,-1,4956,4983,4957,-1,4957,4983,4984,-1,4957,4984,4958,-1,4958,4984,4985,-1,4958,4985,4959,-1,4959,4985,4986,-1,4959,4986,4960,-1,4960,4986,4987,-1,4960,4987,4961,-1,4961,4987,4962,-1,4987,4988,4962,-1,4962,4988,4989,-1,4962,4989,4963,-1,4963,4989,4990,-1,4963,4990,4964,-1,4964,4990,4991,-1,4964,4991,4965,-1,4965,4991,4992,-1,4965,4992,4966,-1,4966,4992,4993,-1,4966,4993,4967,-1,4967,4993,4994,-1,4967,4994,4968,-1,4968,4994,4995,-1,4968,4995,4969,-1,4969,4995,4996,-1,4969,4996,4970,-1,4970,4996,4997,-1,4970,4997,4971,-1,4971,4997,4998,-1,4971,4998,4972,-1,4972,4998,4999,-1,4972,4999,4973,-1,4973,4999,5000,-1,4973,5000,4974,-1,4974,5000,5001,-1,4974,5001,4975,-1,4975,5001,5002,-1,4975,5002,4976,-1,4976,5002,5003,-1,4976,5003,4977,-1,4977,5003,5004,-1,4977,5004,4978,-1,4978,5004,5005,-1,4978,5005,4979,-1,4979,5005,5006,-1,4979,5006,4980,-1,4980,5006,5007,-1,4980,5007,4981,-1,4981,5007,5008,-1,4981,5008,4982,-1,4982,5008,5009,-1,4982,5009,4983,-1,4983,5009,5010,-1,4983,5010,4984,-1,4984,5010,5011,-1,4984,5011,4985,-1,4985,5011,5012,-1,4985,5012,4986,-1,4986,5012,5013,-1,4986,5013,4987,-1,4987,5013,4988,-1,5013,5014,4988,-1,4988,5014,5015,-1,4988,5015,4989,-1,4989,5015,5016,-1,4989,5016,4990,-1,4990,5016,5017,-1,4990,5017,4991,-1,4991,5017,5018,-1,4991,5018,4992,-1,4992,5018,5019,-1,4992,5019,4993,-1,4993,5019,5020,-1,4993,5020,4994,-1,4994,5020,5021,-1,4994,5021,4995,-1,4995,5021,5022,-1,4995,5022,4996,-1,4996,5022,5023,-1,4996,5023,4997,-1,4997,5023,5024,-1,4997,5024,4998,-1,4998,5024,5025,-1,4998,5025,4999,-1,4999,5025,5026,-1,4999,5026,5000,-1,5000,5026,5027,-1,5000,5027,5001,-1,5001,5027,5028,-1,5001,5028,5002,-1,5002,5028,5029,-1,5002,5029,5003,-1,5003,5029,5030,-1,5003,5030,5004,-1,5004,5030,5031,-1,5004,5031,5005,-1,5005,5031,5032,-1,5005,5032,5006,-1,5006,5032,5033,-1,5006,5033,5007,-1,5007,5033,5034,-1,5007,5034,5008,-1,5008,5034,5035,-1,5008,5035,5009,-1,5009,5035,5036,-1,5009,5036,5010,-1,5010,5036,5037,-1,5010,5037,5011,-1,5011,5037,5038,-1,5011,5038,5012,-1,5012,5038,5039,-1,5012,5039,5013,-1,5013,5039,5014,-1,5039,4831,5014,-1,5014,4831,4830,-1,5014,4830,5015,-1,5015,4830,4833,-1,5015,4833,5016,-1,5016,4833,4834,-1,5016,4834,5017,-1,5017,4834,4835,-1,5017,4835,5018,-1,5018,4835,4836,-1,5018,4836,5019,-1,5019,4836,4837,-1,5019,4837,5020,-1,5020,4837,4838,-1,5020,4838,5021,-1,5021,4838,4839,-1,5021,4839,5022,-1,5022,4839,4840,-1,5022,4840,5023,-1,5023,4840,4841,-1,5023,4841,5024,-1,5024,4841,4842,-1,5024,4842,5025,-1,5025,4842,4843,-1,5025,4843,5026,-1,5026,4843,4844,-1,5026,4844,5027,-1,5027,4844,4845,-1,5027,4845,5028,-1,5028,4845,4846,-1,5028,4846,5029,-1,5029,4846,4847,-1,5029,4847,5030,-1,5030,4847,4848,-1,5030,4848,5031,-1,5031,4848,4849,-1,5031,4849,5032,-1,5032,4849,4850,-1,5032,4850,5033,-1,5033,4850,4851,-1,5033,4851,5034,-1,5034,4851,4852,-1,5034,4852,5035,-1,5035,4852,4853,-1,5035,4853,5036,-1,5036,4853,4854,-1,5036,4854,5037,-1,5037,4854,4855,-1,5037,4855,5038,-1,5038,4855,4856,-1,5038,4856,5039,-1,5039,4856,4831,-1,5040,5041,5042,-1,5040,5042,5043,-1,5044,5043,5042,-1,5045,5044,5042,-1,5046,5045,5042,-1,5047,5046,5042,-1,5048,5047,5042,-1,5049,5048,5042,-1,5050,5049,5042,-1,5051,5050,5042,-1,5052,5051,5042,-1,5053,5052,5042,-1,5054,5053,5042,-1,5055,5054,5042,-1,5056,5055,5042,-1,5057,5056,5042,-1,5058,5057,5042,-1,5059,5058,5042,-1,5060,5059,5042,-1,5061,5060,5042,-1,5062,5061,5042,-1,5063,5062,5042,-1,5064,5063,5042,-1,5065,5064,5042,-1,5066,5065,5042,-1,5041,5066,5042,-1,5067,5068,5069,-1,5069,5068,5070,-1,5069,5070,5071,-1,5071,5070,5072,-1,5071,5072,5073,-1,5073,5072,5074,-1,5073,5074,5075,-1,5075,5074,5076,-1,5075,5076,5077,-1,5077,5076,5078,-1,5077,5078,5079,-1,5079,5078,5080,-1,5079,5080,5081,-1,5081,5080,5082,-1,5081,5082,5083,-1,5083,5082,5084,-1,5083,5084,5085,-1,5085,5084,5086,-1,5085,5086,5087,-1,5087,5086,5088,-1,5087,5088,5089,-1,5089,5088,5090,-1,5089,5090,5091,-1,5091,5090,5092,-1,5091,5092,5093,-1,5093,5092,5094,-1,5093,5094,5095,-1,5095,5094,5096,-1,5095,5096,5097,-1,5097,5096,5098,-1,5097,5098,5099,-1,5099,5098,5100,-1,5099,5100,5101,-1,5101,5100,5102,-1,5101,5102,5103,-1,5103,5102,5104,-1,5103,5104,5105,-1,5105,5104,5106,-1,5105,5106,5107,-1,5107,5106,5108,-1,5107,5108,5109,-1,5109,5108,5110,-1,5109,5110,5111,-1,5111,5110,5112,-1,5111,5112,5113,-1,5113,5112,5114,-1,5113,5114,5115,-1,5115,5114,5116,-1,5115,5116,5117,-1,5117,5116,5118,-1,5117,5118,5119,-1,5119,5118,5067,-1,5119,5067,5069,-1,5107,5120,5105,-1,5105,5120,5121,-1,5105,5121,5103,-1,5103,5121,5122,-1,5103,5122,5101,-1,5101,5122,5123,-1,5101,5123,5099,-1,5099,5123,5124,-1,5099,5124,5097,-1,5097,5124,5125,-1,5097,5125,5095,-1,5095,5125,5126,-1,5095,5126,5093,-1,5093,5126,5127,-1,5093,5127,5091,-1,5091,5127,5128,-1,5091,5128,5089,-1,5089,5128,5129,-1,5089,5129,5087,-1,5087,5129,5130,-1,5087,5130,5085,-1,5085,5130,5131,-1,5085,5131,5083,-1,5083,5131,5132,-1,5083,5132,5081,-1,5081,5132,5133,-1,5081,5133,5079,-1,5079,5133,5134,-1,5079,5134,5077,-1,5077,5134,5135,-1,5077,5135,5075,-1,5075,5135,5136,-1,5075,5136,5073,-1,5073,5136,5137,-1,5073,5137,5071,-1,5071,5137,5138,-1,5071,5138,5069,-1,5069,5138,5139,-1,5069,5139,5119,-1,5119,5139,5140,-1,5119,5140,5117,-1,5117,5140,5141,-1,5117,5141,5115,-1,5115,5141,5142,-1,5115,5142,5113,-1,5113,5142,5143,-1,5113,5143,5111,-1,5111,5143,5144,-1,5111,5144,5109,-1,5109,5144,5145,-1,5109,5145,5107,-1,5107,5145,5120,-1,5145,5146,5120,-1,5120,5146,5147,-1,5120,5147,5121,-1,5121,5147,5148,-1,5121,5148,5122,-1,5122,5148,5149,-1,5122,5149,5123,-1,5123,5149,5150,-1,5123,5150,5124,-1,5124,5150,5151,-1,5124,5151,5125,-1,5125,5151,5152,-1,5125,5152,5126,-1,5126,5152,5153,-1,5126,5153,5127,-1,5127,5153,5154,-1,5127,5154,5128,-1,5128,5154,5155,-1,5128,5155,5129,-1,5129,5155,5156,-1,5129,5156,5130,-1,5130,5156,5157,-1,5130,5157,5131,-1,5131,5157,5158,-1,5131,5158,5132,-1,5132,5158,5159,-1,5132,5159,5133,-1,5133,5159,5160,-1,5133,5160,5134,-1,5134,5160,5161,-1,5134,5161,5135,-1,5135,5161,5162,-1,5135,5162,5136,-1,5136,5162,5163,-1,5136,5163,5137,-1,5137,5163,5164,-1,5137,5164,5138,-1,5138,5164,5165,-1,5138,5165,5139,-1,5139,5165,5166,-1,5139,5166,5140,-1,5140,5166,5167,-1,5140,5167,5141,-1,5141,5167,5168,-1,5141,5168,5142,-1,5142,5168,5169,-1,5142,5169,5143,-1,5143,5169,5170,-1,5143,5170,5144,-1,5144,5170,5171,-1,5144,5171,5145,-1,5145,5171,5146,-1,5171,5172,5146,-1,5146,5172,5173,-1,5146,5173,5147,-1,5147,5173,5174,-1,5147,5174,5148,-1,5148,5174,5175,-1,5148,5175,5149,-1,5149,5175,5176,-1,5149,5176,5150,-1,5150,5176,5177,-1,5150,5177,5151,-1,5151,5177,5178,-1,5151,5178,5152,-1,5152,5178,5179,-1,5152,5179,5153,-1,5153,5179,5180,-1,5153,5180,5154,-1,5154,5180,5181,-1,5154,5181,5155,-1,5155,5181,5182,-1,5155,5182,5156,-1,5156,5182,5183,-1,5156,5183,5157,-1,5157,5183,5184,-1,5157,5184,5158,-1,5158,5184,5185,-1,5158,5185,5159,-1,5159,5185,5186,-1,5159,5186,5160,-1,5160,5186,5187,-1,5160,5187,5161,-1,5161,5187,5188,-1,5161,5188,5162,-1,5162,5188,5189,-1,5162,5189,5163,-1,5163,5189,5190,-1,5163,5190,5164,-1,5164,5190,5191,-1,5164,5191,5165,-1,5165,5191,5192,-1,5165,5192,5166,-1,5166,5192,5193,-1,5166,5193,5167,-1,5167,5193,5194,-1,5167,5194,5168,-1,5168,5194,5195,-1,5168,5195,5169,-1,5169,5195,5196,-1,5169,5196,5170,-1,5170,5196,5197,-1,5170,5197,5171,-1,5171,5197,5172,-1,5197,5198,5172,-1,5172,5198,5199,-1,5172,5199,5173,-1,5173,5199,5200,-1,5173,5200,5174,-1,5174,5200,5201,-1,5174,5201,5175,-1,5175,5201,5202,-1,5175,5202,5176,-1,5176,5202,5203,-1,5176,5203,5177,-1,5177,5203,5204,-1,5177,5204,5178,-1,5178,5204,5205,-1,5178,5205,5179,-1,5179,5205,5206,-1,5179,5206,5180,-1,5180,5206,5207,-1,5180,5207,5181,-1,5181,5207,5208,-1,5181,5208,5182,-1,5182,5208,5209,-1,5182,5209,5183,-1,5183,5209,5210,-1,5183,5210,5184,-1,5184,5210,5211,-1,5184,5211,5185,-1,5185,5211,5212,-1,5185,5212,5186,-1,5186,5212,5213,-1,5186,5213,5187,-1,5187,5213,5214,-1,5187,5214,5188,-1,5188,5214,5215,-1,5188,5215,5189,-1,5189,5215,5216,-1,5189,5216,5190,-1,5190,5216,5217,-1,5190,5217,5191,-1,5191,5217,5218,-1,5191,5218,5192,-1,5192,5218,5219,-1,5192,5219,5193,-1,5193,5219,5220,-1,5193,5220,5194,-1,5194,5220,5221,-1,5194,5221,5195,-1,5195,5221,5222,-1,5195,5222,5196,-1,5196,5222,5223,-1,5196,5223,5197,-1,5197,5223,5198,-1,5223,5224,5198,-1,5198,5224,5225,-1,5198,5225,5199,-1,5199,5225,5226,-1,5199,5226,5200,-1,5200,5226,5227,-1,5200,5227,5201,-1,5201,5227,5228,-1,5201,5228,5202,-1,5202,5228,5229,-1,5202,5229,5203,-1,5203,5229,5230,-1,5203,5230,5204,-1,5204,5230,5231,-1,5204,5231,5205,-1,5205,5231,5232,-1,5205,5232,5206,-1,5206,5232,5233,-1,5206,5233,5207,-1,5207,5233,5234,-1,5207,5234,5208,-1,5208,5234,5235,-1,5208,5235,5209,-1,5209,5235,5236,-1,5209,5236,5210,-1,5210,5236,5237,-1,5210,5237,5211,-1,5211,5237,5238,-1,5211,5238,5212,-1,5212,5238,5239,-1,5212,5239,5213,-1,5213,5239,5240,-1,5213,5240,5214,-1,5214,5240,5241,-1,5214,5241,5215,-1,5215,5241,5242,-1,5215,5242,5216,-1,5216,5242,5243,-1,5216,5243,5217,-1,5217,5243,5244,-1,5217,5244,5218,-1,5218,5244,5245,-1,5218,5245,5219,-1,5219,5245,5246,-1,5219,5246,5220,-1,5220,5246,5247,-1,5220,5247,5221,-1,5221,5247,5248,-1,5221,5248,5222,-1,5222,5248,5249,-1,5222,5249,5223,-1,5223,5249,5224,-1,5249,5041,5224,-1,5224,5041,5040,-1,5224,5040,5225,-1,5225,5040,5043,-1,5225,5043,5226,-1,5226,5043,5044,-1,5226,5044,5227,-1,5227,5044,5045,-1,5227,5045,5228,-1,5228,5045,5046,-1,5228,5046,5229,-1,5229,5046,5047,-1,5229,5047,5230,-1,5230,5047,5048,-1,5230,5048,5231,-1,5231,5048,5049,-1,5231,5049,5232,-1,5232,5049,5050,-1,5232,5050,5233,-1,5233,5050,5051,-1,5233,5051,5234,-1,5234,5051,5052,-1,5234,5052,5235,-1,5235,5052,5053,-1,5235,5053,5236,-1,5236,5053,5054,-1,5236,5054,5237,-1,5237,5054,5055,-1,5237,5055,5238,-1,5238,5055,5056,-1,5238,5056,5239,-1,5239,5056,5057,-1,5239,5057,5240,-1,5240,5057,5058,-1,5240,5058,5241,-1,5241,5058,5059,-1,5241,5059,5242,-1,5242,5059,5060,-1,5242,5060,5243,-1,5243,5060,5061,-1,5243,5061,5244,-1,5244,5061,5062,-1,5244,5062,5245,-1,5245,5062,5063,-1,5245,5063,5246,-1,5246,5063,5064,-1,5246,5064,5247,-1,5247,5064,5065,-1,5247,5065,5248,-1,5248,5065,5066,-1,5248,5066,5249,-1,5249,5066,5041,-1,
        ]
    }
}
Shape{
    appearance Appearance {
        material  Material 	{
            diffuseColor 1.0 1.0 1.0
            specularColor 0.5019607843137255 0.5019607843137255 0.5019607843137255
            ambientIntensity 1.0
            transparency 0.0
            shininess 0.5
        }
    }
    geometry IndexedFaceSet {
        ccw TRUE
        solid FALSE
        coord DEF co Coordinate {
            point [
                -0.3222 -0.361 0.2303, -0.3201 -0.3627 0.2303, -0.3267 -0.3407 0.2303, -0.3104 -0.3063 0.2303, -0.3091 -0.3071 0.2303, -0.3149 -0.2932 0.2303, -0.2946 -0.3346 0.2303, -0.3091 -0.3401 0.2303, -0.3078 -0.3402 0.2303, -0.2899 -0.3473 0.2303, -0.3017 -0.3482 0.2303, -0.2901 -0.3498 0.2303, -0.3021 -0.35 0.2303, -0.298 -0.293 0.2303, -0.2947 -0.2912 0.2303, -0.3007 -0.2814 0.2303, -0.2602 -0.3027 0.2303, -0.2587 -0.3061 0.2303, -0.2478 -0.3023 0.2303, -0.2576 -0.3096 0.2303, -0.2571 -0.3126 0.2303, -0.3149 -0.343 0.2303, -0.3259 -0.3387 0.2303, -0.3159 -0.3446 0.2303, -0.3164 -0.3464 0.2303, -0.2499 -0.3411 0.2303, -0.2525 -0.3419 0.2303, -0.2497 -0.3532 0.2303, -0.3269 -0.3534 0.2303, -0.3257 -0.3562 0.2303, -0.3242 -0.3587 0.2303, -0.3031 -0.3431 0.2303, -0.3023 -0.3446 0.2303, -0.3018 -0.3463 0.2303, -0.2633 -0.3314 0.2303, -0.2692 -0.3213 0.2303, -0.2899 -0.3454 0.2303, -0.3109 -0.3403 0.2303, -0.3079 -0.3282 0.2303, -0.3089 -0.3282 0.2303, -0.3246 -0.3051 0.2303, -0.327 -0.2938 0.2303, -0.3307 -0.2951 0.2303, -0.306 -0.3408 0.2303, -0.3044 -0.3418 0.2303, -0.3029 -0.3517 0.2303, -0.2919 -0.3557 0.2303, -0.2907 -0.3528 0.2303, -0.314 -0.353 0.2303, -0.3125 -0.3541 0.2303, -0.3174 -0.3643 0.2303, -0.3108 -0.3547 0.2303, -0.3125 -0.341 0.2303, -0.3199 -0.3317 0.2303, -0.314 -0.342 0.2303, -0.3222 -0.3337 0.2303, -0.3242 -0.3361 0.2303, -0.3119 -0.3284 0.2303, -0.3148 -0.3291 0.2303, -0.3175 -0.3303 0.2303, -0.2533 -0.3538 0.2303, -0.2544 -0.3422 0.2303, -0.2645 -0.3538 0.2303, -0.263 -0.3422 0.2303, -0.2654 -0.3536 0.2303, -0.2966 -0.2797 0.2303, -0.2913 -0.29 0.2303, -0.2925 -0.2785 0.2303, -0.3294 -0.3392 0.2303, -0.3327 -0.3513 0.2303, -0.329 -0.3528 0.2303, -0.3275 -0.3062 0.2303, -0.3343 -0.2968 0.2303, -0.3302 -0.3078 0.2303, -0.3376 -0.2989 0.2303, -0.3325 -0.3098 0.2303, -0.2968 -0.3325 0.2303, -0.2993 -0.3307 0.2303, -0.302 -0.3294 0.2303, -0.305 -0.3285 0.2303, -0.2414 -0.3231 0.2303, -0.2313 -0.3169 0.2303, -0.2424 -0.3206 0.2303, -0.233 -0.3137 0.2303, -0.2439 -0.3183 0.2303, -0.2352 -0.3108 0.2303, -0.2458 -0.3163 0.2303, -0.2378 -0.3081 0.2303, -0.2479 -0.3147 0.2303, -0.334 -0.3349 0.2303, -0.3421 -0.3443 0.2303, -0.3319 -0.3372 0.2303, -0.3392 -0.3471 0.2303, -0.3361 -0.3494 0.2303, -0.3232 -0.2931 0.2303, -0.3216 -0.3044 0.2303, -0.3193 -0.2929 0.2303, -0.3191 -0.3042 0.2303, -0.3171 -0.293 0.2303, -0.3162 -0.3045 0.2303, -0.3133 -0.3052 0.2303, -0.3152 -0.3516 0.2303, -0.316 -0.35 0.2303, -0.3164 -0.3483 0.2303, -0.2463 -0.3522 0.2303, -0.243 -0.3507 0.2303, -0.2474 -0.3399 0.2303, -0.2399 -0.3487 0.2303, -0.2453 -0.3382 0.2303, -0.2371 -0.3463 0.2303, -0.2445 -0.3373 0.2303, -0.236 -0.3452 0.2303, -0.2429 -0.3351 0.2303, -0.3045 -0.2835 0.2303, -0.3066 -0.2849 0.2303, -0.3009 -0.2951 0.2303, -0.3096 -0.2873 0.2303, -0.3036 -0.2977 0.2303, -0.3124 -0.2901 0.2303, -0.3058 -0.3006 0.2303, -0.3076 -0.3037 0.2303, -0.2494 -0.2985 0.2303, -0.2515 -0.2949 0.2303, -0.2623 -0.2996 0.2303, -0.2541 -0.2915 0.2303, -0.2647 -0.2968 0.2303, -0.3378 -0.3266 0.2303, -0.3491 -0.3313 0.2303, -0.337 -0.3296 0.2303, -0.3478 -0.335 0.2303, -0.3357 -0.3325 0.2303, -0.3461 -0.3386 0.2303, -0.344 -0.3419 0.2303, -0.3056 -0.3541 0.2303, -0.2976 -0.3626 0.2303, -0.3041 -0.353 0.2303, -0.2955 -0.3607 0.2303, -0.2935 -0.3584 0.2303, -0.3146 -0.3654 0.2303, -0.3115 -0.3661 0.2303, -0.3091 -0.3549 0.2303, -0.3089 -0.3663 0.2303, -0.3072 -0.3547 0.2303, -0.241 -0.3301 0.2303, -0.229 -0.3289 0.2303, -0.2407 -0.3274 0.2303, -0.229 -0.3272 0.2303, -0.2408 -0.3258 0.2303, -0.2293 -0.3237 0.2303, -0.2301 -0.3202 0.2303, -0.2337 -0.3424 0.2303, -0.2319 -0.3393 0.2303, -0.2417 -0.3327 0.2303, -0.2305 -0.336 0.2303, -0.2295 -0.3325 0.2303, -0.3058 -0.3661 0.2303, -0.3029 -0.3653 0.2303, -0.3002 -0.3642 0.2303, -0.2639 -0.342 0.2303, -0.2685 -0.3518 0.2303, -0.2679 -0.3523 0.2303, -0.2838 -0.2775 0.2303, -0.2836 -0.2889 0.2303, -0.2825 -0.2775 0.2303, -0.28 -0.2891 0.2303, -0.336 -0.3145 0.2303, -0.3476 -0.3116 0.2303, -0.3371 -0.3173 0.2303, -0.3489 -0.3153 0.2303, -0.3379 -0.3202 0.2303, -0.3497 -0.3191 0.2303, -0.3381 -0.3232 0.2303, -0.35 -0.3228 0.2303, -0.3381 -0.3238 0.2303, -0.3501 -0.3236 0.2303, -0.3498 -0.3275 0.2303, -0.2555 -0.3126 0.2303, -0.2529 -0.3128 0.2303, -0.2471 -0.3026 0.2303, -0.2503 -0.3135 0.2303, -0.2439 -0.3039 0.2303, -0.2407 -0.3058 0.2303, -0.27 -0.3479 0.2303, -0.2698 -0.3493 0.2303, -0.2693 -0.3506 0.2303, -0.2633 -0.3422 0.2303, -0.2667 -0.3532 0.2303, -0.2882 -0.2777 0.2303, -0.2877 -0.2892 0.2303, -0.2842 -0.2889 0.2303, -0.2655 -0.3422 0.2303, -0.2668 -0.3427 0.2303, -0.2699 -0.3473 0.2303, -0.268 -0.3435 0.2303, -0.2689 -0.3445 0.2303, -0.2696 -0.3459 0.2303, -0.3405 -0.3013 0.2303, -0.3411 -0.302 0.2303, -0.3344 -0.3119 0.2303, -0.3437 -0.3049 0.2303, -0.3459 -0.3081 0.2303, -0.2641 -0.342 0.2303, -0.2571 -0.2882 0.2303, -0.258 -0.2874 0.2303, -0.267 -0.2947 0.2303, -0.2616 -0.2846 0.2303, -0.27 -0.2927 0.2303, -0.2655 -0.2822 0.2303, -0.2732 -0.291 0.2303, -0.2696 -0.2803 0.2303, -0.2765 -0.2898 0.2303, -0.2738 -0.2788 0.2303, -0.2781 -0.2779 0.2303, -0.2692 -0.3213 0.2264, -0.2633 -0.3314 0.2264, -0.2946 -0.3346 0.2264, -0.2899 -0.3454 0.2264, -0.3002 -0.3642 0.2264, -0.3267 -0.3407 0.2264, -0.3109 -0.3403 0.2264, -0.3125 -0.341 0.2264, -0.3159 -0.3446 0.2264, -0.3164 -0.3464 0.2264, -0.3361 -0.3494 0.2264, -0.3164 -0.3483 0.2264, -0.3327 -0.3513 0.2264, -0.2899 -0.3473 0.2264, -0.2901 -0.3498 0.2264, -0.2976 -0.3626 0.2264, -0.2955 -0.3607 0.2264, -0.3319 -0.3372 0.2264, -0.3294 -0.3392 0.2264, -0.2947 -0.2912 0.2264, -0.298 -0.293 0.2264, -0.3045 -0.2835 0.2264, -0.3125 -0.3541 0.2264, -0.3201 -0.3627 0.2264, -0.314 -0.353 0.2264, -0.3222 -0.361 0.2264, -0.3152 -0.3516 0.2264, -0.3091 -0.3549 0.2264, -0.3072 -0.3547 0.2264, -0.3058 -0.3661 0.2264, -0.3029 -0.3517 0.2264, -0.3021 -0.35 0.2264, -0.3017 -0.3482 0.2264, -0.3018 -0.3463 0.2264, -0.3076 -0.3037 0.2264, -0.3091 -0.3071 0.2264, -0.3149 -0.2932 0.2264, -0.3104 -0.3063 0.2264, -0.3275 -0.3062 0.2264, -0.3307 -0.2951 0.2264, -0.3246 -0.3051 0.2264, -0.327 -0.2938 0.2264, -0.3216 -0.3044 0.2264, -0.3232 -0.2931 0.2264, -0.3191 -0.3042 0.2264, -0.3392 -0.3471 0.2264, -0.3421 -0.3443 0.2264, -0.334 -0.3349 0.2264, -0.344 -0.3419 0.2264, -0.3357 -0.3325 0.2264, -0.3461 -0.3386 0.2264, -0.337 -0.3296 0.2264, -0.314 -0.342 0.2264, -0.3149 -0.343 0.2264, -0.2623 -0.2996 0.2264, -0.2515 -0.2949 0.2264, -0.2602 -0.3027 0.2264, -0.2494 -0.2985 0.2264, -0.2587 -0.3061 0.2264, -0.2478 -0.3023 0.2264, -0.2576 -0.3096 0.2264, -0.3066 -0.2849 0.2264, -0.3009 -0.2951 0.2264, -0.3096 -0.2873 0.2264, -0.2503 -0.3135 0.2264, -0.2529 -0.3128 0.2264, -0.2907 -0.3528 0.2264, -0.2919 -0.3557 0.2264, -0.2935 -0.3584 0.2264, -0.3133 -0.3052 0.2264, -0.3162 -0.3045 0.2264, -0.3171 -0.293 0.2264, -0.3193 -0.2929 0.2264, -0.3124 -0.2901 0.2264, -0.3036 -0.2977 0.2264, -0.3058 -0.3006 0.2264, -0.2417 -0.3327 0.2264, -0.2319 -0.3393 0.2264, -0.2429 -0.3351 0.2264, -0.2337 -0.3424 0.2264, -0.2445 -0.3373 0.2264, -0.236 -0.3452 0.2264, -0.2453 -0.3382 0.2264, -0.2371 -0.3463 0.2264, -0.2474 -0.3399 0.2264, -0.2424 -0.3206 0.2264, -0.2313 -0.3169 0.2264, -0.2414 -0.3231 0.2264, -0.2301 -0.3202 0.2264, -0.2408 -0.3258 0.2264, -0.2293 -0.3237 0.2264, -0.2407 -0.3274 0.2264, -0.2555 -0.3126 0.2264, -0.2571 -0.3126 0.2264, -0.3242 -0.3587 0.2264, -0.3257 -0.3562 0.2264, -0.316 -0.35 0.2264, -0.3269 -0.3534 0.2264, -0.329 -0.3528 0.2264, -0.3029 -0.3653 0.2264, -0.3056 -0.3541 0.2264, -0.3041 -0.353 0.2264, -0.3091 -0.3401 0.2264, -0.3079 -0.3282 0.2264, -0.3078 -0.3402 0.2264, -0.305 -0.3285 0.2264, -0.306 -0.3408 0.2264, -0.3089 -0.3663 0.2264, -0.3115 -0.3661 0.2264, -0.3108 -0.3547 0.2264, -0.3146 -0.3654 0.2264, -0.3174 -0.3643 0.2264, -0.302 -0.3294 0.2264, -0.2993 -0.3307 0.2264, -0.3044 -0.3418 0.2264, -0.2968 -0.3325 0.2264, -0.3031 -0.3431 0.2264, -0.3023 -0.3446 0.2264, -0.3175 -0.3303 0.2264, -0.3148 -0.3291 0.2264, -0.3371 -0.3173 0.2264, -0.3476 -0.3116 0.2264, -0.336 -0.3145 0.2264, -0.3459 -0.3081 0.2264, -0.3344 -0.3119 0.2264, -0.3478 -0.335 0.2264, -0.3491 -0.3313 0.2264, -0.3378 -0.3266 0.2264, -0.3498 -0.3275 0.2264, -0.3381 -0.3238 0.2264, -0.3501 -0.3236 0.2264, -0.3381 -0.3232 0.2264, -0.35 -0.3228 0.2264, -0.3379 -0.3202 0.2264, -0.3497 -0.3191 0.2264, -0.3489 -0.3153 0.2264, -0.2679 -0.3523 0.2264, -0.2685 -0.3518 0.2264, -0.2639 -0.342 0.2264, -0.2693 -0.3506 0.2264, -0.229 -0.3272 0.2264, -0.229 -0.3289 0.2264, -0.241 -0.3301 0.2264, -0.2295 -0.3325 0.2264, -0.2305 -0.336 0.2264, -0.2471 -0.3026 0.2264, -0.2439 -0.3039 0.2264, -0.2479 -0.3147 0.2264, -0.2407 -0.3058 0.2264, -0.2458 -0.3163 0.2264, -0.2378 -0.3081 0.2264, -0.2439 -0.3183 0.2264, -0.2352 -0.3108 0.2264, -0.233 -0.3137 0.2264, -0.3242 -0.3361 0.2264, -0.3222 -0.3337 0.2264, -0.3199 -0.3317 0.2264, -0.3119 -0.3284 0.2264, -0.3089 -0.3282 0.2264, -0.3437 -0.3049 0.2264, -0.3411 -0.302 0.2264, -0.3325 -0.3098 0.2264, -0.3405 -0.3013 0.2264, -0.3302 -0.3078 0.2264, -0.3376 -0.2989 0.2264, -0.3343 -0.2968 0.2264, -0.2399 -0.3487 0.2264, -0.243 -0.3507 0.2264, -0.2499 -0.3411 0.2264, -0.2463 -0.3522 0.2264, -0.2525 -0.3419 0.2264, -0.2497 -0.3532 0.2264, -0.2544 -0.3422 0.2264, -0.2533 -0.3538 0.2264, -0.263 -0.3422 0.2264, -0.2645 -0.3538 0.2264, -0.2633 -0.3422 0.2264, -0.2654 -0.3536 0.2264, -0.2667 -0.3532 0.2264, -0.2698 -0.3493 0.2264, -0.27 -0.3479 0.2264, -0.2699 -0.3473 0.2264, -0.3259 -0.3387 0.2264, -0.2696 -0.3459 0.2264, -0.2689 -0.3445 0.2264, -0.268 -0.3435 0.2264, -0.2668 -0.3427 0.2264, -0.267 -0.2947 0.2264, -0.258 -0.2874 0.2264, -0.2647 -0.2968 0.2264, -0.2571 -0.2882 0.2264, -0.2541 -0.2915 0.2264, -0.3007 -0.2814 0.2264, -0.2966 -0.2797 0.2264, -0.2913 -0.29 0.2264, -0.2925 -0.2785 0.2264, -0.2877 -0.2892 0.2264, -0.2882 -0.2777 0.2264, -0.2842 -0.2889 0.2264, -0.2838 -0.2775 0.2264, -0.2836 -0.2889 0.2264, -0.2825 -0.2775 0.2264, -0.28 -0.2891 0.2264, -0.2781 -0.2779 0.2264, -0.2765 -0.2898 0.2264, -0.2738 -0.2788 0.2264, -0.2732 -0.291 0.2264, -0.2696 -0.2803 0.2264, -0.27 -0.2927 0.2264, -0.2655 -0.2822 0.2264, -0.2616 -0.2846 0.2264, -0.2655 -0.3422 0.2264, -0.2641 -0.342 0.2264, -0.193 -0.3083 0.2303, -0.193 -0.3113 0.2303, -0.193 -0.3083 0.2264, -0.193 -0.3113 0.2264, -0.2037 -0.3083 0.2303, -0.2037 -0.3083 0.2264, -0.2037 -0.2847 0.2303, -0.2037 -0.2847 0.2264, -0.2071 -0.2847 0.2303, -0.2071 -0.2847 0.2264, -0.2071 -0.3113 0.2303, -0.2071 -0.3113 0.2264, -0.1794 -0.3118 0.2303, -0.1794 -0.3118 0.2264, -0.1777 -0.3117 0.2264, -0.1777 -0.3117 0.2303, -0.1762 -0.3116 0.2264, -0.1762 -0.3116 0.2303, -0.1748 -0.3113 0.2264, -0.1748 -0.3113 0.2303, -0.1736 -0.3109 0.2264, -0.1736 -0.3109 0.2303, -0.1725 -0.3105 0.2264, -0.1725 -0.3105 0.2303, -0.172 -0.3102 0.2264, -0.172 -0.3102 0.2303, -0.172 -0.3069 0.2303, -0.172 -0.3069 0.2264, -0.173 -0.3075 0.2264, -0.173 -0.3075 0.2303, -0.1741 -0.3079 0.2264, -0.1741 -0.3079 0.2303, -0.1752 -0.3083 0.2264, -0.1752 -0.3083 0.2303, -0.1764 -0.3085 0.2264, -0.1764 -0.3085 0.2303, -0.1776 -0.3087 0.2264, -0.1776 -0.3087 0.2303, -0.1789 -0.3087 0.2264, -0.1789 -0.3087 0.2303, -0.18 -0.3087 0.2264, -0.18 -0.3087 0.2303, -0.1811 -0.3085 0.2264, -0.1811 -0.3085 0.2303, -0.1821 -0.3082 0.2264, -0.1821 -0.3082 0.2303, -0.1831 -0.3079 0.2264, -0.1831 -0.3079 0.2303, -0.1839 -0.3074 0.2264, -0.1839 -0.3074 0.2303, -0.1847 -0.3068 0.2264, -0.1847 -0.3068 0.2303, -0.1855 -0.3062 0.2264, -0.1855 -0.3062 0.2303, -0.1857 -0.3059 0.2264, -0.1857 -0.3059 0.2303, -0.1864 -0.3051 0.2264, -0.1864 -0.3051 0.2303, -0.1869 -0.3043 0.2264, -0.1869 -0.3043 0.2303, -0.1874 -0.3034 0.2264, -0.1874 -0.3034 0.2303, -0.1878 -0.3024 0.2264, -0.1878 -0.3024 0.2303, -0.188 -0.3013 0.2264, -0.188 -0.3013 0.2303, -0.1882 -0.3001 0.2264, -0.1882 -0.3001 0.2303, -0.1883 -0.2988 0.2264, -0.1883 -0.2988 0.2303, -0.1883 -0.2983 0.2264, -0.1883 -0.2983 0.2303, -0.1883 -0.2969 0.2264, -0.1883 -0.2969 0.2303, -0.1881 -0.2956 0.2264, -0.1881 -0.2956 0.2303, -0.1878 -0.2944 0.2264, -0.1878 -0.2944 0.2303, -0.1875 -0.2933 0.2264, -0.1875 -0.2933 0.2303, -0.187 -0.2924 0.2264, -0.187 -0.2924 0.2303, -0.1865 -0.2914 0.2264, -0.1865 -0.2914 0.2303, -0.1858 -0.2906 0.2264, -0.1858 -0.2906 0.2303, -0.1855 -0.2903 0.2264, -0.1855 -0.2903 0.2303, -0.1848 -0.2895 0.2264, -0.1848 -0.2895 0.2303, -0.1839 -0.2889 0.2264, -0.1839 -0.2889 0.2303, -0.1831 -0.2884 0.2264, -0.1831 -0.2884 0.2303, -0.1821 -0.288 0.2264, -0.1821 -0.288 0.2303, -0.1812 -0.2877 0.2264, -0.1812 -0.2877 0.2303, -0.1801 -0.2874 0.2264, -0.1801 -0.2874 0.2303, -0.179 -0.2873 0.2264, -0.179 -0.2873 0.2303, -0.1783 -0.2873 0.2264, -0.1783 -0.2873 0.2303, -0.177 -0.2874 0.2264, -0.177 -0.2874 0.2303, -0.1757 -0.2875 0.2264, -0.1757 -0.2875 0.2303, -0.1746 -0.2878 0.2264, -0.1746 -0.2878 0.2303, -0.1734 -0.2882 0.2264, -0.1734 -0.2882 0.2303, -0.1723 -0.2887 0.2264, -0.1723 -0.2887 0.2303, -0.172 -0.2889 0.2264, -0.172 -0.2889 0.2303, -0.172 -0.2853 0.2303, -0.172 -0.2853 0.2264, -0.173 -0.2849 0.2264, -0.173 -0.2849 0.2303, -0.1742 -0.2846 0.2264, -0.1742 -0.2846 0.2303, -0.1754 -0.2844 0.2264, -0.1754 -0.2844 0.2303, -0.1769 -0.2842 0.2264, -0.1769 -0.2842 0.2303, -0.1783 -0.2842 0.2264, -0.1783 -0.2842 0.2303, -0.1797 -0.2843 0.2264, -0.1797 -0.2843 0.2303, -0.181 -0.2844 0.2264, -0.181 -0.2844 0.2303, -0.1823 -0.2847 0.2264, -0.1823 -0.2847 0.2303, -0.1835 -0.2851 0.2264, -0.1835 -0.2851 0.2303, -0.1846 -0.2856 0.2264, -0.1846 -0.2856 0.2303, -0.1856 -0.2861 0.2264, -0.1856 -0.2861 0.2303, -0.1866 -0.2868 0.2264, -0.1866 -0.2868 0.2303, -0.1875 -0.2876 0.2264, -0.1875 -0.2876 0.2303, -0.1881 -0.2881 0.2264, -0.1881 -0.2881 0.2303, -0.1889 -0.289 0.2264, -0.1889 -0.289 0.2303, -0.1896 -0.29 0.2264, -0.1896 -0.29 0.2303, -0.1903 -0.2911 0.2264, -0.1903 -0.2911 0.2303, -0.1908 -0.2922 0.2264, -0.1908 -0.2922 0.2303, -0.1912 -0.2933 0.2264, -0.1912 -0.2933 0.2303, -0.1915 -0.2946 0.2264, -0.1915 -0.2946 0.2303, -0.1918 -0.2959 0.2264, -0.1918 -0.2959 0.2303, -0.1919 -0.2973 0.2264, -0.1919 -0.2973 0.2303, -0.192 -0.2985 0.2264, -0.192 -0.2985 0.2303, -0.1919 -0.3 0.2264, -0.1919 -0.3 0.2303, -0.1917 -0.3014 0.2264, -0.1917 -0.3014 0.2303, -0.1915 -0.3027 0.2264, -0.1915 -0.3027 0.2303, -0.1911 -0.3039 0.2264, -0.1911 -0.3039 0.2303, -0.1906 -0.3051 0.2264, -0.1906 -0.3051 0.2303, -0.1901 -0.3061 0.2264, -0.1901 -0.3061 0.2303, -0.1894 -0.3071 0.2264, -0.1894 -0.3071 0.2303, -0.1887 -0.3079 0.2264, -0.1887 -0.3079 0.2303, -0.1885 -0.3081 0.2264, -0.1885 -0.3081 0.2303, -0.1877 -0.3089 0.2264, -0.1877 -0.3089 0.2303, -0.1868 -0.3096 0.2264, -0.1868 -0.3096 0.2303, -0.1859 -0.3102 0.2264, -0.1859 -0.3102 0.2303, -0.1849 -0.3107 0.2264, -0.1849 -0.3107 0.2303, -0.1838 -0.3111 0.2264, -0.1838 -0.3111 0.2303, -0.1826 -0.3115 0.2264, -0.1826 -0.3115 0.2303, -0.1814 -0.3117 0.2264, -0.1814 -0.3117 0.2303, -0.1801 -0.3118 0.2264, -0.1801 -0.3118 0.2303, -0.1523 -0.3083 0.2303, -0.1523 -0.3113 0.2303, -0.1523 -0.3083 0.2264, -0.1523 -0.3113 0.2264, -0.1632 -0.3083 0.2303, -0.1632 -0.3083 0.2264, -0.1632 -0.2993 0.2303, -0.1632 -0.2993 0.2264, -0.1536 -0.2993 0.2303, -0.1536 -0.2993 0.2264, -0.1536 -0.2963 0.2303, -0.1536 -0.2963 0.2264, -0.1632 -0.2963 0.2303, -0.1632 -0.2963 0.2264, -0.1632 -0.2877 0.2303, -0.1632 -0.2877 0.2264, -0.1529 -0.2877 0.2303, -0.1529 -0.2877 0.2264, -0.1529 -0.2847 0.2303, -0.1529 -0.2847 0.2264, -0.1666 -0.2847 0.2303, -0.1666 -0.2847 0.2264, -0.1666 -0.3113 0.2303, -0.1666 -0.3113 0.2264, -0.1349 -0.3074 0.2303, -0.1331 -0.31 0.2303, -0.134 -0.307 0.2303, -0.132 -0.3094 0.2303, -0.1331 -0.3064 0.2303, -0.1309 -0.3087 0.2303, -0.1323 -0.3058 0.2303, -0.13 -0.308 0.2303, -0.132 -0.3055 0.2303, -0.1295 -0.3076 0.2303, -0.1313 -0.3048 0.2303, -0.1287 -0.3067 0.2303, -0.1307 -0.304 0.2303, -0.1279 -0.3058 0.2303, -0.1302 -0.3031 0.2303, -0.1273 -0.3048 0.2303, -0.1298 -0.3021 0.2303, -0.1294 -0.2952 0.2303, -0.126 -0.2938 0.2303, -0.1296 -0.2941 0.2303, -0.1264 -0.2926 0.2303, -0.13 -0.2931 0.2303, -0.1269 -0.2916 0.2303, -0.1304 -0.2922 0.2303, -0.1274 -0.2906 0.2303, -0.131 -0.2914 0.2303, -0.1267 -0.3038 0.2303, -0.1263 -0.3027 0.2303, -0.1295 -0.3011 0.2303, -0.1259 -0.3015 0.2303, -0.1293 -0.3 0.2303, -0.1257 -0.3002 0.2303, -0.1292 -0.2987 0.2303, -0.1255 -0.2989 0.2303, -0.1291 -0.2978 0.2303, -0.1255 -0.2977 0.2303, -0.1292 -0.2964 0.2303, -0.1256 -0.2963 0.2303, -0.1257 -0.295 0.2303, -0.1281 -0.2897 0.2303, -0.1289 -0.2888 0.2303, -0.1316 -0.2907 0.2303, -0.1295 -0.2882 0.2303, -0.1321 -0.2902 0.2303, -0.1305 -0.2874 0.2303, -0.1329 -0.2896 0.2303, -0.1316 -0.2867 0.2303, -0.1338 -0.2891 0.2303, -0.1327 -0.2861 0.2303, -0.1347 -0.2886 0.2303, -0.1338 -0.2856 0.2303, -0.1358 -0.2882 0.2303, -0.1351 -0.2852 0.2303, -0.1369 -0.288 0.2303, -0.1363 -0.2849 0.2303, -0.1382 -0.2878 0.2303, -0.1377 -0.2847 0.2303, -0.1395 -0.2877 0.2303, -0.1392 -0.2847 0.2303, -0.1398 -0.2877 0.2303, -0.1396 -0.2847 0.2303, -0.1438 -0.2877 0.2303, -0.1472 -0.2847 0.2303, -0.1438 -0.3083 0.2303, -0.1472 -0.3113 0.2303, -0.1399 -0.3083 0.2303, -0.1399 -0.3113 0.2303, -0.1385 -0.3082 0.2303, -0.1384 -0.3113 0.2303, -0.1372 -0.3081 0.2303, -0.1369 -0.3111 0.2303, -0.136 -0.3078 0.2303, -0.1355 -0.3108 0.2303, -0.1343 -0.3105 0.2303, -0.1329 -0.2896 0.2264, -0.1305 -0.2874 0.2264, -0.1321 -0.2902 0.2264, -0.1295 -0.2882 0.2264, -0.1316 -0.2907 0.2264, -0.1289 -0.2888 0.2264, -0.131 -0.2914 0.2264, -0.1281 -0.2897 0.2264, -0.1304 -0.2922 0.2264, -0.1274 -0.2906 0.2264, -0.13 -0.2931 0.2264, -0.1269 -0.2916 0.2264, -0.1296 -0.2941 0.2264, -0.134 -0.307 0.2264, -0.1331 -0.31 0.2264, -0.1349 -0.3074 0.2264, -0.1343 -0.3105 0.2264, -0.136 -0.3078 0.2264, -0.1355 -0.3108 0.2264, -0.1372 -0.3081 0.2264, -0.1369 -0.3111 0.2264, -0.1385 -0.3082 0.2264, -0.1384 -0.3113 0.2264, -0.1399 -0.3083 0.2264, -0.1399 -0.3113 0.2264, -0.1438 -0.3083 0.2264, -0.1472 -0.3113 0.2264, -0.1438 -0.2877 0.2264, -0.1472 -0.2847 0.2264, -0.1398 -0.2877 0.2264, -0.1396 -0.2847 0.2264, -0.1395 -0.2877 0.2264, -0.1392 -0.2847 0.2264, -0.1382 -0.2878 0.2264, -0.1377 -0.2847 0.2264, -0.1369 -0.288 0.2264, -0.1363 -0.2849 0.2264, -0.1358 -0.2882 0.2264, -0.1351 -0.2852 0.2264, -0.1347 -0.2886 0.2264, -0.1338 -0.2856 0.2264, -0.1338 -0.2891 0.2264, -0.1327 -0.2861 0.2264, -0.1316 -0.2867 0.2264, -0.1295 -0.3011 0.2264, -0.1263 -0.3027 0.2264, -0.1298 -0.3021 0.2264, -0.1267 -0.3038 0.2264, -0.1302 -0.3031 0.2264, -0.1273 -0.3048 0.2264, -0.1307 -0.304 0.2264, -0.1279 -0.3058 0.2264, -0.1313 -0.3048 0.2264, -0.1287 -0.3067 0.2264, -0.132 -0.3055 0.2264, -0.1295 -0.3076 0.2264, -0.1323 -0.3058 0.2264, -0.13 -0.308 0.2264, -0.1331 -0.3064 0.2264, -0.1309 -0.3087 0.2264, -0.132 -0.3094 0.2264, -0.1264 -0.2926 0.2264, -0.126 -0.2938 0.2264, -0.1294 -0.2952 0.2264, -0.1257 -0.295 0.2264, -0.1292 -0.2964 0.2264, -0.1256 -0.2963 0.2264, -0.1291 -0.2978 0.2264, -0.1255 -0.2977 0.2264, -0.1292 -0.2987 0.2264, -0.1255 -0.2989 0.2264, -0.1293 -0.3 0.2264, -0.1257 -0.3002 0.2264, -0.1259 -0.3015 0.2264, -0.1166 -0.301 0.2303, -0.1177 -0.304 0.2303, -0.1076 -0.301 0.2303, -0.1065 -0.304 0.2303, -0.1126 -0.2899 0.2303, -0.1139 -0.2847 0.2303, -0.124 -0.3113 0.2303, -0.1202 -0.3113 0.2303, -0.1123 -0.2891 0.2303, -0.1121 -0.2881 0.2303, -0.1102 -0.2847 0.2303, -0.1121 -0.2881 0.2303, -0.1118 -0.2892 0.2303, -0.1116 -0.2899 0.2303, -0.1 -0.3113 0.2303, -0.1038 -0.3113 0.2303, -0.1177 -0.304 0.2264, -0.1166 -0.301 0.2264, -0.1065 -0.304 0.2264, -0.1076 -0.301 0.2264, -0.1116 -0.2899 0.2264, -0.1102 -0.2847 0.2264, -0.1 -0.3113 0.2264, -0.1038 -0.3113 0.2264, -0.1118 -0.2892 0.2264, -0.1121 -0.2881 0.2264, -0.1139 -0.2847 0.2264, -0.1121 -0.2881 0.2264, -0.1123 -0.2891 0.2264, -0.1126 -0.2899 0.2264, -0.124 -0.3113 0.2264, -0.1202 -0.3113 0.2264, -0.1928 -0.3506 0.2303, -0.1928 -0.3537 0.2303, -0.1928 -0.3506 0.2264, -0.1928 -0.3537 0.2264, -0.2037 -0.3506 0.2303, -0.2037 -0.3506 0.2264, -0.2037 -0.3417 0.2303, -0.2037 -0.3417 0.2264, -0.1941 -0.3417 0.2303, -0.1941 -0.3417 0.2264, -0.1941 -0.3386 0.2303, -0.1941 -0.3386 0.2264, -0.2037 -0.3386 0.2303, -0.2037 -0.3386 0.2264, -0.2037 -0.3301 0.2303, -0.2037 -0.3301 0.2264, -0.1934 -0.3301 0.2303, -0.1934 -0.3301 0.2264, -0.1934 -0.327 0.2303, -0.1934 -0.327 0.2264, -0.2071 -0.327 0.2303, -0.2071 -0.327 0.2264, -0.2071 -0.3537 0.2303, -0.2071 -0.3537 0.2264, -0.1839 -0.3451 0.2303, -0.1831 -0.3449 0.2303, -0.1776 -0.3416 0.2303, -0.1821 -0.3447 0.2303, -0.1788 -0.3378 0.2303, -0.177 -0.3352 0.2303, -0.1792 -0.3375 0.2303, -0.1776 -0.3348 0.2303, -0.1796 -0.3373 0.2303, -0.1783 -0.3346 0.2303, -0.1801 -0.3371 0.2303, -0.188 -0.3443 0.2303, -0.1856 -0.3463 0.2303, -0.1853 -0.3459 0.2303, -0.1776 -0.3461 0.2303, -0.1776 -0.3468 0.2303, -0.1743 -0.3414 0.2303, -0.1784 -0.3382 0.2303, -0.176 -0.336 0.2303, -0.1765 -0.3355 0.2303, -0.188 -0.3444 0.2303, -0.1885 -0.3449 0.2303, -0.1858 -0.3467 0.2303, -0.1888 -0.3454 0.2303, -0.186 -0.3471 0.2303, -0.1845 -0.3453 0.2303, -0.1832 -0.3424 0.2303, -0.1843 -0.3425 0.2303, -0.1776 -0.3537 0.2303, -0.1743 -0.3537 0.2303, -0.1776 -0.3507 0.2303, -0.1778 -0.3475 0.2303, -0.1855 -0.3502 0.2303, -0.1858 -0.3498 0.2303, -0.1886 -0.3519 0.2303, -0.1861 -0.3489 0.2303, -0.1894 -0.3501 0.2303, -0.186 -0.3493 0.2303, -0.1892 -0.3508 0.2303, -0.1889 -0.3514 0.2303, -0.1853 -0.3428 0.2303, -0.1861 -0.3431 0.2303, -0.1849 -0.3456 0.2303, -0.1868 -0.3435 0.2303, -0.1875 -0.3439 0.2303, -0.1778 -0.3398 0.2303, -0.1746 -0.3385 0.2303, -0.1779 -0.3392 0.2303, -0.1749 -0.3377 0.2303, -0.1782 -0.3387 0.2303, -0.1752 -0.3371 0.2303, -0.1756 -0.3365 0.2303, -0.1743 -0.3403 0.2303, -0.1776 -0.3441 0.2303, -0.1776 -0.3459 0.2303, -0.1776 -0.3405 0.2303, -0.1744 -0.3393 0.2303, -0.1776 -0.3414 0.2303, -0.1852 -0.3505 0.2303, -0.1868 -0.3534 0.2303, -0.1848 -0.3508 0.2303, -0.1862 -0.3537 0.2303, -0.1843 -0.3511 0.2303, -0.1855 -0.3539 0.2303, -0.1838 -0.3513 0.2303, -0.1882 -0.3524 0.2303, -0.1879 -0.3526 0.2303, -0.1874 -0.353 0.2303, -0.1891 -0.346 0.2303, -0.1893 -0.3466 0.2303, -0.1861 -0.3477 0.2303, -0.1895 -0.3473 0.2303, -0.1862 -0.3483 0.2303, -0.179 -0.3344 0.2303, -0.1798 -0.3343 0.2303, -0.1808 -0.3369 0.2303, -0.1808 -0.3342 0.2303, -0.1815 -0.3369 0.2303, -0.1811 -0.3342 0.2303, -0.1818 -0.3369 0.2303, -0.1823 -0.3342 0.2303, -0.1827 -0.337 0.2303, -0.1834 -0.3343 0.2303, -0.1835 -0.3371 0.2303, -0.1844 -0.3346 0.2303, -0.1844 -0.3374 0.2303, -0.1854 -0.3348 0.2303, -0.1852 -0.3377 0.2303, -0.1863 -0.3352 0.2303, -0.1861 -0.3381 0.2303, -0.1871 -0.3356 0.2303, -0.1869 -0.3386 0.2303, -0.1877 -0.336 0.2303, -0.1877 -0.3392 0.2303, -0.1896 -0.3481 0.2303, -0.1896 -0.3486 0.2303, -0.1895 -0.3494 0.2303, -0.178 -0.3482 0.2303, -0.1783 -0.3488 0.2303, -0.1777 -0.3507 0.2303, -0.1786 -0.3493 0.2303, -0.1778 -0.351 0.2303, -0.182 -0.3513 0.2303, -0.1812 -0.3538 0.2303, -0.1813 -0.3512 0.2303, -0.1805 -0.3535 0.2303, -0.1807 -0.351 0.2303, -0.1799 -0.3531 0.2303, -0.1801 -0.3507 0.2303, -0.1793 -0.3527 0.2303, -0.1788 -0.3522 0.2303, -0.1796 -0.3504 0.2303, -0.1783 -0.3516 0.2303, -0.1792 -0.35 0.2303, -0.179 -0.3498 0.2303, -0.1848 -0.354 0.2303, -0.184 -0.3541 0.2303, -0.1833 -0.3514 0.2303, -0.1835 -0.3541 0.2303, -0.1827 -0.3514 0.2303, -0.1827 -0.3541 0.2303, -0.1819 -0.354 0.2303, -0.1869 -0.3386 0.2264, -0.1877 -0.3392 0.2264, -0.1877 -0.336 0.2264, -0.177 -0.3352 0.2264, -0.1788 -0.3378 0.2264, -0.1792 -0.3375 0.2264, -0.1861 -0.3489 0.2264, -0.1896 -0.3486 0.2264, -0.1862 -0.3483 0.2264, -0.1896 -0.3481 0.2264, -0.1861 -0.3477 0.2264, -0.1853 -0.3459 0.2264, -0.1856 -0.3463 0.2264, -0.188 -0.3443 0.2264, -0.1778 -0.3475 0.2264, -0.1776 -0.3468 0.2264, -0.1743 -0.3414 0.2264, -0.186 -0.3493 0.2264, -0.1894 -0.3501 0.2264, -0.1895 -0.3494 0.2264, -0.1855 -0.3502 0.2264, -0.1886 -0.3519 0.2264, -0.1858 -0.3498 0.2264, -0.1889 -0.3514 0.2264, -0.1892 -0.3508 0.2264, -0.1858 -0.3467 0.2264, -0.1885 -0.3449 0.2264, -0.188 -0.3444 0.2264, -0.1765 -0.3355 0.2264, -0.176 -0.336 0.2264, -0.1784 -0.3382 0.2264, -0.1756 -0.3365 0.2264, -0.1782 -0.3387 0.2264, -0.1752 -0.3371 0.2264, -0.1779 -0.3392 0.2264, -0.1808 -0.3369 0.2264, -0.1798 -0.3343 0.2264, -0.1801 -0.3371 0.2264, -0.179 -0.3344 0.2264, -0.1796 -0.3373 0.2264, -0.1783 -0.3346 0.2264, -0.1776 -0.3348 0.2264, -0.178 -0.3482 0.2264, -0.1776 -0.3507 0.2264, -0.1776 -0.3537 0.2264, -0.1743 -0.3537 0.2264, -0.1875 -0.3439 0.2264, -0.1868 -0.3435 0.2264, -0.1849 -0.3456 0.2264, -0.1861 -0.3431 0.2264, -0.1845 -0.3453 0.2264, -0.1853 -0.3428 0.2264, -0.1839 -0.3451 0.2264, -0.1843 -0.3425 0.2264, -0.1831 -0.3449 0.2264, -0.1832 -0.3424 0.2264, -0.1852 -0.3505 0.2264, -0.1879 -0.3526 0.2264, -0.1882 -0.3524 0.2264, -0.1848 -0.3508 0.2264, -0.1868 -0.3534 0.2264, -0.1874 -0.353 0.2264, -0.1895 -0.3473 0.2264, -0.1893 -0.3466 0.2264, -0.186 -0.3471 0.2264, -0.1891 -0.346 0.2264, -0.1888 -0.3454 0.2264, -0.1776 -0.3441 0.2264, -0.1743 -0.3403 0.2264, -0.1776 -0.3459 0.2264, -0.1776 -0.3461 0.2264, -0.1749 -0.3377 0.2264, -0.1746 -0.3385 0.2264, -0.1778 -0.3398 0.2264, -0.1744 -0.3393 0.2264, -0.1776 -0.3405 0.2264, -0.1776 -0.3414 0.2264, -0.1776 -0.3416 0.2264, -0.1821 -0.3447 0.2264, -0.1861 -0.3381 0.2264, -0.1871 -0.3356 0.2264, -0.1852 -0.3377 0.2264, -0.1863 -0.3352 0.2264, -0.1844 -0.3374 0.2264, -0.1854 -0.3348 0.2264, -0.1835 -0.3371 0.2264, -0.1844 -0.3346 0.2264, -0.1827 -0.337 0.2264, -0.1834 -0.3343 0.2264, -0.1818 -0.3369 0.2264, -0.1823 -0.3342 0.2264, -0.1815 -0.3369 0.2264, -0.1811 -0.3342 0.2264, -0.1808 -0.3342 0.2264, -0.1778 -0.351 0.2264, -0.1783 -0.3516 0.2264, -0.1796 -0.3504 0.2264, -0.1788 -0.3522 0.2264, -0.1801 -0.3507 0.2264, -0.1793 -0.3527 0.2264, -0.1807 -0.351 0.2264, -0.1799 -0.3531 0.2264, -0.1813 -0.3512 0.2264, -0.1833 -0.3514 0.2264, -0.184 -0.3541 0.2264, -0.1838 -0.3513 0.2264, -0.1848 -0.354 0.2264, -0.1843 -0.3511 0.2264, -0.1855 -0.3539 0.2264, -0.1862 -0.3537 0.2264, -0.1805 -0.3535 0.2264, -0.1812 -0.3538 0.2264, -0.182 -0.3513 0.2264, -0.1819 -0.354 0.2264, -0.1827 -0.3514 0.2264, -0.1827 -0.3541 0.2264, -0.1835 -0.3541 0.2264, -0.1792 -0.35 0.2264, -0.179 -0.3498 0.2264, -0.1777 -0.3507 0.2264, -0.1786 -0.3493 0.2264, -0.1783 -0.3488 0.2264, -0.1642 -0.3514 0.2303, -0.1642 -0.3514 0.2264, -0.1651 -0.3514 0.2264, -0.1651 -0.3514 0.2303, -0.1659 -0.3512 0.2264, -0.1659 -0.3512 0.2303, -0.1667 -0.351 0.2264, -0.1667 -0.351 0.2303, -0.1675 -0.3508 0.2264, -0.1675 -0.3508 0.2303, -0.1683 -0.3504 0.2264, -0.1683 -0.3504 0.2303, -0.1691 -0.35 0.2264, -0.1691 -0.35 0.2303, -0.1697 -0.3496 0.2264, -0.1697 -0.3496 0.2303, -0.1697 -0.353 0.2303, -0.1697 -0.353 0.2264, -0.1689 -0.3534 0.2264, -0.1689 -0.3534 0.2303, -0.1681 -0.3537 0.2264, -0.1681 -0.3537 0.2303, -0.1672 -0.3539 0.2264, -0.1672 -0.3539 0.2303, -0.1662 -0.354 0.2264, -0.1662 -0.354 0.2303, -0.1652 -0.3541 0.2264, -0.1652 -0.3541 0.2303, -0.1646 -0.3541 0.2264, -0.1646 -0.3541 0.2303, -0.1635 -0.3541 0.2264, -0.1635 -0.3541 0.2303, -0.1625 -0.354 0.2264, -0.1625 -0.354 0.2303, -0.1616 -0.3538 0.2264, -0.1616 -0.3538 0.2303, -0.1608 -0.3535 0.2264, -0.1608 -0.3535 0.2303, -0.16 -0.3532 0.2264, -0.16 -0.3532 0.2303, -0.1593 -0.3528 0.2264, -0.1593 -0.3528 0.2303, -0.159 -0.3526 0.2264, -0.159 -0.3526 0.2303, -0.1585 -0.3522 0.2264, -0.1585 -0.3522 0.2303, -0.158 -0.3517 0.2264, -0.158 -0.3517 0.2303, -0.1576 -0.3512 0.2264, -0.1576 -0.3512 0.2303, -0.1573 -0.3507 0.2264, -0.1573 -0.3507 0.2303, -0.1571 -0.3502 0.2264, -0.1571 -0.3502 0.2303, -0.1569 -0.3496 0.2264, -0.1569 -0.3496 0.2303, -0.1569 -0.3489 0.2264, -0.1569 -0.3489 0.2303, -0.1568 -0.3485 0.2264, -0.1568 -0.3485 0.2303, -0.1569 -0.3478 0.2264, -0.1569 -0.3478 0.2303, -0.157 -0.3472 0.2264, -0.157 -0.3472 0.2303, -0.1572 -0.3466 0.2264, -0.1572 -0.3466 0.2303, -0.1575 -0.3461 0.2264, -0.1575 -0.3461 0.2303, -0.1578 -0.3456 0.2264, -0.1578 -0.3456 0.2303, -0.158 -0.3453 0.2264, -0.158 -0.3453 0.2303, -0.1584 -0.3449 0.2264, -0.1584 -0.3449 0.2303, -0.1589 -0.3445 0.2264, -0.1589 -0.3445 0.2303, -0.1596 -0.3441 0.2264, -0.1596 -0.3441 0.2303, -0.1605 -0.3436 0.2264, -0.1605 -0.3436 0.2303, -0.1616 -0.3431 0.2264, -0.1616 -0.3431 0.2303, -0.1623 -0.3429 0.2264, -0.1623 -0.3429 0.2303, -0.1637 -0.3423 0.2264, -0.1637 -0.3423 0.2303, -0.1646 -0.3418 0.2264, -0.1646 -0.3418 0.2303, -0.1652 -0.3415 0.2264, -0.1652 -0.3415 0.2303, -0.1655 -0.3412 0.2264, -0.1655 -0.3412 0.2303, -0.1658 -0.3409 0.2264, -0.1658 -0.3409 0.2303, -0.166 -0.3406 0.2264, -0.166 -0.3406 0.2303, -0.1662 -0.3402 0.2264, -0.1662 -0.3402 0.2303, -0.1662 -0.3398 0.2264, -0.1662 -0.3398 0.2303, -0.1663 -0.3395 0.2264, -0.1663 -0.3395 0.2303, -0.1662 -0.339 0.2264, -0.1662 -0.339 0.2303, -0.1661 -0.3386 0.2264, -0.1661 -0.3386 0.2303, -0.1659 -0.3383 0.2264, -0.1659 -0.3383 0.2303, -0.1656 -0.3379 0.2264, -0.1656 -0.3379 0.2303, -0.1653 -0.3377 0.2264, -0.1653 -0.3377 0.2303, -0.1652 -0.3376 0.2264, -0.1652 -0.3376 0.2303, -0.1648 -0.3373 0.2264, -0.1648 -0.3373 0.2303, -0.1643 -0.3371 0.2264, -0.1643 -0.3371 0.2303, -0.1637 -0.337 0.2264, -0.1637 -0.337 0.2303, -0.1631 -0.3369 0.2264, -0.1631 -0.3369 0.2303, -0.1626 -0.3369 0.2264, -0.1626 -0.3369 0.2303, -0.1617 -0.3369 0.2264, -0.1617 -0.3369 0.2303, -0.1608 -0.3371 0.2264, -0.1608 -0.3371 0.2303, -0.16 -0.3372 0.2264, -0.16 -0.3372 0.2303, -0.1592 -0.3375 0.2264, -0.1592 -0.3375 0.2303, -0.1585 -0.3379 0.2264, -0.1585 -0.3379 0.2303, -0.1578 -0.3383 0.2264, -0.1578 -0.3383 0.2303, -0.1578 -0.335 0.2303, -0.1578 -0.335 0.2264, -0.1586 -0.3347 0.2264, -0.1586 -0.3347 0.2303, -0.1595 -0.3345 0.2264, -0.1595 -0.3345 0.2303, -0.1605 -0.3343 0.2264, -0.1605 -0.3343 0.2303, -0.1615 -0.3342 0.2264, -0.1615 -0.3342 0.2303, -0.1623 -0.3342 0.2264, -0.1623 -0.3342 0.2303, -0.1633 -0.3342 0.2264, -0.1633 -0.3342 0.2303, -0.1642 -0.3343 0.2264, -0.1642 -0.3343 0.2303, -0.1651 -0.3345 0.2264, -0.1651 -0.3345 0.2303, -0.1659 -0.3348 0.2264, -0.1659 -0.3348 0.2303, -0.1666 -0.3351 0.2264, -0.1666 -0.3351 0.2303, -0.1673 -0.3355 0.2264, -0.1673 -0.3355 0.2303, -0.1676 -0.3357 0.2264, -0.1676 -0.3357 0.2303, -0.1681 -0.3361 0.2264, -0.1681 -0.3361 0.2303, -0.1686 -0.3366 0.2264, -0.1686 -0.3366 0.2303, -0.169 -0.3371 0.2264, -0.169 -0.3371 0.2303, -0.1693 -0.3377 0.2264, -0.1693 -0.3377 0.2303, -0.1695 -0.3382 0.2264, -0.1695 -0.3382 0.2303, -0.1696 -0.3388 0.2264, -0.1696 -0.3388 0.2303, -0.1697 -0.3394 0.2264, -0.1697 -0.3394 0.2303, -0.1697 -0.3398 0.2264, -0.1697 -0.3398 0.2303, -0.1697 -0.3405 0.2264, -0.1697 -0.3405 0.2303, -0.1695 -0.3411 0.2264, -0.1695 -0.3411 0.2303, -0.1694 -0.3417 0.2264, -0.1694 -0.3417 0.2303, -0.1691 -0.3423 0.2264, -0.1691 -0.3423 0.2303, -0.1688 -0.3428 0.2264, -0.1688 -0.3428 0.2303, -0.1684 -0.3432 0.2264, -0.1684 -0.3432 0.2303, -0.168 -0.3436 0.2264, -0.168 -0.3436 0.2303, -0.1673 -0.344 0.2264, -0.1673 -0.344 0.2303, -0.1666 -0.3444 0.2264, -0.1666 -0.3444 0.2303, -0.1655 -0.3449 0.2264, -0.1655 -0.3449 0.2303, -0.1646 -0.3453 0.2264, -0.1646 -0.3453 0.2303, -0.1632 -0.3459 0.2264, -0.1632 -0.3459 0.2303, -0.1622 -0.3463 0.2264, -0.1622 -0.3463 0.2303, -0.1615 -0.3467 0.2264, -0.1615 -0.3467 0.2303, -0.1611 -0.347 0.2264, -0.1611 -0.347 0.2303, -0.1608 -0.3473 0.2264, -0.1608 -0.3473 0.2303, -0.1606 -0.3477 0.2264, -0.1606 -0.3477 0.2303, -0.1604 -0.3481 0.2264, -0.1604 -0.3481 0.2303, -0.1603 -0.3485 0.2264, -0.1603 -0.3485 0.2303, -0.1603 -0.3488 0.2264, -0.1603 -0.3488 0.2303, -0.1603 -0.3493 0.2264, -0.1603 -0.3493 0.2303, -0.1604 -0.3497 0.2264, -0.1604 -0.3497 0.2303, -0.1606 -0.3501 0.2264, -0.1606 -0.3501 0.2303, -0.1609 -0.3504 0.2264, -0.1609 -0.3504 0.2303, -0.1612 -0.3507 0.2264, -0.1612 -0.3507 0.2303, -0.1615 -0.3509 0.2264, -0.1615 -0.3509 0.2303, -0.162 -0.3511 0.2264, -0.162 -0.3511 0.2303, -0.1626 -0.3513 0.2264, -0.1626 -0.3513 0.2303, -0.1633 -0.3514 0.2264, -0.1633 -0.3514 0.2303, -0.1403 -0.3346 0.2303, -0.1368 -0.3346 0.2303, -0.1403 -0.3346 0.2264, -0.1368 -0.3346 0.2264, -0.1455 -0.349 0.2303, -0.1455 -0.349 0.2264, -0.1457 -0.3499 0.2264, -0.1457 -0.3499 0.2303, -0.1459 -0.3505 0.2264, -0.1459 -0.3505 0.2303, -0.146 -0.3505 0.2303, -0.146 -0.3505 0.2264, -0.1464 -0.3489 0.2303, -0.1464 -0.3489 0.2264, -0.1514 -0.3346 0.2303, -0.1514 -0.3346 0.2264, -0.1551 -0.3346 0.2303, -0.1551 -0.3346 0.2264, -0.1476 -0.3536 0.2303, -0.1476 -0.3536 0.2264, -0.1491 -0.3571 0.2303, -0.1491 -0.3571 0.2264, -0.1495 -0.3579 0.2264, -0.1495 -0.3579 0.2303, -0.1499 -0.3585 0.2264, -0.1499 -0.3585 0.2303, -0.1504 -0.359 0.2264, -0.1504 -0.359 0.2303, -0.1509 -0.3594 0.2264, -0.1509 -0.3594 0.2303, -0.1514 -0.3596 0.2264, -0.1514 -0.3596 0.2303, -0.152 -0.3598 0.2264, -0.152 -0.3598 0.2303, -0.1525 -0.3598 0.2264, -0.1525 -0.3598 0.2303, -0.1532 -0.3597 0.2264, -0.1532 -0.3597 0.2303, -0.154 -0.3596 0.2264, -0.154 -0.3596 0.2303, -0.1544 -0.3594 0.2264, -0.1544 -0.3594 0.2303, -0.1544 -0.3624 0.2303, -0.1544 -0.3624 0.2264, -0.1536 -0.3626 0.2264, -0.1536 -0.3626 0.2303, -0.1527 -0.3627 0.2264, -0.1527 -0.3627 0.2303, -0.1523 -0.3627 0.2264, -0.1523 -0.3627 0.2303, -0.1514 -0.3626 0.2264, -0.1514 -0.3626 0.2303, -0.1507 -0.3624 0.2264, -0.1507 -0.3624 0.2303, -0.1499 -0.3622 0.2264, -0.1499 -0.3622 0.2303, -0.1492 -0.3618 0.2264, -0.1492 -0.3618 0.2303, -0.1486 -0.3613 0.2264, -0.1486 -0.3613 0.2303, -0.1479 -0.3607 0.2264, -0.1479 -0.3607 0.2303, -0.1473 -0.3599 0.2264, -0.1473 -0.3599 0.2303, -0.1467 -0.359 0.2264, -0.1467 -0.359 0.2303, -0.1461 -0.358 0.2264, -0.1461 -0.358 0.2303, -0.1455 -0.3567 0.2264, -0.1455 -0.3567 0.2303, -0.1455 -0.3566 0.2264, -0.1455 -0.3566 0.2303, -0.1189 -0.3506 0.2303, -0.1189 -0.3537 0.2303, -0.1189 -0.3506 0.2264, -0.1189 -0.3537 0.2264, -0.1298 -0.3506 0.2303, -0.1298 -0.3506 0.2264, -0.1298 -0.3417 0.2303, -0.1298 -0.3417 0.2264, -0.1202 -0.3417 0.2303, -0.1202 -0.3417 0.2264, -0.1202 -0.3386 0.2303, -0.1202 -0.3386 0.2264, -0.1298 -0.3386 0.2303, -0.1298 -0.3386 0.2264, -0.1298 -0.3301 0.2303, -0.1298 -0.3301 0.2264, -0.1195 -0.3301 0.2303, -0.1195 -0.3301 0.2264, -0.1195 -0.327 0.2303, -0.1195 -0.327 0.2264, -0.1332 -0.327 0.2303, -0.1332 -0.327 0.2264, -0.1332 -0.3537 0.2303, -0.1332 -0.3537 0.2264, -0.1015 -0.3498 0.2303, -0.0997 -0.3523 0.2303, -0.1006 -0.3493 0.2303, -0.0986 -0.3518 0.2303, -0.0997 -0.3488 0.2303, -0.0975 -0.3511 0.2303, -0.0989 -0.3482 0.2303, -0.0965 -0.3503 0.2303, -0.0986 -0.3479 0.2303, -0.0961 -0.3499 0.2303, -0.0979 -0.3471 0.2303, -0.0953 -0.3491 0.2303, -0.0973 -0.3463 0.2303, -0.0945 -0.3481 0.2303, -0.0968 -0.3454 0.2303, -0.0939 -0.3471 0.2303, -0.0964 -0.3445 0.2303, -0.0959 -0.3375 0.2303, -0.0926 -0.3361 0.2303, -0.0962 -0.3364 0.2303, -0.093 -0.335 0.2303, -0.0966 -0.3354 0.2303, -0.0934 -0.3339 0.2303, -0.097 -0.3345 0.2303, -0.094 -0.3329 0.2303, -0.0975 -0.3337 0.2303, -0.0933 -0.3461 0.2303, -0.0929 -0.345 0.2303, -0.0961 -0.3434 0.2303, -0.0925 -0.3438 0.2303, -0.0959 -0.3423 0.2303, -0.0923 -0.3426 0.2303, -0.0957 -0.3411 0.2303, -0.0921 -0.3412 0.2303, -0.0957 -0.3401 0.2303, -0.0921 -0.34 0.2303, -0.0958 -0.3387 0.2303, -0.0921 -0.3386 0.2303, -0.0923 -0.3373 0.2303, -0.0947 -0.332 0.2303, -0.0954 -0.3312 0.2303, -0.0982 -0.333 0.2303, -0.0961 -0.3305 0.2303, -0.0986 -0.3326 0.2303, -0.0971 -0.3297 0.2303, -0.0995 -0.3319 0.2303, -0.0981 -0.329 0.2303, -0.1004 -0.3314 0.2303, -0.0993 -0.3284 0.2303, -0.1013 -0.3309 0.2303, -0.1004 -0.328 0.2303, -0.1024 -0.3306 0.2303, -0.1016 -0.3276 0.2303, -0.1035 -0.3303 0.2303, -0.1029 -0.3273 0.2303, -0.1047 -0.3301 0.2303, -0.1043 -0.3271 0.2303, -0.106 -0.3301 0.2303, -0.1057 -0.327 0.2303, -0.1063 -0.3301 0.2303, -0.1062 -0.327 0.2303, -0.1104 -0.3301 0.2303, -0.1138 -0.327 0.2303, -0.1104 -0.3506 0.2303, -0.1138 -0.3537 0.2303, -0.1065 -0.3506 0.2303, -0.1065 -0.3537 0.2303, -0.1051 -0.3506 0.2303, -0.1049 -0.3536 0.2303, -0.1038 -0.3504 0.2303, -0.1035 -0.3535 0.2303, -0.1026 -0.3501 0.2303, -0.1021 -0.3532 0.2303, -0.1009 -0.3528 0.2303, -0.0995 -0.3319 0.2264, -0.0971 -0.3297 0.2264, -0.0986 -0.3326 0.2264, -0.0961 -0.3305 0.2264, -0.0982 -0.333 0.2264, -0.0954 -0.3312 0.2264, -0.0975 -0.3337 0.2264, -0.0947 -0.332 0.2264, -0.097 -0.3345 0.2264, -0.094 -0.3329 0.2264, -0.0966 -0.3354 0.2264, -0.0934 -0.3339 0.2264, -0.0962 -0.3364 0.2264, -0.1006 -0.3493 0.2264, -0.0997 -0.3523 0.2264, -0.1015 -0.3498 0.2264, -0.1009 -0.3528 0.2264, -0.1026 -0.3501 0.2264, -0.1021 -0.3532 0.2264, -0.1038 -0.3504 0.2264, -0.1035 -0.3535 0.2264, -0.1051 -0.3506 0.2264, -0.1049 -0.3536 0.2264, -0.1065 -0.3506 0.2264, -0.1065 -0.3537 0.2264, -0.1104 -0.3506 0.2264, -0.1138 -0.3537 0.2264, -0.1104 -0.3301 0.2264, -0.1138 -0.327 0.2264, -0.1063 -0.3301 0.2264, -0.1062 -0.327 0.2264, -0.106 -0.3301 0.2264, -0.1057 -0.327 0.2264, -0.1047 -0.3301 0.2264, -0.1043 -0.3271 0.2264, -0.1035 -0.3303 0.2264, -0.1029 -0.3273 0.2264, -0.1024 -0.3306 0.2264, -0.1016 -0.3276 0.2264, -0.1013 -0.3309 0.2264, -0.1004 -0.328 0.2264, -0.1004 -0.3314 0.2264, -0.0993 -0.3284 0.2264, -0.0981 -0.329 0.2264, -0.0961 -0.3434 0.2264, -0.0929 -0.345 0.2264, -0.0964 -0.3445 0.2264, -0.0933 -0.3461 0.2264, -0.0968 -0.3454 0.2264, -0.0939 -0.3471 0.2264, -0.0973 -0.3463 0.2264, -0.0945 -0.3481 0.2264, -0.0979 -0.3471 0.2264, -0.0953 -0.3491 0.2264, -0.0986 -0.3479 0.2264, -0.0961 -0.3499 0.2264, -0.0989 -0.3482 0.2264, -0.0965 -0.3503 0.2264, -0.0997 -0.3488 0.2264, -0.0975 -0.3511 0.2264, -0.0986 -0.3518 0.2264, -0.093 -0.335 0.2264, -0.0926 -0.3361 0.2264, -0.0959 -0.3375 0.2264, -0.0923 -0.3373 0.2264, -0.0958 -0.3387 0.2264, -0.0921 -0.3386 0.2264, -0.0957 -0.3401 0.2264, -0.0921 -0.34 0.2264, -0.0957 -0.3411 0.2264, -0.0921 -0.3412 0.2264, -0.0959 -0.3423 0.2264, -0.0923 -0.3426 0.2264, -0.0925 -0.3438 0.2264, -0.0831 -0.3434 0.2303, -0.0842 -0.3464 0.2303, -0.0742 -0.3434 0.2303, -0.0731 -0.3464 0.2303, -0.0791 -0.3323 0.2303, -0.0804 -0.327 0.2303, -0.0906 -0.3537 0.2303, -0.0868 -0.3537 0.2303, -0.0789 -0.3315 0.2303, -0.0787 -0.3304 0.2303, -0.0768 -0.327 0.2303, -0.0786 -0.3304 0.2303, -0.0784 -0.3315 0.2303, -0.0782 -0.3323 0.2303, -0.0666 -0.3537 0.2303, -0.0704 -0.3537 0.2303, -0.0842 -0.3464 0.2264, -0.0831 -0.3434 0.2264, -0.0731 -0.3464 0.2264, -0.0742 -0.3434 0.2264, -0.0782 -0.3323 0.2264, -0.0768 -0.327 0.2264, -0.0666 -0.3537 0.2264, -0.0704 -0.3537 0.2264, -0.0784 -0.3315 0.2264, -0.0786 -0.3304 0.2264, -0.0804 -0.327 0.2264, -0.0787 -0.3304 0.2264, -0.0789 -0.3315 0.2264, -0.0791 -0.3323 0.2264, -0.0906 -0.3537 0.2264, -0.0868 -0.3537 0.2264
            ]
        }
        coordIndex [
            0,1,2,-1,3,4,5,-1,6,7,8,-1,9,10,11,-1,11,10,12,-1,13,14,15,-1,16,17,18,-1,18,17,19,-1,18,19,20,-1,21,22,23,-1,23,22,2,-1,23,2,24,-1,25,26,27,-1,28,29,2,-1,2,29,30,-1,2,30,0,-1,31,32,9,-1,9,32,33,-1,9,33,10,-1,34,35,36,-1,36,35,6,-1,37,38,39,-1,40,41,42,-1,6,8,36,-1,36,8,43,-1,36,43,9,-1,9,43,44,-1,9,44,31,-1,45,46,12,-1,12,46,47,-1,12,47,11,-1,48,1,49,-1,49,1,50,-1,49,50,51,-1,52,53,54,-1,54,53,55,-1,54,55,21,-1,21,55,56,-1,21,56,22,-1,39,57,37,-1,37,57,58,-1,37,58,52,-1,52,58,59,-1,52,59,53,-1,27,26,60,-1,60,26,61,-1,60,61,62,-1,62,61,63,-1,62,63,64,-1,15,14,65,-1,65,14,66,-1,65,66,67,-1,68,69,2,-1,2,69,70,-1,2,70,28,-1,40,42,71,-1,71,42,72,-1,71,72,73,-1,73,72,74,-1,73,74,75,-1,7,6,37,-1,37,6,76,-1,37,76,77,-1,77,78,37,-1,37,78,79,-1,37,79,38,-1,80,81,82,-1,82,81,83,-1,82,83,84,-1,84,83,85,-1,84,85,86,-1,86,85,87,-1,86,87,88,-1,89,90,91,-1,91,90,92,-1,91,92,68,-1,68,92,93,-1,68,93,69,-1,41,40,94,-1,94,40,95,-1,94,95,96,-1,96,95,97,-1,96,97,98,-1,98,97,99,-1,98,99,5,-1,5,99,100,-1,5,100,3,-1,48,101,1,-1,1,101,102,-1,1,102,2,-1,2,102,103,-1,2,103,24,-1,27,104,25,-1,25,104,105,-1,25,105,106,-1,106,105,107,-1,106,107,108,-1,108,107,109,-1,108,109,110,-1,110,109,111,-1,110,111,112,-1,15,113,13,-1,13,113,114,-1,13,114,115,-1,115,114,116,-1,115,116,117,-1,117,116,118,-1,117,118,119,-1,119,118,5,-1,119,5,120,-1,120,5,4,-1,18,121,16,-1,16,121,122,-1,16,122,123,-1,123,122,124,-1,123,124,125,-1,126,127,128,-1,128,127,129,-1,128,129,130,-1,130,129,131,-1,130,131,89,-1,89,131,132,-1,89,132,90,-1,133,134,135,-1,135,134,136,-1,135,136,45,-1,45,136,137,-1,45,137,46,-1,50,138,51,-1,51,138,139,-1,51,139,140,-1,140,139,141,-1,140,141,142,-1,143,144,145,-1,145,144,146,-1,145,146,147,-1,147,146,148,-1,147,148,80,-1,80,148,149,-1,80,149,81,-1,111,150,112,-1,112,150,151,-1,112,151,152,-1,152,151,153,-1,152,153,143,-1,143,153,154,-1,143,154,144,-1,141,155,142,-1,142,155,156,-1,142,156,133,-1,133,156,157,-1,133,157,134,-1,158,159,160,-1,161,162,163,-1,163,162,164,-1,165,166,167,-1,167,166,168,-1,167,168,169,-1,169,168,170,-1,169,170,171,-1,171,170,172,-1,171,172,173,-1,173,172,174,-1,173,174,126,-1,126,174,175,-1,126,175,127,-1,20,176,18,-1,18,176,177,-1,18,177,178,-1,178,177,179,-1,178,179,180,-1,180,179,88,-1,180,88,181,-1,181,88,87,-1,182,183,158,-1,158,183,184,-1,158,184,159,-1,63,185,64,-1,64,185,158,-1,64,158,186,-1,186,158,160,-1,67,66,187,-1,187,66,188,-1,187,188,161,-1,161,188,189,-1,161,189,162,-1,190,191,192,-1,191,193,192,-1,192,193,194,-1,192,194,195,-1,74,196,75,-1,75,196,197,-1,75,197,198,-1,198,197,199,-1,198,199,165,-1,165,199,200,-1,165,200,166,-1,182,158,192,-1,192,158,201,-1,192,201,190,-1,124,202,125,-1,125,202,203,-1,125,203,204,-1,204,203,205,-1,204,205,206,-1,206,205,207,-1,206,207,208,-1,208,207,209,-1,208,209,210,-1,210,209,211,-1,210,211,164,-1,164,211,212,-1,164,212,163,-1,213,214,215,-1,215,214,216,-1,215,216,217,-1,218,219,220,-1,221,222,223,-1,223,222,224,-1,223,224,225,-1,216,226,217,-1,217,226,227,-1,217,227,228,-1,228,227,229,-1,230,231,223,-1,223,231,218,-1,223,218,221,-1,232,233,234,-1,235,236,237,-1,237,236,238,-1,237,238,239,-1,240,241,242,-1,243,244,217,-1,217,244,245,-1,217,245,215,-1,215,245,246,-1,247,248,249,-1,249,248,250,-1,251,252,253,-1,253,252,254,-1,253,254,255,-1,255,254,256,-1,255,256,257,-1,223,258,230,-1,230,258,259,-1,230,259,260,-1,260,259,261,-1,260,261,262,-1,262,261,263,-1,262,263,264,-1,220,265,218,-1,218,265,266,-1,218,266,221,-1,267,268,269,-1,269,268,270,-1,269,270,271,-1,271,270,272,-1,271,272,273,-1,234,233,274,-1,274,233,275,-1,274,275,276,-1,277,278,272,-1,279,280,227,-1,227,280,281,-1,227,281,229,-1,250,282,249,-1,249,282,283,-1,249,283,284,-1,284,283,257,-1,284,257,285,-1,285,257,256,-1,276,275,286,-1,286,275,287,-1,286,287,249,-1,249,287,288,-1,249,288,247,-1,289,290,291,-1,291,290,292,-1,291,292,293,-1,293,292,294,-1,293,294,295,-1,295,294,296,-1,295,296,297,-1,298,299,300,-1,300,299,301,-1,300,301,302,-1,302,301,303,-1,302,303,304,-1,278,305,272,-1,272,305,306,-1,272,306,273,-1,238,307,239,-1,239,307,308,-1,239,308,309,-1,309,308,310,-1,309,310,224,-1,224,310,311,-1,224,311,225,-1,242,241,312,-1,312,241,313,-1,312,313,217,-1,217,313,314,-1,217,314,243,-1,315,316,317,-1,317,316,318,-1,317,318,319,-1,242,320,240,-1,240,320,321,-1,240,321,322,-1,322,321,323,-1,322,323,235,-1,235,323,324,-1,235,324,236,-1,318,325,319,-1,319,325,326,-1,319,326,327,-1,327,326,328,-1,327,328,329,-1,329,328,215,-1,329,215,330,-1,330,215,246,-1,315,331,332,-1,333,334,335,-1,335,334,336,-1,335,336,337,-1,263,338,264,-1,264,338,339,-1,264,339,340,-1,340,339,341,-1,340,341,342,-1,342,341,343,-1,342,343,344,-1,344,343,345,-1,344,345,346,-1,346,345,347,-1,346,347,333,-1,333,347,348,-1,333,348,334,-1,349,350,351,-1,351,350,352,-1,303,353,304,-1,304,353,354,-1,304,354,355,-1,355,354,356,-1,355,356,289,-1,289,356,357,-1,289,357,290,-1,272,358,277,-1,277,358,359,-1,277,359,360,-1,360,359,361,-1,360,361,362,-1,362,361,363,-1,362,363,364,-1,364,363,365,-1,364,365,298,-1,298,365,366,-1,298,366,299,-1,367,368,315,-1,315,368,369,-1,315,369,331,-1,332,370,315,-1,315,370,371,-1,315,371,316,-1,336,372,337,-1,337,372,373,-1,337,373,374,-1,374,373,375,-1,374,375,376,-1,376,375,377,-1,376,377,251,-1,251,377,378,-1,251,378,252,-1,296,379,297,-1,297,379,380,-1,297,380,381,-1,381,380,382,-1,381,382,383,-1,383,382,384,-1,383,384,385,-1,385,384,386,-1,385,386,387,-1,387,386,388,-1,387,388,389,-1,389,388,390,-1,389,390,351,-1,351,390,391,-1,351,391,349,-1,352,392,351,-1,351,392,393,-1,351,393,394,-1,219,218,315,-1,315,218,395,-1,315,395,367,-1,396,397,394,-1,394,397,398,-1,394,398,399,-1,400,401,402,-1,402,401,403,-1,402,403,267,-1,267,403,404,-1,267,404,268,-1,234,405,232,-1,232,405,406,-1,232,406,407,-1,407,406,408,-1,407,408,409,-1,409,408,410,-1,409,410,411,-1,411,410,412,-1,411,412,413,-1,413,412,414,-1,413,414,415,-1,415,414,416,-1,415,416,417,-1,417,416,418,-1,417,418,419,-1,419,418,420,-1,419,420,421,-1,421,420,422,-1,421,422,400,-1,400,422,423,-1,400,423,401,-1,399,424,394,-1,394,424,425,-1,394,425,351,-1,146,353,303,-1,146,303,148,-1,148,303,301,-1,148,301,149,-1,149,301,299,-1,149,299,81,-1,81,299,366,-1,81,366,83,-1,83,366,365,-1,83,365,85,-1,85,365,363,-1,85,363,87,-1,87,363,361,-1,87,361,181,-1,181,361,359,-1,181,359,180,-1,180,359,358,-1,180,358,178,-1,178,358,272,-1,178,272,18,-1,18,272,270,-1,18,270,121,-1,121,270,268,-1,121,268,122,-1,122,268,404,-1,122,404,124,-1,124,404,403,-1,124,403,202,-1,202,403,401,-1,202,401,203,-1,203,401,423,-1,203,423,205,-1,205,423,422,-1,205,422,207,-1,207,422,420,-1,207,420,209,-1,209,420,418,-1,209,418,211,-1,211,418,416,-1,211,416,212,-1,212,416,414,-1,212,414,163,-1,163,414,412,-1,163,412,161,-1,161,412,410,-1,161,410,187,-1,187,410,408,-1,187,408,67,-1,67,408,406,-1,67,406,65,-1,65,406,405,-1,65,405,15,-1,15,405,234,-1,15,234,113,-1,113,234,274,-1,113,274,114,-1,114,274,276,-1,114,276,116,-1,116,276,286,-1,116,286,118,-1,118,286,249,-1,118,249,5,-1,5,249,284,-1,5,284,98,-1,98,284,285,-1,98,285,96,-1,96,285,256,-1,96,256,94,-1,94,256,254,-1,94,254,41,-1,41,254,252,-1,41,252,42,-1,42,252,378,-1,42,378,72,-1,72,378,377,-1,72,377,74,-1,74,377,375,-1,74,375,196,-1,196,375,373,-1,196,373,197,-1,197,373,372,-1,197,372,199,-1,199,372,336,-1,199,336,200,-1,200,336,334,-1,200,334,166,-1,166,334,348,-1,166,348,168,-1,168,348,347,-1,168,347,170,-1,170,347,345,-1,170,345,172,-1,172,345,343,-1,172,343,174,-1,174,343,341,-1,174,341,175,-1,175,341,339,-1,175,339,127,-1,127,339,338,-1,127,338,129,-1,129,338,263,-1,129,263,131,-1,131,263,261,-1,131,261,132,-1,132,261,259,-1,132,259,90,-1,90,259,258,-1,90,258,92,-1,92,258,223,-1,92,223,93,-1,93,223,225,-1,93,225,69,-1,69,225,311,-1,69,311,70,-1,70,311,310,-1,70,310,28,-1,28,310,308,-1,28,308,29,-1,29,308,307,-1,29,307,30,-1,30,307,238,-1,30,238,0,-1,0,238,236,-1,0,236,1,-1,1,236,324,-1,1,324,50,-1,50,324,323,-1,50,323,138,-1,138,323,321,-1,138,321,139,-1,139,321,320,-1,139,320,141,-1,141,320,242,-1,141,242,155,-1,155,242,312,-1,155,312,156,-1,156,312,217,-1,156,217,157,-1,157,217,228,-1,157,228,134,-1,134,228,229,-1,134,229,136,-1,136,229,281,-1,136,281,137,-1,137,281,280,-1,137,280,46,-1,46,280,279,-1,46,279,47,-1,47,279,227,-1,47,227,11,-1,11,227,226,-1,11,226,9,-1,36,9,216,-1,216,9,226,-1,34,36,214,-1,214,36,216,-1,35,34,213,-1,213,34,214,-1,6,35,215,-1,215,35,213,-1,6,215,328,-1,6,328,76,-1,76,328,326,-1,76,326,77,-1,77,326,325,-1,77,325,78,-1,78,325,318,-1,78,318,79,-1,79,318,316,-1,79,316,38,-1,38,316,371,-1,38,371,39,-1,39,371,370,-1,39,370,57,-1,57,370,332,-1,57,332,58,-1,58,332,331,-1,58,331,59,-1,59,331,369,-1,59,369,53,-1,53,369,368,-1,53,368,55,-1,55,368,367,-1,55,367,56,-1,56,367,395,-1,56,395,22,-1,22,395,218,-1,22,218,2,-1,2,218,231,-1,2,231,68,-1,68,231,230,-1,68,230,91,-1,91,230,260,-1,91,260,89,-1,89,260,262,-1,89,262,130,-1,130,262,264,-1,130,264,128,-1,128,264,340,-1,128,340,126,-1,126,340,342,-1,126,342,173,-1,173,342,344,-1,173,344,171,-1,171,344,346,-1,171,346,169,-1,169,346,333,-1,169,333,167,-1,167,333,335,-1,167,335,165,-1,165,335,337,-1,165,337,198,-1,198,337,374,-1,198,374,75,-1,75,374,376,-1,75,376,73,-1,73,376,251,-1,73,251,71,-1,71,251,253,-1,71,253,40,-1,40,253,255,-1,40,255,95,-1,95,255,257,-1,95,257,97,-1,97,257,283,-1,97,283,99,-1,99,283,282,-1,99,282,100,-1,100,282,250,-1,100,250,3,-1,3,250,248,-1,3,248,4,-1,4,248,247,-1,4,247,120,-1,120,247,288,-1,120,288,119,-1,119,288,287,-1,119,287,117,-1,117,287,275,-1,117,275,115,-1,115,275,233,-1,115,233,13,-1,13,233,232,-1,13,232,14,-1,14,232,407,-1,14,407,66,-1,66,407,409,-1,66,409,188,-1,188,409,411,-1,188,411,189,-1,189,411,413,-1,189,413,162,-1,162,413,415,-1,162,415,164,-1,164,415,417,-1,164,417,210,-1,210,417,419,-1,210,419,208,-1,208,419,421,-1,208,421,206,-1,206,421,400,-1,206,400,204,-1,204,400,402,-1,204,402,125,-1,125,402,267,-1,125,267,123,-1,123,267,269,-1,123,269,16,-1,16,269,271,-1,16,271,17,-1,17,271,273,-1,17,273,19,-1,19,273,306,-1,19,306,20,-1,176,20,305,-1,305,20,306,-1,176,305,278,-1,176,278,177,-1,177,278,277,-1,177,277,179,-1,179,277,360,-1,179,360,88,-1,88,360,362,-1,88,362,86,-1,86,362,364,-1,86,364,84,-1,84,364,298,-1,84,298,82,-1,82,298,300,-1,82,300,80,-1,80,300,302,-1,80,302,147,-1,147,302,304,-1,147,304,145,-1,145,304,355,-1,145,355,143,-1,143,355,289,-1,143,289,152,-1,152,289,291,-1,152,291,112,-1,112,291,293,-1,112,293,110,-1,110,293,295,-1,110,295,108,-1,108,295,297,-1,108,297,106,-1,106,297,381,-1,106,381,25,-1,25,381,383,-1,25,383,26,-1,26,383,385,-1,26,385,61,-1,63,61,387,-1,387,61,385,-1,63,387,389,-1,63,389,185,-1,185,389,351,-1,185,351,158,-1,158,351,425,-1,158,425,201,-1,201,425,424,-1,201,424,190,-1,190,424,399,-1,190,399,191,-1,191,399,398,-1,191,398,193,-1,193,398,397,-1,193,397,194,-1,194,397,396,-1,194,396,195,-1,195,396,394,-1,195,394,192,-1,192,394,393,-1,192,393,182,-1,182,393,392,-1,182,392,183,-1,183,392,352,-1,183,352,184,-1,184,352,350,-1,184,350,159,-1,159,350,349,-1,159,349,160,-1,160,349,391,-1,160,391,186,-1,186,391,390,-1,186,390,64,-1,64,390,388,-1,64,388,62,-1,60,62,386,-1,386,62,388,-1,60,386,384,-1,60,384,27,-1,27,384,382,-1,27,382,104,-1,104,382,380,-1,104,380,105,-1,105,380,379,-1,105,379,107,-1,107,379,296,-1,107,296,109,-1,109,296,294,-1,109,294,111,-1,111,294,292,-1,111,292,150,-1,150,292,290,-1,150,290,151,-1,151,290,357,-1,151,357,153,-1,153,357,356,-1,153,356,154,-1,154,356,354,-1,154,354,144,-1,144,354,353,-1,144,353,146,-1,7,315,317,-1,7,317,8,-1,8,317,319,-1,8,319,43,-1,43,319,327,-1,43,327,44,-1,44,327,329,-1,44,329,31,-1,31,329,330,-1,31,330,32,-1,32,330,246,-1,32,246,33,-1,33,246,245,-1,33,245,10,-1,10,245,244,-1,10,244,12,-1,12,244,243,-1,12,243,45,-1,45,243,314,-1,45,314,135,-1,135,314,313,-1,135,313,133,-1,133,313,241,-1,133,241,142,-1,142,241,240,-1,142,240,140,-1,140,240,322,-1,140,322,51,-1,51,322,235,-1,51,235,49,-1,49,235,237,-1,49,237,48,-1,48,237,239,-1,48,239,101,-1,101,239,309,-1,101,309,102,-1,102,309,224,-1,102,224,103,-1,103,224,222,-1,103,222,24,-1,24,222,221,-1,24,221,23,-1,23,221,266,-1,23,266,21,-1,21,266,265,-1,21,265,54,-1,54,265,220,-1,54,220,52,-1,52,220,219,-1,52,219,37,-1,37,219,315,-1,37,315,7,-1,426,427,428,-1,428,427,429,-1,430,426,431,-1,431,426,428,-1,432,430,433,-1,433,430,431,-1,434,432,435,-1,435,432,433,-1,436,434,437,-1,437,434,435,-1,427,436,429,-1,429,436,437,-1,432,434,430,-1,430,434,436,-1,430,436,426,-1,426,436,427,-1,428,429,431,-1,431,429,437,-1,431,437,433,-1,433,437,435,-1,438,439,440,-1,438,440,441,-1,441,440,442,-1,441,442,443,-1,443,442,444,-1,443,444,445,-1,445,444,446,-1,445,446,447,-1,447,446,448,-1,447,448,449,-1,449,448,450,-1,449,450,451,-1,452,451,453,-1,453,451,450,-1,452,453,454,-1,452,454,455,-1,455,454,456,-1,455,456,457,-1,457,456,458,-1,457,458,459,-1,459,458,460,-1,459,460,461,-1,461,460,462,-1,461,462,463,-1,463,462,464,-1,463,464,465,-1,465,464,466,-1,465,466,467,-1,467,466,468,-1,467,468,469,-1,469,468,470,-1,469,470,471,-1,471,470,472,-1,471,472,473,-1,473,472,474,-1,473,474,475,-1,475,474,476,-1,475,476,477,-1,477,476,478,-1,477,478,479,-1,479,478,480,-1,479,480,481,-1,481,480,482,-1,481,482,483,-1,483,482,484,-1,483,484,485,-1,485,484,486,-1,485,486,487,-1,487,486,488,-1,487,488,489,-1,489,488,490,-1,489,490,491,-1,491,490,492,-1,491,492,493,-1,493,492,494,-1,493,494,495,-1,495,494,496,-1,495,496,497,-1,497,496,498,-1,497,498,499,-1,499,498,500,-1,499,500,501,-1,501,500,502,-1,501,502,503,-1,503,502,504,-1,503,504,505,-1,505,504,506,-1,505,506,507,-1,507,506,508,-1,507,508,509,-1,509,508,510,-1,509,510,511,-1,511,510,512,-1,511,512,513,-1,513,512,514,-1,513,514,515,-1,515,514,516,-1,515,516,517,-1,517,516,518,-1,517,518,519,-1,519,518,520,-1,519,520,521,-1,521,520,522,-1,521,522,523,-1,523,522,524,-1,523,524,525,-1,525,524,526,-1,525,526,527,-1,527,526,528,-1,527,528,529,-1,529,528,530,-1,529,530,531,-1,531,530,532,-1,531,532,533,-1,533,532,534,-1,533,534,535,-1,535,534,536,-1,535,536,537,-1,537,536,538,-1,537,538,539,-1,539,538,540,-1,539,540,541,-1,542,541,543,-1,543,541,540,-1,542,543,544,-1,542,544,545,-1,545,544,546,-1,545,546,547,-1,547,546,548,-1,547,548,549,-1,549,548,550,-1,549,550,551,-1,551,550,552,-1,551,552,553,-1,553,552,554,-1,553,554,555,-1,555,554,556,-1,555,556,557,-1,557,556,558,-1,557,558,559,-1,559,558,560,-1,559,560,561,-1,561,560,562,-1,561,562,563,-1,563,562,564,-1,563,564,565,-1,565,564,566,-1,565,566,567,-1,567,566,568,-1,567,568,569,-1,569,568,570,-1,569,570,571,-1,571,570,572,-1,571,572,573,-1,573,572,574,-1,573,574,575,-1,575,574,576,-1,575,576,577,-1,577,576,578,-1,577,578,579,-1,579,578,580,-1,579,580,581,-1,581,580,582,-1,581,582,583,-1,583,582,584,-1,583,584,585,-1,585,584,586,-1,585,586,587,-1,587,586,588,-1,587,588,589,-1,589,588,590,-1,589,590,591,-1,591,590,592,-1,591,592,593,-1,593,592,594,-1,593,594,595,-1,595,594,596,-1,595,596,597,-1,597,596,598,-1,597,598,599,-1,599,598,600,-1,599,600,601,-1,601,600,602,-1,601,602,603,-1,603,602,604,-1,603,604,605,-1,605,604,606,-1,605,606,607,-1,607,606,608,-1,607,608,609,-1,609,608,610,-1,609,610,611,-1,611,610,612,-1,611,612,613,-1,613,612,614,-1,613,614,615,-1,615,614,616,-1,615,616,617,-1,617,616,618,-1,617,618,619,-1,619,618,620,-1,619,620,621,-1,621,620,622,-1,621,622,623,-1,623,622,439,-1,623,439,438,-1,539,541,542,-1,483,603,605,-1,459,447,457,-1,457,447,449,-1,457,449,455,-1,455,449,451,-1,455,451,452,-1,483,605,481,-1,481,605,607,-1,481,607,479,-1,479,607,609,-1,479,609,477,-1,477,609,611,-1,477,611,475,-1,475,611,613,-1,475,613,473,-1,613,615,473,-1,473,615,617,-1,473,617,471,-1,471,617,619,-1,471,619,469,-1,469,619,621,-1,469,621,467,-1,467,621,623,-1,467,623,465,-1,465,623,438,-1,465,438,463,-1,463,438,441,-1,463,441,461,-1,461,441,443,-1,461,443,459,-1,459,443,445,-1,459,445,447,-1,515,569,513,-1,513,569,571,-1,513,571,511,-1,511,571,573,-1,511,573,509,-1,509,573,575,-1,509,575,507,-1,507,575,577,-1,507,577,505,-1,505,577,579,-1,505,579,503,-1,503,579,581,-1,503,581,501,-1,539,542,537,-1,537,542,545,-1,537,545,535,-1,535,545,547,-1,535,547,533,-1,533,547,549,-1,533,549,531,-1,531,549,551,-1,531,551,529,-1,529,551,553,-1,529,553,527,-1,527,553,555,-1,527,555,525,-1,525,555,557,-1,525,557,523,-1,523,557,559,-1,523,559,521,-1,521,559,561,-1,521,561,519,-1,519,561,563,-1,519,563,517,-1,517,563,565,-1,517,565,515,-1,515,565,567,-1,515,567,569,-1,603,483,601,-1,601,483,485,-1,601,485,599,-1,599,485,487,-1,599,487,597,-1,597,487,489,-1,597,489,595,-1,595,489,491,-1,595,491,593,-1,593,491,591,-1,591,491,493,-1,591,493,589,-1,581,583,501,-1,501,583,585,-1,501,585,499,-1,499,585,587,-1,499,587,497,-1,497,587,589,-1,497,589,495,-1,495,589,493,-1,454,453,450,-1,454,450,456,-1,470,616,472,-1,472,616,614,-1,472,614,474,-1,474,614,612,-1,474,612,476,-1,476,612,610,-1,476,610,478,-1,478,610,608,-1,478,608,480,-1,540,538,543,-1,543,538,536,-1,543,536,544,-1,544,536,534,-1,608,606,480,-1,480,606,604,-1,480,604,482,-1,482,604,602,-1,482,602,484,-1,484,602,600,-1,484,600,486,-1,486,600,598,-1,486,598,488,-1,450,448,456,-1,456,448,446,-1,456,446,458,-1,458,446,444,-1,458,444,460,-1,460,444,442,-1,460,442,462,-1,462,442,440,-1,462,440,464,-1,464,440,439,-1,464,439,466,-1,466,439,622,-1,466,622,468,-1,468,622,620,-1,468,620,470,-1,470,620,618,-1,470,618,616,-1,508,572,510,-1,510,572,570,-1,510,570,512,-1,512,570,568,-1,512,568,514,-1,514,568,566,-1,514,566,516,-1,516,566,564,-1,516,564,518,-1,518,564,562,-1,518,562,520,-1,520,562,560,-1,520,560,522,-1,522,560,558,-1,522,558,524,-1,524,558,556,-1,524,556,526,-1,526,556,554,-1,526,554,528,-1,528,554,552,-1,528,552,530,-1,530,552,550,-1,530,550,532,-1,532,550,548,-1,532,548,534,-1,534,548,546,-1,534,546,544,-1,588,586,498,-1,498,586,584,-1,498,584,500,-1,500,584,582,-1,500,582,502,-1,502,582,580,-1,502,580,504,-1,504,580,578,-1,504,578,506,-1,506,578,576,-1,506,576,508,-1,508,576,574,-1,508,574,572,-1,598,596,488,-1,488,596,594,-1,488,594,490,-1,490,594,592,-1,490,592,492,-1,492,592,590,-1,492,590,494,-1,494,590,588,-1,494,588,496,-1,496,588,498,-1,624,625,626,-1,626,625,627,-1,628,624,629,-1,629,624,626,-1,630,628,631,-1,631,628,629,-1,632,630,633,-1,633,630,631,-1,634,632,635,-1,635,632,633,-1,636,634,637,-1,637,634,635,-1,638,636,639,-1,639,636,637,-1,640,638,641,-1,641,638,639,-1,642,640,643,-1,643,640,641,-1,644,642,645,-1,645,642,643,-1,646,644,647,-1,647,644,645,-1,625,646,627,-1,627,646,647,-1,646,625,624,-1,624,628,646,-1,646,628,630,-1,646,630,644,-1,640,642,638,-1,638,642,644,-1,638,644,636,-1,636,644,630,-1,636,630,634,-1,634,630,632,-1,645,643,641,-1,641,639,645,-1,645,639,637,-1,645,637,647,-1,626,627,629,-1,629,627,647,-1,629,647,631,-1,631,647,637,-1,631,637,633,-1,633,637,635,-1,648,649,650,-1,650,649,651,-1,650,651,652,-1,652,651,653,-1,652,653,654,-1,654,653,655,-1,654,655,656,-1,656,655,657,-1,656,657,658,-1,658,657,659,-1,658,659,660,-1,660,659,661,-1,660,661,662,-1,662,661,663,-1,662,663,664,-1,665,666,667,-1,667,666,668,-1,667,668,669,-1,669,668,670,-1,669,670,671,-1,671,670,672,-1,671,672,673,-1,663,674,664,-1,664,674,675,-1,664,675,676,-1,676,675,677,-1,676,677,678,-1,678,677,679,-1,678,679,680,-1,680,679,681,-1,680,681,682,-1,682,681,683,-1,682,683,684,-1,684,683,685,-1,684,685,665,-1,665,685,686,-1,665,686,666,-1,672,687,673,-1,673,687,688,-1,673,688,689,-1,689,688,690,-1,689,690,691,-1,691,690,692,-1,691,692,693,-1,693,692,694,-1,693,694,695,-1,695,694,696,-1,695,696,697,-1,697,696,698,-1,697,698,699,-1,699,698,700,-1,699,700,701,-1,701,700,702,-1,701,702,703,-1,703,702,704,-1,703,704,705,-1,705,704,706,-1,705,706,707,-1,707,706,708,-1,707,708,709,-1,709,708,710,-1,709,710,711,-1,711,710,712,-1,711,712,713,-1,713,712,714,-1,713,714,715,-1,715,714,716,-1,715,716,717,-1,717,716,718,-1,717,718,719,-1,719,718,720,-1,719,720,648,-1,648,720,721,-1,648,721,649,-1,722,723,724,-1,724,723,725,-1,724,725,726,-1,726,725,727,-1,726,727,728,-1,728,727,729,-1,728,729,730,-1,730,729,731,-1,730,731,732,-1,732,731,733,-1,732,733,734,-1,735,736,737,-1,737,736,738,-1,737,738,739,-1,739,738,740,-1,739,740,741,-1,741,740,742,-1,741,742,743,-1,743,742,744,-1,743,744,745,-1,745,744,746,-1,745,746,747,-1,747,746,748,-1,747,748,749,-1,749,748,750,-1,749,750,751,-1,751,750,752,-1,751,752,753,-1,753,752,754,-1,753,754,755,-1,755,754,756,-1,755,756,757,-1,757,756,758,-1,757,758,759,-1,759,758,760,-1,759,760,761,-1,761,760,762,-1,761,762,763,-1,763,762,764,-1,763,764,722,-1,722,764,765,-1,722,765,723,-1,766,767,768,-1,768,767,769,-1,768,769,770,-1,770,769,771,-1,770,771,772,-1,772,771,773,-1,772,773,774,-1,774,773,775,-1,774,775,776,-1,776,775,777,-1,776,777,778,-1,778,777,779,-1,778,779,780,-1,780,779,781,-1,780,781,735,-1,735,781,782,-1,735,782,736,-1,733,783,734,-1,734,783,784,-1,734,784,785,-1,785,784,786,-1,785,786,787,-1,787,786,788,-1,787,788,789,-1,789,788,790,-1,789,790,791,-1,791,790,792,-1,791,792,793,-1,793,792,794,-1,793,794,766,-1,766,794,795,-1,766,795,767,-1,714,712,746,-1,746,712,748,-1,714,746,744,-1,714,744,716,-1,716,744,742,-1,716,742,718,-1,718,742,740,-1,718,740,720,-1,720,740,738,-1,720,738,721,-1,721,738,736,-1,721,736,649,-1,649,736,782,-1,649,782,651,-1,651,782,781,-1,651,781,653,-1,653,781,779,-1,653,779,655,-1,655,779,777,-1,655,777,657,-1,657,777,775,-1,657,775,659,-1,659,775,773,-1,659,773,661,-1,661,773,771,-1,661,771,663,-1,663,771,769,-1,663,769,674,-1,674,769,767,-1,674,767,675,-1,675,767,795,-1,675,795,677,-1,677,795,794,-1,677,794,679,-1,679,794,792,-1,679,792,681,-1,681,792,790,-1,681,790,683,-1,683,790,788,-1,683,788,685,-1,685,788,786,-1,685,786,686,-1,686,786,784,-1,686,784,666,-1,666,784,783,-1,666,783,668,-1,668,783,733,-1,668,733,670,-1,670,733,731,-1,670,731,672,-1,672,731,729,-1,672,729,687,-1,687,729,727,-1,687,727,688,-1,688,727,725,-1,688,725,690,-1,690,725,723,-1,690,723,692,-1,692,723,765,-1,692,765,694,-1,694,765,764,-1,694,764,696,-1,696,764,762,-1,696,762,698,-1,698,762,760,-1,698,760,700,-1,700,760,758,-1,700,758,702,-1,702,758,756,-1,702,756,704,-1,704,756,754,-1,704,754,706,-1,706,754,752,-1,706,752,708,-1,710,708,750,-1,750,708,752,-1,712,710,748,-1,748,710,750,-1,707,709,751,-1,751,709,749,-1,709,711,749,-1,749,711,747,-1,711,713,747,-1,747,713,745,-1,656,776,778,-1,656,778,654,-1,654,778,780,-1,654,780,652,-1,652,780,735,-1,652,735,650,-1,650,735,737,-1,650,737,648,-1,648,737,739,-1,648,739,719,-1,719,739,741,-1,719,741,717,-1,717,741,743,-1,717,743,715,-1,715,743,745,-1,715,745,713,-1,682,789,791,-1,682,791,680,-1,680,791,793,-1,680,793,678,-1,678,793,766,-1,678,766,676,-1,676,766,768,-1,676,768,664,-1,664,768,770,-1,664,770,662,-1,662,770,772,-1,662,772,660,-1,660,772,774,-1,660,774,658,-1,658,774,776,-1,658,776,656,-1,691,724,726,-1,691,726,689,-1,689,726,728,-1,689,728,673,-1,673,728,730,-1,673,730,671,-1,671,730,732,-1,671,732,669,-1,669,732,734,-1,669,734,667,-1,667,734,785,-1,667,785,665,-1,665,785,787,-1,665,787,684,-1,684,787,789,-1,684,789,682,-1,707,751,753,-1,707,753,705,-1,705,753,755,-1,705,755,703,-1,703,755,757,-1,703,757,701,-1,701,757,759,-1,701,759,699,-1,699,759,761,-1,699,761,697,-1,697,761,763,-1,697,763,695,-1,695,763,722,-1,695,722,693,-1,693,722,724,-1,693,724,691,-1,796,797,798,-1,798,797,799,-1,800,801,796,-1,796,801,802,-1,796,802,797,-1,797,802,803,-1,800,804,801,-1,801,804,805,-1,801,805,806,-1,806,805,807,-1,806,807,808,-1,808,809,806,-1,806,809,798,-1,806,798,810,-1,810,798,799,-1,810,799,811,-1,812,813,814,-1,814,813,815,-1,816,817,815,-1,815,817,818,-1,815,818,814,-1,814,818,819,-1,816,820,817,-1,817,820,821,-1,817,821,822,-1,822,821,823,-1,822,823,824,-1,824,825,822,-1,822,825,813,-1,822,813,826,-1,826,813,812,-1,826,812,827,-1,806,810,817,-1,817,810,818,-1,801,806,822,-1,822,806,817,-1,802,801,826,-1,826,801,822,-1,803,802,827,-1,827,802,826,-1,797,803,812,-1,812,803,827,-1,799,797,814,-1,814,797,812,-1,811,799,819,-1,819,799,814,-1,810,811,818,-1,818,811,819,-1,796,798,813,-1,813,798,815,-1,798,809,815,-1,815,809,816,-1,807,821,820,-1,807,820,808,-1,808,820,816,-1,808,816,809,-1,807,805,821,-1,821,805,823,-1,800,825,824,-1,800,824,804,-1,804,824,823,-1,804,823,805,-1,800,796,825,-1,825,796,813,-1,828,829,830,-1,830,829,831,-1,832,828,833,-1,833,828,830,-1,834,832,835,-1,835,832,833,-1,836,834,837,-1,837,834,835,-1,838,836,839,-1,839,836,837,-1,840,838,841,-1,841,838,839,-1,842,840,843,-1,843,840,841,-1,844,842,845,-1,845,842,843,-1,846,844,847,-1,847,844,845,-1,848,846,849,-1,849,846,847,-1,850,848,851,-1,851,848,849,-1,829,850,831,-1,831,850,851,-1,850,829,828,-1,828,832,850,-1,850,832,834,-1,850,834,848,-1,844,846,842,-1,842,846,848,-1,842,848,840,-1,840,848,834,-1,840,834,838,-1,838,834,836,-1,849,847,845,-1,845,843,849,-1,849,843,841,-1,849,841,851,-1,830,831,833,-1,833,831,851,-1,833,851,835,-1,835,851,841,-1,835,841,837,-1,837,841,839,-1,852,853,854,-1,854,853,855,-1,856,857,858,-1,858,857,859,-1,858,859,860,-1,860,859,861,-1,860,861,862,-1,863,864,865,-1,866,867,868,-1,869,870,856,-1,856,870,871,-1,856,871,857,-1,863,872,864,-1,864,872,873,-1,864,873,874,-1,874,873,875,-1,874,875,876,-1,852,854,877,-1,877,854,878,-1,877,878,879,-1,880,881,882,-1,882,881,868,-1,882,868,883,-1,883,868,867,-1,884,885,886,-1,887,888,889,-1,889,888,890,-1,889,890,885,-1,885,890,891,-1,885,891,886,-1,879,892,877,-1,877,892,893,-1,877,893,894,-1,894,893,895,-1,894,895,865,-1,865,895,896,-1,865,896,863,-1,897,898,899,-1,899,898,900,-1,899,900,901,-1,901,900,902,-1,901,902,869,-1,869,902,903,-1,869,903,870,-1,904,905,868,-1,868,905,906,-1,868,906,866,-1,907,904,897,-1,897,904,908,-1,897,908,898,-1,855,905,854,-1,854,905,904,-1,854,904,909,-1,909,904,907,-1,910,911,912,-1,912,911,913,-1,912,913,914,-1,914,913,915,-1,914,915,916,-1,886,917,884,-1,884,917,918,-1,884,918,910,-1,910,918,919,-1,910,919,911,-1,875,920,876,-1,876,920,921,-1,876,921,922,-1,922,921,923,-1,922,923,924,-1,861,925,862,-1,862,925,926,-1,862,926,927,-1,927,926,928,-1,927,928,929,-1,929,928,930,-1,929,930,931,-1,931,930,932,-1,931,932,933,-1,933,932,934,-1,933,934,935,-1,935,934,936,-1,935,936,937,-1,937,936,938,-1,937,938,939,-1,939,938,940,-1,939,940,941,-1,941,940,942,-1,941,942,943,-1,943,942,944,-1,943,944,945,-1,923,946,924,-1,924,946,947,-1,924,947,887,-1,887,947,948,-1,887,948,888,-1,883,949,882,-1,882,949,950,-1,882,950,951,-1,951,950,952,-1,951,952,953,-1,954,955,956,-1,956,955,957,-1,956,957,958,-1,958,957,959,-1,958,959,960,-1,959,961,960,-1,960,961,962,-1,960,962,963,-1,963,962,964,-1,963,964,965,-1,965,964,953,-1,965,953,966,-1,966,953,952,-1,915,967,916,-1,916,967,968,-1,916,968,969,-1,969,968,970,-1,969,970,971,-1,971,970,972,-1,971,972,954,-1,954,972,973,-1,954,973,955,-1,974,975,976,-1,977,978,979,-1,980,981,982,-1,982,981,983,-1,982,983,984,-1,985,986,987,-1,988,989,990,-1,991,992,980,-1,980,992,993,-1,980,993,981,-1,994,995,996,-1,996,995,997,-1,996,997,991,-1,991,997,998,-1,991,998,992,-1,999,1000,986,-1,986,1000,1001,-1,986,1001,987,-1,977,1002,978,-1,978,1002,1003,-1,978,1003,1004,-1,1004,1003,1005,-1,1004,1005,1006,-1,1006,1005,1007,-1,1006,1007,1008,-1,1009,1010,1011,-1,1011,1010,1012,-1,1011,1012,1013,-1,1013,1012,1014,-1,1013,1014,979,-1,979,1014,1015,-1,979,1015,977,-1,1016,988,1017,-1,1017,988,990,-1,1017,990,1018,-1,1018,990,1019,-1,987,1020,985,-1,985,1020,1021,-1,985,1021,1022,-1,1022,1021,1023,-1,1022,1023,1024,-1,1024,1023,1025,-1,1024,1025,1026,-1,1026,1025,1027,-1,1026,1027,1028,-1,1028,1027,1029,-1,1030,1031,994,-1,994,1031,1032,-1,994,1032,995,-1,1033,1034,1030,-1,1030,1034,1035,-1,1030,1035,1031,-1,983,1036,984,-1,984,1036,1037,-1,984,1037,1038,-1,1038,1037,1039,-1,1038,1039,999,-1,999,1039,1040,-1,999,1040,1000,-1,1041,1042,1043,-1,1043,1042,990,-1,1043,990,1044,-1,1044,990,989,-1,1007,1045,1008,-1,1008,1045,1046,-1,1008,1046,1047,-1,1047,1046,1048,-1,1047,1048,1049,-1,1049,1048,1042,-1,1049,1042,1050,-1,1050,1042,1051,-1,1051,1042,1041,-1,1051,1041,1029,-1,1029,1041,1052,-1,1029,1052,1028,-1,974,976,1053,-1,1053,976,1054,-1,1053,1054,1055,-1,1055,1054,1056,-1,1055,1056,1057,-1,1057,1056,1058,-1,1057,1058,1059,-1,1059,1058,1060,-1,1059,1060,1061,-1,1061,1060,1062,-1,1061,1062,1063,-1,1063,1062,1064,-1,1063,1064,1065,-1,1065,1064,1066,-1,1065,1066,1009,-1,1009,1066,1067,-1,1009,1067,1010,-1,1068,1069,1070,-1,1070,1069,1071,-1,1070,1071,1072,-1,1072,1071,1073,-1,1072,1073,1074,-1,1074,1073,1075,-1,1074,1075,1076,-1,1077,1078,1079,-1,1079,1078,1080,-1,1079,1080,1081,-1,1081,1080,1082,-1,1081,1082,1033,-1,1033,1082,1083,-1,1033,1083,1034,-1,1075,1084,1076,-1,1076,1084,1085,-1,1076,1085,1086,-1,1086,1085,1087,-1,1086,1087,1088,-1,1088,1087,1089,-1,1088,1089,1077,-1,1077,1089,1090,-1,1077,1090,1078,-1,1070,1091,1068,-1,1068,1091,1092,-1,1068,1092,1093,-1,1093,1092,1094,-1,1093,1094,1017,-1,1017,1094,1095,-1,1017,1095,1016,-1,930,1066,1064,-1,930,1064,932,-1,932,1064,1062,-1,932,1062,934,-1,934,1062,1060,-1,934,1060,936,-1,936,1060,1058,-1,936,1058,938,-1,938,1058,1056,-1,938,1056,940,-1,940,1056,1054,-1,940,1054,942,-1,942,1054,976,-1,942,976,944,-1,945,944,975,-1,975,944,976,-1,945,975,974,-1,945,974,943,-1,943,974,1053,-1,943,1053,941,-1,941,1053,1055,-1,941,1055,939,-1,939,1055,1057,-1,939,1057,937,-1,937,1057,1059,-1,937,1059,935,-1,935,1059,1061,-1,935,1061,933,-1,933,1061,1063,-1,933,1063,931,-1,931,1063,1065,-1,931,1065,929,-1,929,1065,1009,-1,929,1009,927,-1,927,1009,1011,-1,927,1011,862,-1,862,1011,1013,-1,862,1013,860,-1,860,1013,979,-1,860,979,858,-1,858,979,978,-1,858,978,856,-1,856,978,1004,-1,856,1004,869,-1,869,1004,1006,-1,869,1006,901,-1,901,1006,1008,-1,901,1008,899,-1,899,1008,1047,-1,899,1047,897,-1,897,1047,1049,-1,897,1049,907,-1,907,1049,1050,-1,907,1050,909,-1,909,1050,1051,-1,909,1051,854,-1,878,854,1029,-1,1029,854,1051,-1,878,1029,1027,-1,878,1027,879,-1,879,1027,1025,-1,879,1025,892,-1,892,1025,1023,-1,892,1023,893,-1,893,1023,1021,-1,893,1021,895,-1,895,1021,1020,-1,895,1020,896,-1,896,1020,987,-1,896,987,863,-1,863,987,1001,-1,863,1001,872,-1,872,1001,1000,-1,872,1000,873,-1,873,1000,1040,-1,873,1040,875,-1,875,1040,1039,-1,875,1039,920,-1,920,1039,1037,-1,920,1037,921,-1,921,1037,1036,-1,921,1036,923,-1,923,1036,983,-1,923,983,946,-1,946,983,981,-1,946,981,947,-1,947,981,993,-1,947,993,948,-1,948,993,992,-1,948,992,888,-1,888,992,998,-1,888,998,890,-1,890,998,997,-1,890,997,891,-1,891,997,995,-1,891,995,886,-1,886,995,1032,-1,886,1032,917,-1,917,1032,1031,-1,917,1031,918,-1,918,1031,1035,-1,918,1035,919,-1,919,1035,1034,-1,919,1034,911,-1,911,1034,1083,-1,911,1083,913,-1,913,1083,1082,-1,913,1082,915,-1,915,1082,1080,-1,915,1080,967,-1,967,1080,1078,-1,967,1078,968,-1,968,1078,1090,-1,968,1090,970,-1,970,1090,1089,-1,970,1089,972,-1,972,1089,1087,-1,972,1087,973,-1,973,1087,1085,-1,973,1085,955,-1,955,1085,1084,-1,955,1084,957,-1,957,1084,1075,-1,957,1075,959,-1,959,1075,1073,-1,959,1073,961,-1,961,1073,1071,-1,961,1071,962,-1,962,1071,1069,-1,962,1069,964,-1,964,1069,1068,-1,964,1068,953,-1,953,1068,1093,-1,953,1093,951,-1,882,951,1017,-1,1017,951,1093,-1,880,882,1018,-1,1018,882,1017,-1,881,880,1019,-1,1019,880,1018,-1,868,881,990,-1,990,881,1019,-1,868,990,1042,-1,868,1042,904,-1,904,1042,1048,-1,904,1048,908,-1,908,1048,1046,-1,908,1046,898,-1,898,1046,1045,-1,898,1045,900,-1,900,1045,1007,-1,900,1007,902,-1,902,1007,1005,-1,902,1005,903,-1,903,1005,1003,-1,903,1003,870,-1,870,1003,1002,-1,870,1002,871,-1,871,1002,977,-1,871,977,857,-1,857,977,1015,-1,857,1015,859,-1,859,1015,1014,-1,859,1014,861,-1,861,1014,1012,-1,861,1012,925,-1,925,1012,1010,-1,925,1010,926,-1,926,1010,1067,-1,926,1067,928,-1,928,1067,1066,-1,928,1066,930,-1,865,985,1022,-1,865,1022,894,-1,894,1022,1024,-1,894,1024,877,-1,877,1024,1026,-1,877,1026,852,-1,852,1026,1028,-1,852,1028,853,-1,853,1028,1052,-1,853,1052,855,-1,924,982,984,-1,924,984,922,-1,922,984,1038,-1,922,1038,876,-1,876,1038,999,-1,876,999,874,-1,874,999,986,-1,874,986,864,-1,864,986,985,-1,864,985,865,-1,910,1030,994,-1,910,994,884,-1,884,994,996,-1,884,996,885,-1,885,996,991,-1,885,991,889,-1,889,991,980,-1,889,980,887,-1,887,980,982,-1,887,982,924,-1,971,1088,1077,-1,971,1077,969,-1,969,1077,1079,-1,969,1079,916,-1,916,1079,1081,-1,916,1081,914,-1,914,1081,1033,-1,914,1033,912,-1,912,1033,1030,-1,912,1030,910,-1,966,1092,1091,-1,966,1091,965,-1,965,1091,1070,-1,965,1070,963,-1,963,1070,1072,-1,963,1072,960,-1,960,1072,1074,-1,960,1074,958,-1,958,1074,1076,-1,958,1076,956,-1,956,1076,1086,-1,956,1086,954,-1,954,1086,1088,-1,954,1088,971,-1,906,1043,1044,-1,906,1044,866,-1,866,1044,989,-1,866,989,867,-1,867,989,988,-1,867,988,883,-1,883,988,1016,-1,883,1016,949,-1,949,1016,1095,-1,949,1095,950,-1,950,1095,1094,-1,950,1094,952,-1,952,1094,1092,-1,952,1092,966,-1,906,905,1043,-1,1043,905,1041,-1,905,855,1041,-1,1041,855,1052,-1,1096,1097,1098,-1,1096,1098,1099,-1,1099,1098,1100,-1,1099,1100,1101,-1,1101,1100,1102,-1,1101,1102,1103,-1,1103,1102,1104,-1,1103,1104,1105,-1,1105,1104,1106,-1,1105,1106,1107,-1,1107,1106,1108,-1,1107,1108,1109,-1,1109,1108,1110,-1,1109,1110,1111,-1,1112,1111,1113,-1,1113,1111,1110,-1,1112,1113,1114,-1,1112,1114,1115,-1,1115,1114,1116,-1,1115,1116,1117,-1,1117,1116,1118,-1,1117,1118,1119,-1,1119,1118,1120,-1,1119,1120,1121,-1,1121,1120,1122,-1,1121,1122,1123,-1,1123,1122,1124,-1,1123,1124,1125,-1,1125,1124,1126,-1,1125,1126,1127,-1,1127,1126,1128,-1,1127,1128,1129,-1,1129,1128,1130,-1,1129,1130,1131,-1,1131,1130,1132,-1,1131,1132,1133,-1,1133,1132,1134,-1,1133,1134,1135,-1,1135,1134,1136,-1,1135,1136,1137,-1,1137,1136,1138,-1,1137,1138,1139,-1,1139,1138,1140,-1,1139,1140,1141,-1,1141,1140,1142,-1,1141,1142,1143,-1,1143,1142,1144,-1,1143,1144,1145,-1,1145,1144,1146,-1,1145,1146,1147,-1,1147,1146,1148,-1,1147,1148,1149,-1,1149,1148,1150,-1,1149,1150,1151,-1,1151,1150,1152,-1,1151,1152,1153,-1,1153,1152,1154,-1,1153,1154,1155,-1,1155,1154,1156,-1,1155,1156,1157,-1,1157,1156,1158,-1,1157,1158,1159,-1,1159,1158,1160,-1,1159,1160,1161,-1,1161,1160,1162,-1,1161,1162,1163,-1,1163,1162,1164,-1,1163,1164,1165,-1,1165,1164,1166,-1,1165,1166,1167,-1,1167,1166,1168,-1,1167,1168,1169,-1,1169,1168,1170,-1,1169,1170,1171,-1,1171,1170,1172,-1,1171,1172,1173,-1,1173,1172,1174,-1,1173,1174,1175,-1,1175,1174,1176,-1,1175,1176,1177,-1,1177,1176,1178,-1,1177,1178,1179,-1,1179,1178,1180,-1,1179,1180,1181,-1,1181,1180,1182,-1,1181,1182,1183,-1,1183,1182,1184,-1,1183,1184,1185,-1,1185,1184,1186,-1,1185,1186,1187,-1,1187,1186,1188,-1,1187,1188,1189,-1,1189,1188,1190,-1,1189,1190,1191,-1,1191,1190,1192,-1,1191,1192,1193,-1,1193,1192,1194,-1,1193,1194,1195,-1,1195,1194,1196,-1,1195,1196,1197,-1,1197,1196,1198,-1,1197,1198,1199,-1,1199,1198,1200,-1,1199,1200,1201,-1,1201,1200,1202,-1,1201,1202,1203,-1,1203,1202,1204,-1,1203,1204,1205,-1,1205,1204,1206,-1,1205,1206,1207,-1,1207,1206,1208,-1,1207,1208,1209,-1,1209,1208,1210,-1,1209,1210,1211,-1,1211,1210,1212,-1,1211,1212,1213,-1,1213,1212,1214,-1,1213,1214,1215,-1,1215,1214,1216,-1,1215,1216,1217,-1,1217,1216,1218,-1,1217,1218,1219,-1,1219,1218,1220,-1,1219,1220,1221,-1,1221,1220,1222,-1,1221,1222,1223,-1,1223,1222,1224,-1,1223,1224,1225,-1,1225,1224,1226,-1,1225,1226,1227,-1,1227,1226,1228,-1,1227,1228,1229,-1,1229,1228,1230,-1,1229,1230,1231,-1,1232,1231,1233,-1,1233,1231,1230,-1,1232,1233,1234,-1,1232,1234,1235,-1,1235,1234,1236,-1,1235,1236,1237,-1,1237,1236,1238,-1,1237,1238,1239,-1,1239,1238,1240,-1,1239,1240,1241,-1,1241,1240,1242,-1,1241,1242,1243,-1,1243,1242,1244,-1,1243,1244,1245,-1,1245,1244,1246,-1,1245,1246,1247,-1,1247,1246,1248,-1,1247,1248,1249,-1,1249,1248,1250,-1,1249,1250,1251,-1,1251,1250,1252,-1,1251,1252,1253,-1,1253,1252,1254,-1,1253,1254,1255,-1,1255,1254,1256,-1,1255,1256,1257,-1,1257,1256,1258,-1,1257,1258,1259,-1,1259,1258,1260,-1,1259,1260,1261,-1,1261,1260,1262,-1,1261,1262,1263,-1,1263,1262,1264,-1,1263,1264,1265,-1,1265,1264,1266,-1,1265,1266,1267,-1,1267,1266,1268,-1,1267,1268,1269,-1,1269,1268,1270,-1,1269,1270,1271,-1,1271,1270,1272,-1,1271,1272,1273,-1,1273,1272,1274,-1,1273,1274,1275,-1,1275,1274,1276,-1,1275,1276,1277,-1,1277,1276,1278,-1,1277,1278,1279,-1,1279,1278,1280,-1,1279,1280,1281,-1,1281,1280,1282,-1,1281,1282,1283,-1,1283,1282,1284,-1,1283,1284,1285,-1,1285,1284,1286,-1,1285,1286,1287,-1,1287,1286,1288,-1,1287,1288,1289,-1,1289,1288,1290,-1,1289,1290,1291,-1,1291,1290,1292,-1,1291,1292,1293,-1,1293,1292,1294,-1,1293,1294,1295,-1,1295,1294,1296,-1,1295,1296,1297,-1,1297,1296,1298,-1,1297,1298,1299,-1,1299,1298,1300,-1,1299,1300,1301,-1,1301,1300,1302,-1,1301,1302,1303,-1,1303,1302,1304,-1,1303,1304,1305,-1,1305,1304,1306,-1,1305,1306,1307,-1,1307,1306,1308,-1,1307,1308,1309,-1,1309,1308,1310,-1,1309,1310,1311,-1,1311,1310,1312,-1,1311,1312,1313,-1,1313,1312,1314,-1,1313,1314,1315,-1,1315,1314,1316,-1,1315,1316,1317,-1,1317,1316,1318,-1,1317,1318,1319,-1,1319,1318,1320,-1,1319,1320,1321,-1,1321,1320,1322,-1,1321,1322,1323,-1,1323,1322,1324,-1,1323,1324,1325,-1,1325,1324,1326,-1,1325,1326,1327,-1,1327,1326,1328,-1,1327,1328,1329,-1,1329,1328,1330,-1,1329,1330,1331,-1,1331,1330,1097,-1,1331,1097,1096,-1,1109,1111,1112,-1,1229,1231,1232,-1,1139,1141,1321,-1,1321,1141,1319,-1,1141,1143,1319,-1,1319,1143,1145,-1,1319,1145,1317,-1,1317,1145,1147,-1,1317,1147,1315,-1,1203,1263,1201,-1,1201,1263,1265,-1,1201,1265,1199,-1,1205,1259,1203,-1,1203,1259,1261,-1,1203,1261,1263,-1,1163,1307,1161,-1,1161,1307,1309,-1,1279,1191,1193,-1,1139,1321,1137,-1,1137,1321,1323,-1,1137,1323,1135,-1,1135,1323,1325,-1,1135,1325,1133,-1,1133,1325,1327,-1,1133,1327,1131,-1,1131,1327,1329,-1,1131,1329,1129,-1,1265,1267,1199,-1,1199,1267,1269,-1,1199,1269,1197,-1,1279,1281,1191,-1,1191,1281,1283,-1,1191,1283,1189,-1,1189,1283,1285,-1,1189,1285,1187,-1,1187,1285,1287,-1,1187,1287,1185,-1,1185,1287,1289,-1,1185,1289,1183,-1,1313,1155,1311,-1,1311,1155,1157,-1,1311,1157,1309,-1,1309,1157,1159,-1,1309,1159,1161,-1,1147,1149,1315,-1,1315,1149,1151,-1,1315,1151,1313,-1,1313,1151,1153,-1,1313,1153,1155,-1,1269,1271,1197,-1,1197,1271,1273,-1,1197,1273,1195,-1,1195,1273,1275,-1,1195,1275,1193,-1,1193,1275,1277,-1,1193,1277,1279,-1,1163,1165,1307,-1,1307,1165,1167,-1,1307,1167,1305,-1,1305,1167,1169,-1,1305,1169,1303,-1,1303,1169,1171,-1,1303,1171,1301,-1,1301,1171,1173,-1,1301,1173,1299,-1,1299,1173,1175,-1,1299,1175,1297,-1,1129,1329,1127,-1,1127,1329,1331,-1,1127,1331,1125,-1,1125,1331,1096,-1,1125,1096,1123,-1,1123,1096,1099,-1,1123,1099,1121,-1,1121,1099,1101,-1,1121,1101,1119,-1,1119,1101,1103,-1,1119,1103,1117,-1,1117,1103,1105,-1,1117,1105,1115,-1,1115,1105,1112,-1,1112,1105,1107,-1,1112,1107,1109,-1,1289,1291,1183,-1,1183,1291,1293,-1,1183,1293,1181,-1,1181,1293,1295,-1,1181,1295,1179,-1,1179,1295,1297,-1,1179,1297,1177,-1,1177,1297,1175,-1,1229,1232,1227,-1,1227,1232,1235,-1,1227,1235,1225,-1,1225,1235,1237,-1,1225,1237,1223,-1,1223,1237,1239,-1,1223,1239,1221,-1,1221,1239,1241,-1,1221,1241,1219,-1,1219,1241,1243,-1,1219,1243,1217,-1,1217,1243,1245,-1,1217,1245,1215,-1,1215,1245,1247,-1,1215,1247,1213,-1,1213,1247,1249,-1,1213,1249,1211,-1,1211,1249,1251,-1,1211,1251,1209,-1,1209,1251,1253,-1,1209,1253,1207,-1,1207,1253,1255,-1,1207,1255,1205,-1,1205,1255,1257,-1,1205,1257,1259,-1,1318,1140,1320,-1,1320,1140,1138,-1,1320,1138,1322,-1,1322,1138,1136,-1,1322,1136,1324,-1,1324,1136,1134,-1,1324,1134,1326,-1,1282,1190,1188,-1,1316,1144,1318,-1,1318,1144,1142,-1,1318,1142,1140,-1,1310,1308,1158,-1,1202,1200,1262,-1,1158,1308,1160,-1,1160,1308,1306,-1,1160,1306,1162,-1,1304,1166,1306,-1,1306,1166,1164,-1,1306,1164,1162,-1,1282,1280,1190,-1,1190,1280,1278,-1,1190,1278,1192,-1,1192,1278,1276,-1,1192,1276,1194,-1,1196,1268,1198,-1,1198,1268,1266,-1,1198,1266,1200,-1,1200,1266,1264,-1,1200,1264,1262,-1,1276,1274,1194,-1,1194,1274,1272,-1,1194,1272,1196,-1,1196,1272,1270,-1,1196,1270,1268,-1,1312,1150,1314,-1,1314,1150,1148,-1,1314,1148,1316,-1,1316,1148,1146,-1,1316,1146,1144,-1,1158,1156,1310,-1,1310,1156,1154,-1,1310,1154,1312,-1,1312,1154,1152,-1,1312,1152,1150,-1,1134,1132,1326,-1,1326,1132,1130,-1,1326,1130,1328,-1,1328,1130,1128,-1,1328,1128,1330,-1,1330,1128,1126,-1,1330,1126,1097,-1,1097,1126,1124,-1,1097,1124,1098,-1,1098,1124,1122,-1,1098,1122,1100,-1,1100,1122,1120,-1,1100,1120,1102,-1,1230,1228,1233,-1,1233,1228,1226,-1,1233,1226,1234,-1,1234,1226,1224,-1,1120,1118,1102,-1,1102,1118,1116,-1,1102,1116,1104,-1,1104,1116,1114,-1,1104,1114,1106,-1,1106,1114,1113,-1,1106,1113,1108,-1,1108,1113,1110,-1,1296,1294,1180,-1,1180,1294,1292,-1,1180,1292,1182,-1,1182,1292,1290,-1,1182,1290,1184,-1,1184,1290,1288,-1,1184,1288,1186,-1,1186,1288,1286,-1,1186,1286,1188,-1,1188,1286,1284,-1,1188,1284,1282,-1,1262,1260,1202,-1,1202,1260,1258,-1,1202,1258,1204,-1,1204,1258,1256,-1,1204,1256,1206,-1,1206,1256,1254,-1,1206,1254,1208,-1,1208,1254,1252,-1,1208,1252,1210,-1,1210,1252,1250,-1,1210,1250,1212,-1,1212,1250,1248,-1,1212,1248,1214,-1,1214,1248,1246,-1,1214,1246,1216,-1,1216,1246,1244,-1,1216,1244,1218,-1,1218,1244,1242,-1,1218,1242,1220,-1,1220,1242,1240,-1,1220,1240,1222,-1,1222,1240,1238,-1,1222,1238,1224,-1,1224,1238,1236,-1,1224,1236,1234,-1,1180,1178,1296,-1,1296,1178,1176,-1,1296,1176,1298,-1,1298,1176,1174,-1,1298,1174,1300,-1,1300,1174,1172,-1,1300,1172,1302,-1,1302,1172,1170,-1,1302,1170,1304,-1,1304,1170,1168,-1,1304,1168,1166,-1,1332,1333,1334,-1,1334,1333,1335,-1,1336,1332,1337,-1,1337,1332,1334,-1,1336,1337,1338,-1,1336,1338,1339,-1,1339,1338,1340,-1,1339,1340,1341,-1,1342,1341,1343,-1,1343,1341,1340,-1,1344,1342,1345,-1,1345,1342,1343,-1,1346,1344,1347,-1,1347,1344,1345,-1,1348,1346,1349,-1,1349,1346,1347,-1,1350,1348,1351,-1,1351,1348,1349,-1,1352,1350,1353,-1,1353,1350,1351,-1,1352,1353,1354,-1,1352,1354,1355,-1,1355,1354,1356,-1,1355,1356,1357,-1,1357,1356,1358,-1,1357,1358,1359,-1,1359,1358,1360,-1,1359,1360,1361,-1,1361,1360,1362,-1,1361,1362,1363,-1,1363,1362,1364,-1,1363,1364,1365,-1,1365,1364,1366,-1,1365,1366,1367,-1,1367,1366,1368,-1,1367,1368,1369,-1,1369,1368,1370,-1,1369,1370,1371,-1,1371,1370,1372,-1,1371,1372,1373,-1,1374,1373,1375,-1,1375,1373,1372,-1,1374,1375,1376,-1,1374,1376,1377,-1,1377,1376,1378,-1,1377,1378,1379,-1,1379,1378,1380,-1,1379,1380,1381,-1,1381,1380,1382,-1,1381,1382,1383,-1,1383,1382,1384,-1,1383,1384,1385,-1,1385,1384,1386,-1,1385,1386,1387,-1,1387,1386,1388,-1,1387,1388,1389,-1,1389,1388,1390,-1,1389,1390,1391,-1,1391,1390,1392,-1,1391,1392,1393,-1,1393,1392,1394,-1,1393,1394,1395,-1,1395,1394,1396,-1,1395,1396,1397,-1,1397,1396,1398,-1,1397,1398,1399,-1,1399,1398,1400,-1,1399,1400,1401,-1,1401,1400,1402,-1,1401,1402,1403,-1,1333,1403,1335,-1,1335,1403,1402,-1,1339,1341,1403,-1,1333,1332,1403,-1,1403,1332,1336,-1,1403,1336,1339,-1,1346,1348,1344,-1,1344,1348,1350,-1,1344,1350,1342,-1,1357,1359,1391,-1,1391,1359,1389,-1,1389,1359,1361,-1,1389,1361,1387,-1,1387,1361,1363,-1,1387,1363,1385,-1,1385,1363,1383,-1,1383,1363,1365,-1,1383,1365,1381,-1,1381,1365,1367,-1,1381,1367,1379,-1,1391,1393,1357,-1,1357,1393,1395,-1,1357,1395,1355,-1,1355,1395,1397,-1,1355,1397,1352,-1,1379,1367,1377,-1,1377,1367,1369,-1,1377,1369,1374,-1,1374,1369,1371,-1,1374,1371,1373,-1,1397,1399,1352,-1,1352,1399,1401,-1,1352,1401,1350,-1,1350,1401,1403,-1,1350,1403,1342,-1,1342,1403,1341,-1,1364,1362,1384,-1,1351,1349,1347,-1,1334,1335,1337,-1,1337,1335,1402,-1,1384,1362,1386,-1,1386,1362,1360,-1,1386,1360,1388,-1,1384,1382,1364,-1,1364,1382,1380,-1,1364,1380,1366,-1,1366,1380,1378,-1,1366,1378,1368,-1,1368,1378,1376,-1,1368,1376,1370,-1,1370,1376,1375,-1,1370,1375,1372,-1,1388,1360,1390,-1,1390,1360,1358,-1,1390,1358,1392,-1,1392,1358,1356,-1,1392,1356,1394,-1,1394,1356,1354,-1,1394,1354,1396,-1,1396,1354,1398,-1,1398,1354,1353,-1,1398,1353,1400,-1,1343,1340,1402,-1,1402,1340,1338,-1,1402,1338,1337,-1,1347,1345,1351,-1,1351,1345,1343,-1,1351,1343,1353,-1,1353,1343,1402,-1,1353,1402,1400,-1,1404,1405,1406,-1,1406,1405,1407,-1,1408,1404,1409,-1,1409,1404,1406,-1,1410,1408,1411,-1,1411,1408,1409,-1,1412,1410,1413,-1,1413,1410,1411,-1,1414,1412,1415,-1,1415,1412,1413,-1,1416,1414,1417,-1,1417,1414,1415,-1,1418,1416,1419,-1,1419,1416,1417,-1,1420,1418,1421,-1,1421,1418,1419,-1,1422,1420,1423,-1,1423,1420,1421,-1,1424,1422,1425,-1,1425,1422,1423,-1,1426,1424,1427,-1,1427,1424,1425,-1,1405,1426,1407,-1,1407,1426,1427,-1,1426,1405,1404,-1,1404,1408,1426,-1,1426,1408,1410,-1,1426,1410,1424,-1,1420,1422,1418,-1,1418,1422,1424,-1,1418,1424,1416,-1,1416,1424,1410,-1,1416,1410,1414,-1,1414,1410,1412,-1,1425,1423,1421,-1,1421,1419,1425,-1,1425,1419,1417,-1,1425,1417,1427,-1,1406,1407,1409,-1,1409,1407,1427,-1,1409,1427,1411,-1,1411,1427,1417,-1,1411,1417,1413,-1,1413,1417,1415,-1,1428,1429,1430,-1,1430,1429,1431,-1,1430,1431,1432,-1,1432,1431,1433,-1,1432,1433,1434,-1,1434,1433,1435,-1,1434,1435,1436,-1,1436,1435,1437,-1,1436,1437,1438,-1,1438,1437,1439,-1,1438,1439,1440,-1,1440,1439,1441,-1,1440,1441,1442,-1,1442,1441,1443,-1,1442,1443,1444,-1,1445,1446,1447,-1,1447,1446,1448,-1,1447,1448,1449,-1,1449,1448,1450,-1,1449,1450,1451,-1,1451,1450,1452,-1,1451,1452,1453,-1,1443,1454,1444,-1,1444,1454,1455,-1,1444,1455,1456,-1,1456,1455,1457,-1,1456,1457,1458,-1,1458,1457,1459,-1,1458,1459,1460,-1,1460,1459,1461,-1,1460,1461,1462,-1,1462,1461,1463,-1,1462,1463,1464,-1,1464,1463,1465,-1,1464,1465,1445,-1,1445,1465,1466,-1,1445,1466,1446,-1,1452,1467,1453,-1,1453,1467,1468,-1,1453,1468,1469,-1,1469,1468,1470,-1,1469,1470,1471,-1,1471,1470,1472,-1,1471,1472,1473,-1,1473,1472,1474,-1,1473,1474,1475,-1,1475,1474,1476,-1,1475,1476,1477,-1,1477,1476,1478,-1,1477,1478,1479,-1,1479,1478,1480,-1,1479,1480,1481,-1,1481,1480,1482,-1,1481,1482,1483,-1,1483,1482,1484,-1,1483,1484,1485,-1,1485,1484,1486,-1,1485,1486,1487,-1,1487,1486,1488,-1,1487,1488,1489,-1,1489,1488,1490,-1,1489,1490,1491,-1,1491,1490,1492,-1,1491,1492,1493,-1,1493,1492,1494,-1,1493,1494,1495,-1,1495,1494,1496,-1,1495,1496,1497,-1,1497,1496,1498,-1,1497,1498,1499,-1,1499,1498,1500,-1,1499,1500,1428,-1,1428,1500,1501,-1,1428,1501,1429,-1,1502,1503,1504,-1,1504,1503,1505,-1,1504,1505,1506,-1,1506,1505,1507,-1,1506,1507,1508,-1,1508,1507,1509,-1,1508,1509,1510,-1,1510,1509,1511,-1,1510,1511,1512,-1,1512,1511,1513,-1,1512,1513,1514,-1,1515,1516,1517,-1,1517,1516,1518,-1,1517,1518,1519,-1,1519,1518,1520,-1,1519,1520,1521,-1,1521,1520,1522,-1,1521,1522,1523,-1,1523,1522,1524,-1,1523,1524,1525,-1,1525,1524,1526,-1,1525,1526,1527,-1,1527,1526,1528,-1,1527,1528,1529,-1,1529,1528,1530,-1,1529,1530,1531,-1,1531,1530,1532,-1,1531,1532,1533,-1,1533,1532,1534,-1,1533,1534,1535,-1,1535,1534,1536,-1,1535,1536,1537,-1,1537,1536,1538,-1,1537,1538,1539,-1,1539,1538,1540,-1,1539,1540,1541,-1,1541,1540,1542,-1,1541,1542,1543,-1,1543,1542,1544,-1,1543,1544,1502,-1,1502,1544,1545,-1,1502,1545,1503,-1,1546,1547,1548,-1,1548,1547,1549,-1,1548,1549,1550,-1,1550,1549,1551,-1,1550,1551,1552,-1,1552,1551,1553,-1,1552,1553,1554,-1,1554,1553,1555,-1,1554,1555,1556,-1,1556,1555,1557,-1,1556,1557,1558,-1,1558,1557,1559,-1,1558,1559,1560,-1,1560,1559,1561,-1,1560,1561,1515,-1,1515,1561,1562,-1,1515,1562,1516,-1,1513,1563,1514,-1,1514,1563,1564,-1,1514,1564,1565,-1,1565,1564,1566,-1,1565,1566,1567,-1,1567,1566,1568,-1,1567,1568,1569,-1,1569,1568,1570,-1,1569,1570,1571,-1,1571,1570,1572,-1,1571,1572,1573,-1,1573,1572,1574,-1,1573,1574,1546,-1,1546,1574,1575,-1,1546,1575,1547,-1,1494,1492,1526,-1,1526,1492,1528,-1,1494,1526,1524,-1,1494,1524,1496,-1,1496,1524,1522,-1,1496,1522,1498,-1,1498,1522,1520,-1,1498,1520,1500,-1,1500,1520,1518,-1,1500,1518,1501,-1,1501,1518,1516,-1,1501,1516,1429,-1,1429,1516,1562,-1,1429,1562,1431,-1,1431,1562,1561,-1,1431,1561,1433,-1,1433,1561,1559,-1,1433,1559,1435,-1,1435,1559,1557,-1,1435,1557,1437,-1,1437,1557,1555,-1,1437,1555,1439,-1,1439,1555,1553,-1,1439,1553,1441,-1,1441,1553,1551,-1,1441,1551,1443,-1,1443,1551,1549,-1,1443,1549,1454,-1,1454,1549,1547,-1,1454,1547,1455,-1,1455,1547,1575,-1,1455,1575,1457,-1,1457,1575,1574,-1,1457,1574,1459,-1,1459,1574,1572,-1,1459,1572,1461,-1,1461,1572,1570,-1,1461,1570,1463,-1,1463,1570,1568,-1,1463,1568,1465,-1,1465,1568,1566,-1,1465,1566,1466,-1,1466,1566,1564,-1,1466,1564,1446,-1,1446,1564,1563,-1,1446,1563,1448,-1,1448,1563,1513,-1,1448,1513,1450,-1,1450,1513,1511,-1,1450,1511,1452,-1,1452,1511,1509,-1,1452,1509,1467,-1,1467,1509,1507,-1,1467,1507,1468,-1,1468,1507,1505,-1,1468,1505,1470,-1,1470,1505,1503,-1,1470,1503,1472,-1,1472,1503,1545,-1,1472,1545,1474,-1,1474,1545,1544,-1,1474,1544,1476,-1,1476,1544,1542,-1,1476,1542,1478,-1,1478,1542,1540,-1,1478,1540,1480,-1,1480,1540,1538,-1,1480,1538,1482,-1,1482,1538,1536,-1,1482,1536,1484,-1,1484,1536,1534,-1,1484,1534,1486,-1,1486,1534,1532,-1,1486,1532,1488,-1,1490,1488,1530,-1,1530,1488,1532,-1,1492,1490,1528,-1,1528,1490,1530,-1,1487,1489,1531,-1,1531,1489,1529,-1,1489,1491,1529,-1,1529,1491,1527,-1,1491,1493,1527,-1,1527,1493,1525,-1,1436,1556,1558,-1,1436,1558,1434,-1,1434,1558,1560,-1,1434,1560,1432,-1,1432,1560,1515,-1,1432,1515,1430,-1,1430,1515,1517,-1,1430,1517,1428,-1,1428,1517,1519,-1,1428,1519,1499,-1,1499,1519,1521,-1,1499,1521,1497,-1,1497,1521,1523,-1,1497,1523,1495,-1,1495,1523,1525,-1,1495,1525,1493,-1,1462,1569,1571,-1,1462,1571,1460,-1,1460,1571,1573,-1,1460,1573,1458,-1,1458,1573,1546,-1,1458,1546,1456,-1,1456,1546,1548,-1,1456,1548,1444,-1,1444,1548,1550,-1,1444,1550,1442,-1,1442,1550,1552,-1,1442,1552,1440,-1,1440,1552,1554,-1,1440,1554,1438,-1,1438,1554,1556,-1,1438,1556,1436,-1,1471,1504,1506,-1,1471,1506,1469,-1,1469,1506,1508,-1,1469,1508,1453,-1,1453,1508,1510,-1,1453,1510,1451,-1,1451,1510,1512,-1,1451,1512,1449,-1,1449,1512,1514,-1,1449,1514,1447,-1,1447,1514,1565,-1,1447,1565,1445,-1,1445,1565,1567,-1,1445,1567,1464,-1,1464,1567,1569,-1,1464,1569,1462,-1,1487,1531,1533,-1,1487,1533,1485,-1,1485,1533,1535,-1,1485,1535,1483,-1,1483,1535,1537,-1,1483,1537,1481,-1,1481,1537,1539,-1,1481,1539,1479,-1,1479,1539,1541,-1,1479,1541,1477,-1,1477,1541,1543,-1,1477,1543,1475,-1,1475,1543,1502,-1,1475,1502,1473,-1,1473,1502,1504,-1,1473,1504,1471,-1,1576,1577,1578,-1,1578,1577,1579,-1,1580,1581,1576,-1,1576,1581,1582,-1,1576,1582,1577,-1,1577,1582,1583,-1,1580,1584,1581,-1,1581,1584,1585,-1,1581,1585,1586,-1,1586,1585,1587,-1,1586,1587,1588,-1,1588,1589,1586,-1,1586,1589,1578,-1,1586,1578,1590,-1,1590,1578,1579,-1,1590,1579,1591,-1,1592,1593,1594,-1,1594,1593,1595,-1,1596,1597,1595,-1,1595,1597,1598,-1,1595,1598,1594,-1,1594,1598,1599,-1,1596,1600,1597,-1,1597,1600,1601,-1,1597,1601,1602,-1,1602,1601,1603,-1,1602,1603,1604,-1,1604,1605,1602,-1,1602,1605,1593,-1,1602,1593,1606,-1,1606,1593,1592,-1,1606,1592,1607,-1,1586,1590,1597,-1,1597,1590,1598,-1,1581,1586,1602,-1,1602,1586,1597,-1,1582,1581,1606,-1,1606,1581,1602,-1,1583,1582,1607,-1,1607,1582,1606,-1,1577,1583,1592,-1,1592,1583,1607,-1,1579,1577,1594,-1,1594,1577,1592,-1,1591,1579,1599,-1,1599,1579,1594,-1,1590,1591,1598,-1,1598,1591,1599,-1,1576,1578,1593,-1,1593,1578,1595,-1,1578,1589,1595,-1,1595,1589,1596,-1,1587,1601,1600,-1,1587,1600,1588,-1,1588,1600,1596,-1,1588,1596,1589,-1,1587,1585,1601,-1,1601,1585,1603,-1,1580,1605,1604,-1,1580,1604,1584,-1,1584,1604,1603,-1,1584,1603,1585,-1,1580,1576,1605,-1,1605,1576,1593,-1,
        ]
    }
}